SEQUENCE,label,partition,CTD_AAType_C_Aliphatic,AAC_L,DPC_LW,DPC_LH,DPC_RS,AAC_P,CTD_SideChainAromatic_D_NonAromatic_P100,DPC_PH,DPC_RH,DPC_MI,CTD_Polarity_C_Neutral,CTD_AAType_C_PolarUncharged,ASDC_skip3_HW,DPC_YC,DPC_KM,CTD_HydrophobicityIndex_C_High,AAC_M,CTD_SideChainHBond_C_Acceptor,DPC_PF,ASDC_skip1_GR,ASDC_skip3_GP,ASDC_skip1_HC,CTD_SideChainCharge_D_Neutral_P100,PAAC_corr_6,ASDC_skip2_CN,AAC_I,AAC_Q,DPC_KN,DPC_PS,CTD_Polarity_C_Nonpolar
LRGIKNYRVAVL,1,0,0.583333,0.166667,0.0,0.0,0.0,0.0,1.0,0.0,0.0,0.0,0.25,0.083333,0.0,0.0,0.0,0.5,0.0,0.166667,0.0,0.0,0.0,0.0,1.0,0.166667,0.0,0.083333,0.0,0.090909,0.0,0.416667
YQL,1,1,0.333333,0.333333,0.0,0.0,0.0,0.0,1.0,0.0,0.0,0.0,0.333333,0.333333,0.0,0.0,0.0,0.333333,0.0,0.666667,0.0,0.0,0.0,0.0,1.0,0.0,0.0,0.0,0.333333,0.0,0.0,0.333333
HGPLGPL,1,2,0.857143,0.285714,0.0,0.0,0.0,0.285714,1.0,0.0,0.0,0.0,0.714286,0.0,0.0,0.0,0.0,0.285714,0.0,0.0,0.0,0.0,0.333333,0.0,1.0,0.0,0.0,0.0,0.0,0.0,0.0,0.285714
RHV,1,3,0.333333,0.0,0.0,0.0,0.0,0.0,1.0,0.0,0.5,0.0,0.333333,0.0,0.0,0.0,0.0,0.333333,0.0,0.0,0.0,0.0,0.0,0.0,1.0,0.0,0.0,0.0,0.0,0.0,0.0,0.333333
DLGLGLPGAH,1,4,0.8,0.3,0.0,0.0,0.0,0.1,0.9,0.0,0.0,0.0,0.6,0.0,0.0,0.0,0.0,0.4,0.0,0.1,0.0,0.0,0.166667,0.0,0.9,0.0,0.0,0.0,0.0,0.0,0.0,0.3
HEKVC,1,0,0.2,0.0,0.0,0.0,0.0,0.0,1.0,0.0,0.0,0.0,0.2,0.2,0.0,0.0,0.0,0.4,0.0,0.2,0.0,0.0,0.0,0.0,1.0,0.0,0.0,0.0,0.0,0.0,0.0,0.4
YAKP,1,1,0.5,0.0,0.0,0.0,0.0,0.25,1.0,0.0,0.0,0.0,0.75,0.0,0.0,0.0,0.0,0.25,0.0,0.25,0.0,0.0,0.0,0.0,1.0,0.0,0.0,0.0,0.0,0.0,0.0,0.0
SRYPS,1,2,0.2,0.0,0.0,0.0,0.0,0.2,1.0,0.0,0.0,0.0,0.8,0.4,0.0,0.0,0.0,0.0,0.0,0.6,0.0,0.0,0.0,0.0,1.0,0.0,0.0,0.0,0.0,0.0,0.25,0.0
YLMSR,1,3,0.2,0.2,0.0,0.0,0.0,0.0,1.0,0.0,0.0,0.0,0.4,0.2,0.0,0.0,0.0,0.4,0.2,0.4,0.0,0.0,0.0,0.0,0.8,0.0,0.0,0.0,0.0,0.0,0.0,0.4
CHI,1,4,0.333333,0.0,0.0,0.0,0.0,0.0,1.0,0.0,0.0,0.0,0.333333,0.333333,0.0,0.0,0.0,0.666667,0.0,0.0,0.0,0.0,0.0,0.0,1.0,0.0,0.0,0.333333,0.0,0.0,0.0,0.666667
NRVYIHPFHLLVYS,1,0,0.428571,0.142857,0.0,0.0,0.0,0.071429,1.0,0.0,0.0,0.0,0.428571,0.142857,0.0,0.0,0.0,0.428571,0.0,0.285714,0.076923,0.0,0.0,0.0,1.0,0.0,0.0,0.071429,0.0,0.0,0.0,0.428571
ESTVPERTHPACPDFN,1,1,0.3125,0.0,0.0,0.0,0.0,0.1875,1.0,0.0,0.0,0.0,0.5,0.3125,0.0,0.0,0.0,0.25,0.0,0.4375,0.0,0.0,0.0,0.0,1.0,0.0,0.0,0.0,0.0,0.0,0.0,0.1875
AW,1,2,0.5,0.0,0.0,0.0,0.0,0.0,0.5,0.0,0.0,0.0,0.5,0.0,0.0,0.0,0.0,0.5,0.0,0.0,0.0,0.0,0.0,0.0,1.0,0.0,0.0,0.0,0.0,0.0,0.0,0.5
TCSP,1,3,0.25,0.0,0.0,0.0,0.0,0.25,1.0,0.0,0.0,0.0,0.75,0.75,0.0,0.0,0.0,0.25,0.0,0.5,0.0,0.0,0.0,0.0,1.0,0.0,0.0,0.0,0.0,0.0,0.0,0.25
PHE,1,4,0.333333,0.0,0.0,0.0,0.0,0.333333,1.0,0.5,0.0,0.0,0.666667,0.0,0.0,0.0,0.0,0.0,0.0,0.333333,0.0,0.0,0.0,0.0,0.333333,0.0,0.0,0.0,0.0,0.0,0.0,0.0
SALAM,1,0,0.6,0.2,0.0,0.0,0.0,0.0,1.0,0.0,0.0,0.0,0.6,0.2,0.0,0.0,0.0,0.8,0.2,0.2,0.0,0.0,0.0,0.0,1.0,0.0,0.0,0.0,0.0,0.0,0.0,0.4
RCMAFLLSDGAAAAQQLLPQYW,1,1,0.5,0.181818,0.0,0.0,0.0,0.045455,0.909091,0.0,0.0,0.0,0.409091,0.227273,0.0,0.0,0.0,0.545455,0.045455,0.272727,0.0,0.0,0.0,0.0,1.0,0.0,0.0,0.0,0.136364,0.0,0.0,0.363636
RYPS,1,2,0.25,0.0,0.0,0.0,0.0,0.25,1.0,0.0,0.0,0.0,0.75,0.25,0.0,0.0,0.0,0.0,0.0,0.5,0.0,0.0,0.0,0.0,1.0,0.0,0.0,0.0,0.0,0.0,0.333333,0.0
VAGTWY,1,3,0.5,0.0,0.0,0.0,0.0,0.0,0.666667,0.0,0.0,0.0,0.666667,0.166667,0.0,0.0,0.0,0.333333,0.0,0.333333,0.0,0.0,0.0,0.0,1.0,0.0,0.0,0.0,0.0,0.0,0.0,0.333333
LNGDVW,1,4,0.5,0.166667,0.0,0.0,0.0,0.0,0.833333,0.0,0.0,0.0,0.166667,0.166667,0.0,0.0,0.0,0.333333,0.0,0.333333,0.0,0.0,0.0,0.0,1.0,0.0,0.0,0.0,0.0,0.0,0.0,0.5
ISELGF,1,0,0.5,0.166667,0.0,0.0,0.0,0.0,0.833333,0.0,0.0,0.0,0.333333,0.166667,0.0,0.0,0.0,0.5,0.0,0.333333,0.0,0.0,0.0,0.0,1.0,0.0,0.0,0.166667,0.0,0.0,0.0,0.5
HFGDPFH,1,1,0.285714,0.0,0.0,0.0,0.0,0.142857,0.714286,0.0,0.0,0.0,0.571429,0.0,0.0,0.0,0.0,0.285714,0.0,0.142857,0.166667,0.0,0.0,0.0,0.857143,1.0,0.0,0.0,0.0,0.0,0.0,0.285714
EEEQVGQGYETIRARL,1,2,0.375,0.0625,0.0,0.0,0.0,0.0,1.0,0.0,0.0,0.0,0.3125,0.1875,0.0,0.0,0.0,0.25,0.0,0.5,0.0,0.0,0.0,0.0,1.0,0.0,0.0,0.0625,0.125,0.0,0.0,0.1875
PWE,1,3,0.333333,0.0,0.0,0.0,0.0,0.333333,1.0,0.0,0.0,0.0,0.333333,0.0,0.0,0.0,0.0,0.0,0.0,0.333333,0.0,0.0,0.0,0.0,0.666667,0.0,0.0,0.0,0.0,0.0,0.0,0.333333
VPVTST,1,4,0.5,0.0,0.0,0.0,0.0,0.166667,1.0,0.0,0.0,0.0,0.666667,0.5,0.0,0.0,0.0,0.333333,0.0,0.5,0.0,0.0,0.0,0.0,1.0,0.0,0.0,0.0,0.0,0.0,0.0,0.333333
MY,1,0,0.0,0.0,0.0,0.0,0.0,0.0,0.5,0.0,0.0,0.0,0.5,0.0,0.0,0.0,0.0,0.5,0.5,0.5,0.0,0.0,0.0,0.0,1.0,0.0,0.0,0.0,0.0,0.0,0.0,0.5
HEH,1,1,0.0,0.0,0.0,0.0,0.0,0.0,0.666667,0.0,0.0,0.0,0.666667,0.0,0.0,0.0,0.0,0.0,0.0,0.333333,0.0,0.0,0.0,0.0,0.0,0.0,0.0,0.0,0.0,0.0,0.0,0.0
LVSK,1,2,0.5,0.25,0.0,0.0,0.0,0.0,1.0,0.0,0.0,0.0,0.25,0.25,0.0,0.0,0.0,0.5,0.0,0.25,0.0,0.0,0.0,0.0,0.75,0.0,0.0,0.0,0.0,0.0,0.0,0.5
GLTSK,1,3,0.4,0.2,0.0,0.0,0.0,0.0,1.0,0.0,0.0,0.0,0.6,0.4,0.0,0.0,0.0,0.2,0.0,0.4,0.0,0.0,0.0,0.0,0.8,0.0,0.0,0.0,0.0,0.0,0.0,0.2
YIY,1,4,0.333333,0.0,0.0,0.0,0.0,0.0,0.666667,0.0,0.0,0.0,0.666667,0.0,0.0,0.0,0.0,0.333333,0.0,0.666667,0.0,0.0,0.0,0.0,1.0,0.0,0.0,0.333333,0.0,0.0,0.0,0.333333
RHA,1,0,0.333333,0.0,0.0,0.0,0.0,0.0,1.0,0.0,0.5,0.0,0.666667,0.0,0.0,0.0,0.0,0.333333,0.0,0.0,0.0,0.0,0.0,0.0,1.0,0.0,0.0,0.0,0.0,0.0,0.0,0.0
VIPMGL,1,1,0.833333,0.166667,0.0,0.0,0.0,0.166667,1.0,0.0,0.0,0.0,0.333333,0.0,0.0,0.0,0.0,0.666667,0.166667,0.0,0.0,0.0,0.0,0.0,1.0,0.0,0.0,0.166667,0.0,0.0,0.0,0.666667
YKY,1,2,0.0,0.0,0.0,0.0,0.0,0.0,0.666667,0.0,0.0,0.0,0.666667,0.0,0.0,0.0,0.0,0.0,0.0,0.666667,0.0,0.0,0.0,0.0,1.0,0.0,0.0,0.0,0.0,0.0,0.0,0.0
HPH,1,3,0.333333,0.0,0.0,0.0,0.0,0.333333,0.666667,0.5,0.0,0.0,1.0,0.0,0.0,0.0,0.0,0.0,0.0,0.0,0.0,0.0,0.0,0.0,0.666667,0.0,0.0,0.0,0.0,0.0,0.0,0.0
VKV,1,4,0.666667,0.0,0.0,0.0,0.0,0.0,1.0,0.0,0.0,0.0,0.0,0.0,0.0,0.0,0.0,0.666667,0.0,0.0,0.0,0.0,0.0,0.0,1.0,0.0,0.0,0.0,0.0,0.0,0.0,0.666667
RHK,1,0,0.0,0.0,0.0,0.0,0.0,0.0,1.0,0.0,0.5,0.0,0.333333,0.0,0.0,0.0,0.0,0.0,0.0,0.0,0.0,0.0,0.0,0.0,0.0,0.0,0.0,0.0,0.0,0.0,0.0,0.0
YLAGMN,1,1,0.5,0.166667,0.0,0.0,0.0,0.0,1.0,0.0,0.0,0.0,0.5,0.166667,0.0,0.0,0.0,0.5,0.166667,0.333333,0.0,0.0,0.0,0.0,1.0,0.0,0.0,0.0,0.0,0.0,0.0,0.333333
VY,1,2,0.5,0.0,0.0,0.0,0.0,0.0,0.5,0.0,0.0,0.0,0.5,0.0,0.0,0.0,0.0,0.5,0.0,0.5,0.0,0.0,0.0,0.0,1.0,0.0,0.0,0.0,0.0,0.0,0.0,0.5
NHAV,1,3,0.5,0.0,0.0,0.0,0.0,0.0,1.0,0.0,0.0,0.0,0.5,0.25,0.0,0.0,0.0,0.5,0.0,0.25,0.0,0.0,0.0,0.0,1.0,0.0,0.0,0.0,0.0,0.0,0.0,0.25
YIPIQY,1,4,0.5,0.0,0.0,0.0,0.0,0.166667,0.833333,0.0,0.0,0.0,0.5,0.166667,0.0,0.0,0.0,0.333333,0.0,0.5,0.0,0.0,0.0,0.0,1.0,0.0,0.0,0.333333,0.166667,0.0,0.0,0.333333
VECYGPNRPQF,1,0,0.363636,0.0,0.0,0.0,0.0,0.181818,0.909091,0.0,0.0,0.0,0.363636,0.272727,0.0,0.0,0.0,0.272727,0.0,0.363636,0.0,0.0,0.142857,0.0,1.0,0.0,0.0,0.0,0.090909,0.0,0.0,0.272727
ARHPHPHLSFM,1,1,0.363636,0.090909,0.0,0.0,0.0,0.181818,1.0,0.2,0.1,0.0,0.636364,0.090909,0.0,0.0,0.0,0.363636,0.090909,0.090909,0.0,0.0,0.0,0.0,1.0,0.0,0.0,0.0,0.0,0.0,0.0,0.272727
YGGFL,1,2,0.6,0.2,0.0,0.0,0.0,0.0,1.0,0.0,0.0,0.0,0.6,0.0,0.0,0.0,0.0,0.4,0.0,0.2,0.0,0.0,0.0,0.0,1.0,0.0,0.0,0.0,0.0,0.0,0.0,0.4
FFGFN,1,3,0.2,0.0,0.0,0.0,0.0,0.0,1.0,0.0,0.0,0.0,0.2,0.2,0.0,0.0,0.0,0.6,0.0,0.2,0.0,0.0,0.0,0.0,1.0,0.0,0.0,0.0,0.0,0.0,0.0,0.6
PWS,1,4,0.333333,0.0,0.0,0.0,0.0,0.333333,1.0,0.0,0.0,0.0,0.666667,0.333333,0.0,0.0,0.0,0.0,0.0,0.333333,0.0,0.0,0.0,0.0,1.0,0.0,0.0,0.0,0.0,0.0,0.0,0.333333
HLPH,1,0,0.5,0.25,0.0,0.0,0.0,0.25,0.75,0.333333,0.0,0.0,0.75,0.0,0.0,0.0,0.0,0.25,0.0,0.0,0.0,0.0,0.0,0.0,0.75,0.0,0.0,0.0,0.0,0.0,0.0,0.25
PKLPPVKK,1,1,0.625,0.125,0.0,0.0,0.0,0.375,1.0,0.0,0.0,0.0,0.375,0.0,0.0,0.0,0.0,0.25,0.0,0.0,0.0,0.0,0.0,0.0,0.75,0.5,0.0,0.0,0.0,0.0,0.0,0.25
KDVPP,1,2,0.6,0.0,0.0,0.0,0.0,0.4,1.0,0.0,0.0,0.0,0.4,0.0,0.0,0.0,0.0,0.2,0.0,0.2,0.0,0.0,0.0,0.0,1.0,0.0,0.0,0.0,0.0,0.0,0.0,0.2
CLV,1,3,0.666667,0.333333,0.0,0.0,0.0,0.0,1.0,0.0,0.0,0.0,0.0,0.333333,0.0,0.0,0.0,1.0,0.0,0.0,0.0,0.0,0.0,0.0,1.0,0.0,0.0,0.0,0.0,0.0,0.0,1.0
RYLGY,1,4,0.4,0.2,0.0,0.0,0.0,0.0,0.8,0.0,0.0,0.0,0.6,0.0,0.0,0.0,0.0,0.2,0.0,0.4,0.0,0.0,0.0,0.0,1.0,0.0,0.0,0.0,0.0,0.0,0.0,0.2
RWA,1,0,0.333333,0.0,0.0,0.0,0.0,0.0,1.0,0.0,0.0,0.0,0.333333,0.0,0.0,0.0,0.0,0.333333,0.0,0.0,0.0,0.0,0.0,0.0,1.0,0.0,0.0,0.0,0.0,0.0,0.0,0.333333
WG,1,1,0.5,0.0,0.0,0.0,0.0,0.0,1.0,0.0,0.0,0.0,0.5,0.0,0.0,0.0,0.0,0.0,0.0,0.0,0.0,0.0,0.0,0.0,1.0,0.0,0.0,0.0,0.0,0.0,0.0,0.5
DLEE,1,2,0.25,0.25,0.0,0.0,0.0,0.0,1.0,0.0,0.0,0.0,0.0,0.0,0.0,0.0,0.0,0.25,0.0,0.75,0.0,0.0,0.0,0.0,0.5,0.0,0.0,0.0,0.0,0.0,0.0,0.25
SIITMTKEAKLPQLWKQIACRLYNTC,1,3,0.346154,0.115385,0.04,0.0,0.0,0.038462,1.0,0.0,0.0,0.0,0.307692,0.346154,0.0,0.0,0.0,0.423077,0.038462,0.346154,0.0,0.0,0.0,0.0,1.0,0.1,0.0,0.115385,0.076923,0.0,0.0,0.384615
LWI,1,4,0.666667,0.333333,0.5,0.0,0.0,0.0,1.0,0.0,0.0,0.0,0.0,0.0,0.0,0.0,0.0,0.666667,0.0,0.0,0.0,0.0,0.0,0.0,1.0,0.0,0.0,0.333333,0.0,0.0,0.0,1.0
TEVWDSNEQ,1,0,0.111111,0.0,0.0,0.0,0.0,0.0,1.0,0.0,0.0,0.0,0.222222,0.444444,0.0,0.0,0.0,0.111111,0.0,0.777778,0.0,0.0,0.0,0.0,1.0,0.333333,0.0,0.0,0.111111,0.0,0.0,0.222222
RHW,1,1,0.0,0.0,0.0,0.0,0.0,0.0,0.333333,0.0,0.5,0.0,0.333333,0.0,0.0,0.0,0.0,0.0,0.0,0.0,0.0,0.0,0.0,0.0,1.0,0.0,0.0,0.0,0.0,0.0,0.0,0.333333
CAQ,1,2,0.333333,0.0,0.0,0.0,0.0,0.0,1.0,0.0,0.0,0.0,0.333333,0.666667,0.0,0.0,0.0,0.666667,0.0,0.333333,0.0,0.0,0.0,0.0,1.0,0.0,0.0,0.0,0.333333,0.0,0.0,0.333333
AWDPE,1,3,0.4,0.0,0.0,0.0,0.0,0.2,1.0,0.0,0.0,0.0,0.4,0.0,0.0,0.0,0.0,0.2,0.0,0.4,0.0,0.0,0.0,0.0,0.8,0.0,0.0,0.0,0.0,0.0,0.0,0.2
QLGNLGV,1,4,0.714286,0.285714,0.0,0.0,0.0,0.0,1.0,0.0,0.0,0.0,0.285714,0.285714,0.0,0.0,0.0,0.428571,0.0,0.285714,0.0,0.0,0.0,0.0,1.0,0.0,0.0,0.0,0.142857,0.0,0.0,0.428571
AADNANELFPPN,1,0,0.5,0.083333,0.0,0.0,0.0,0.166667,1.0,0.0,0.0,0.0,0.416667,0.25,0.0,0.0,0.0,0.416667,0.0,0.416667,0.0,0.0,0.0,0.0,1.0,0.166667,0.0,0.0,0.0,0.0,0.0,0.166667
DHTKE,1,1,0.0,0.0,0.0,0.0,0.0,0.0,1.0,0.0,0.0,0.0,0.4,0.2,0.0,0.0,0.0,0.0,0.0,0.6,0.0,0.0,0.0,0.0,0.6,0.0,0.0,0.0,0.0,0.0,0.0,0.0
GFRGTIGLVG,1,2,0.7,0.1,0.0,0.0,0.0,0.0,1.0,0.0,0.0,0.0,0.5,0.1,0.0,0.0,0.0,0.4,0.0,0.1,0.0,0.125,0.0,0.0,1.0,0.5,0.0,0.1,0.0,0.0,0.0,0.4
GEGSGA,1,3,0.666667,0.0,0.0,0.0,0.0,0.0,1.0,0.0,0.0,0.0,0.833333,0.166667,0.0,0.0,0.0,0.166667,0.0,0.333333,0.0,0.0,0.0,0.0,1.0,0.0,0.0,0.0,0.0,0.0,0.0,0.0
RADHP,1,4,0.4,0.0,0.0,0.0,0.0,0.2,1.0,0.0,0.0,0.0,0.6,0.0,0.0,0.0,0.0,0.2,0.0,0.2,0.0,0.0,0.0,0.0,1.0,0.0,0.0,0.0,0.0,0.0,0.0,0.0
PWA,1,0,0.666667,0.0,0.0,0.0,0.0,0.333333,1.0,0.0,0.0,0.0,0.666667,0.0,0.0,0.0,0.0,0.333333,0.0,0.0,0.0,0.0,0.0,0.0,1.0,0.0,0.0,0.0,0.0,0.0,0.0,0.333333
HFH,1,1,0.0,0.0,0.0,0.0,0.0,0.0,0.0,0.0,0.0,0.0,0.666667,0.0,0.0,0.0,0.0,0.333333,0.0,0.0,0.0,0.0,0.0,0.0,0.666667,0.0,0.0,0.0,0.0,0.0,0.0,0.333333
FVAPAGTINY,1,2,0.6,0.0,0.0,0.0,0.0,0.1,0.9,0.0,0.0,0.0,0.6,0.2,0.0,0.0,0.0,0.5,0.0,0.3,0.0,0.0,0.0,0.0,1.0,0.0,0.0,0.1,0.0,0.0,0.0,0.3
WYT,1,3,0.0,0.0,0.0,0.0,0.0,0.0,1.0,0.0,0.0,0.0,0.666667,0.333333,0.0,0.0,0.0,0.0,0.0,0.666667,0.0,0.0,0.0,0.0,1.0,0.0,0.0,0.0,0.0,0.0,0.0,0.333333
FLKPLFNAALKLLP,1,4,0.642857,0.357143,0.0,0.0,0.0,0.142857,1.0,0.0,0.0,0.0,0.285714,0.071429,0.0,0.0,0.0,0.642857,0.0,0.071429,0.0,0.0,0.0,0.0,1.0,0.0,0.0,0.0,0.0,0.0,0.0,0.5
YSY,1,0,0.0,0.0,0.0,0.0,0.0,0.0,0.666667,0.0,0.0,0.0,1.0,0.333333,0.0,0.0,0.0,0.0,0.0,1.0,0.0,0.0,0.0,0.0,1.0,0.0,0.0,0.0,0.0,0.0,0.0,0.0
LHW,1,1,0.333333,0.333333,0.0,0.5,0.0,0.0,0.333333,0.0,0.0,0.0,0.333333,0.0,0.0,0.0,0.0,0.333333,0.0,0.0,0.0,0.0,0.0,0.0,1.0,0.0,0.0,0.0,0.0,0.0,0.0,0.666667
DGVVYY,1,2,0.5,0.0,0.0,0.0,0.0,0.0,0.666667,0.0,0.0,0.0,0.5,0.0,0.0,0.0,0.0,0.333333,0.0,0.5,0.0,0.0,0.0,0.0,1.0,0.0,0.0,0.0,0.0,0.0,0.0,0.333333
VPSIDDQEELM,1,3,0.363636,0.090909,0.0,0.0,0.0,0.090909,1.0,0.0,0.0,0.0,0.181818,0.181818,0.0,0.0,0.0,0.363636,0.090909,0.545455,0.0,0.0,0.0,0.0,1.0,0.0,0.0,0.090909,0.090909,0.0,0.1,0.363636
AAVGGYRVAVL,1,4,0.818182,0.090909,0.0,0.0,0.0,0.0,1.0,0.0,0.0,0.0,0.545455,0.0,0.0,0.0,0.0,0.636364,0.0,0.090909,0.0,0.111111,0.0,0.0,1.0,0.0,0.0,0.0,0.0,0.0,0.0,0.363636
LVDTGRGPIMY,1,0,0.545455,0.090909,0.0,0.0,0.0,0.090909,0.909091,0.0,0.0,0.0,0.454545,0.090909,0.0,0.0,0.0,0.363636,0.090909,0.272727,0.0,0.0,0.0,0.0,1.0,0.0,0.0,0.090909,0.0,0.0,0.0,0.363636
MK,1,1,0.0,0.0,0.0,0.0,0.0,0.0,1.0,0.0,0.0,0.0,0.0,0.0,0.0,0.0,0.0,0.5,0.5,0.0,0.0,0.0,0.0,0.0,0.5,0.0,0.0,0.0,0.0,0.0,0.0,0.5
AMTGLDA,1,2,0.571429,0.142857,0.0,0.0,0.0,0.0,1.0,0.0,0.0,0.0,0.571429,0.142857,0.0,0.0,0.0,0.571429,0.142857,0.285714,0.0,0.0,0.0,0.0,1.0,1.0,0.0,0.0,0.0,0.0,0.0,0.285714
SVEIQALCDM,1,3,0.4,0.1,0.0,0.0,0.0,0.0,1.0,0.0,0.0,0.0,0.2,0.3,0.0,0.0,0.0,0.6,0.1,0.4,0.0,0.0,0.0,0.0,1.0,0.0,0.0,0.1,0.1,0.0,0.0,0.5
RADHPFL,1,4,0.428571,0.142857,0.0,0.0,0.0,0.142857,1.0,0.0,0.0,0.0,0.428571,0.0,0.0,0.0,0.0,0.428571,0.0,0.142857,0.166667,0.0,0.0,0.0,1.0,0.0,0.0,0.0,0.0,0.0,0.0,0.285714
PNRPQF,1,0,0.333333,0.0,0.0,0.0,0.0,0.333333,0.833333,0.0,0.0,0.0,0.333333,0.333333,0.0,0.0,0.0,0.166667,0.0,0.333333,0.0,0.0,0.0,0.0,1.0,0.0,0.0,0.0,0.166667,0.0,0.0,0.166667
PIAAEVYEHTEGSTTSY,1,1,0.352941,0.0,0.0,0.0,0.0,0.058824,0.941176,0.0,0.0,0.0,0.705882,0.294118,0.0,0.0,0.0,0.235294,0.0,0.588235,0.0,0.0,0.0,0.0,1.0,0.090909,0.0,0.058824,0.0,0.0,0.0,0.117647
TSQLLSDQ,1,2,0.25,0.25,0.0,0.0,0.0,0.0,1.0,0.0,0.0,0.0,0.375,0.625,0.0,0.0,0.0,0.25,0.0,0.75,0.0,0.0,0.0,0.0,1.0,0.0,0.0,0.0,0.25,0.0,0.0,0.25
VAWRNRCKGTD,1,3,0.272727,0.0,0.0,0.0,0.0,0.0,1.0,0.0,0.0,0.0,0.272727,0.272727,0.0,0.0,0.0,0.272727,0.0,0.272727,0.0,0.0,0.0,0.0,0.909091,0.0,0.0,0.0,0.0,0.0,0.0,0.272727
FKK,1,4,0.0,0.0,0.0,0.0,0.0,0.0,1.0,0.0,0.0,0.0,0.0,0.0,0.0,0.0,0.0,0.333333,0.0,0.0,0.0,0.0,0.0,0.0,0.333333,0.0,0.0,0.0,0.0,0.0,0.0,0.333333
MILMR,1,0,0.4,0.2,0.0,0.0,0.0,0.0,1.0,0.0,0.0,0.25,0.0,0.0,0.0,0.0,0.0,0.8,0.4,0.0,0.0,0.0,0.0,0.0,0.8,0.0,0.0,0.2,0.0,0.0,0.0,0.8
DDPDKGMLKWKNDFFQEF,1,1,0.166667,0.055556,0.0,0.0,0.0,0.055556,0.944444,0.0,0.0,0.0,0.111111,0.111111,0.0,0.0,0.0,0.277778,0.055556,0.388889,0.0,0.0,0.0,0.0,1.0,0.083333,0.0,0.0,0.055556,0.058824,0.0,0.333333
GTQY,1,2,0.25,0.0,0.0,0.0,0.0,0.0,0.75,0.0,0.0,0.0,0.75,0.5,0.0,0.0,0.0,0.0,0.0,0.75,0.0,0.0,0.0,0.0,1.0,0.0,0.0,0.0,0.25,0.0,0.0,0.0
RPNYTDA,1,3,0.285714,0.0,0.0,0.0,0.0,0.142857,1.0,0.0,0.0,0.0,0.571429,0.285714,0.0,0.0,0.0,0.142857,0.0,0.571429,0.0,0.0,0.0,0.0,1.0,0.0,0.0,0.0,0.0,0.0,0.0,0.0
MQFHT,1,4,0.0,0.0,0.0,0.0,0.0,0.0,1.0,0.0,0.0,0.0,0.4,0.4,0.0,0.0,0.0,0.4,0.2,0.4,0.0,0.0,0.0,0.0,1.0,0.0,0.0,0.0,0.2,0.0,0.0,0.4
LWQ,1,0,0.333333,0.333333,0.5,0.0,0.0,0.0,1.0,0.0,0.0,0.0,0.0,0.333333,0.0,0.0,0.0,0.333333,0.0,0.333333,0.0,0.0,0.0,0.0,1.0,0.0,0.0,0.0,0.333333,0.0,0.0,0.666667
KTFCGRH,1,1,0.142857,0.0,0.0,0.0,0.0,0.0,0.857143,0.0,0.166667,0.0,0.428571,0.285714,0.0,0.0,0.0,0.285714,0.0,0.142857,0.0,0.0,0.0,0.0,0.714286,0.0,0.0,0.0,0.0,0.0,0.0,0.285714
LHQ,1,2,0.333333,0.333333,0.0,0.5,0.0,0.0,1.0,0.0,0.0,0.0,0.333333,0.333333,0.0,0.0,0.0,0.333333,0.0,0.333333,0.0,0.0,0.0,0.0,1.0,0.0,0.0,0.0,0.333333,0.0,0.0,0.333333
PWH,1,3,0.333333,0.0,0.0,0.0,0.0,0.333333,0.333333,0.0,0.0,0.0,0.666667,0.0,0.0,0.0,0.0,0.0,0.0,0.0,0.0,0.0,0.0,0.0,0.666667,0.0,0.0,0.0,0.0,0.0,0.0,0.333333
PLHH,1,4,0.5,0.25,0.0,0.333333,0.0,0.25,0.5,0.0,0.0,0.0,0.75,0.0,0.0,0.0,0.0,0.25,0.0,0.0,0.0,0.0,0.0,0.0,0.5,0.0,0.0,0.0,0.0,0.0,0.0,0.25
IKL,1,0,0.666667,0.333333,0.0,0.0,0.0,0.0,1.0,0.0,0.0,0.0,0.0,0.0,0.0,0.0,0.0,0.666667,0.0,0.0,0.0,0.0,0.0,0.0,1.0,0.0,0.0,0.333333,0.0,0.0,0.0,0.666667
GQVPP,1,1,0.8,0.0,0.0,0.0,0.0,0.4,1.0,0.0,0.0,0.0,0.6,0.2,0.0,0.0,0.0,0.2,0.0,0.2,0.0,0.0,1.0,0.0,1.0,0.0,0.0,0.0,0.2,0.0,0.0,0.2
HDH,1,2,0.0,0.0,0.0,0.0,0.0,0.0,0.666667,0.0,0.0,0.0,0.666667,0.0,0.0,0.0,0.0,0.0,0.0,0.333333,0.0,0.0,0.0,0.0,0.0,0.0,0.0,0.0,0.0,0.0,0.0,0.0
WEGPK,1,3,0.4,0.0,0.0,0.0,0.0,0.2,1.0,0.0,0.0,0.0,0.4,0.0,0.0,0.0,0.0,0.0,0.0,0.2,0.0,0.0,0.0,0.0,0.8,0.0,0.0,0.0,0.0,0.0,0.0,0.2
FVPH,1,4,0.5,0.0,0.0,0.0,0.0,0.25,0.75,0.333333,0.0,0.0,0.5,0.0,0.0,0.0,0.0,0.5,0.0,0.0,0.0,0.0,0.0,0.0,0.75,0.0,0.0,0.0,0.0,0.0,0.0,0.5
IKK,1,0,0.333333,0.0,0.0,0.0,0.0,0.0,1.0,0.0,0.0,0.0,0.0,0.0,0.0,0.0,0.0,0.333333,0.0,0.0,0.0,0.0,0.0,0.0,0.333333,0.0,0.0,0.333333,0.0,0.0,0.0,0.333333
HQIYPV,1,1,0.5,0.0,0.0,0.0,0.0,0.166667,1.0,0.0,0.0,0.0,0.5,0.166667,0.0,0.0,0.0,0.333333,0.0,0.333333,0.0,0.0,0.0,0.0,1.0,0.0,0.0,0.166667,0.166667,0.0,0.0,0.333333
PWW,1,2,0.333333,0.0,0.0,0.0,0.0,0.333333,0.333333,0.0,0.0,0.0,0.333333,0.0,0.0,0.0,0.0,0.0,0.0,0.0,0.0,0.0,0.0,0.0,1.0,0.0,0.0,0.0,0.0,0.0,0.0,0.666667
PYVRYL,1,3,0.5,0.166667,0.0,0.0,0.0,0.166667,1.0,0.0,0.0,0.0,0.5,0.0,0.0,0.0,0.0,0.333333,0.0,0.333333,0.0,0.0,0.0,0.0,1.0,0.0,0.0,0.0,0.0,0.0,0.0,0.333333
HVRETALV,1,4,0.5,0.125,0.0,0.0,0.0,0.0,1.0,0.0,0.0,0.0,0.375,0.125,0.0,0.0,0.0,0.5,0.0,0.25,0.0,0.0,0.0,0.0,1.0,0.5,0.0,0.0,0.0,0.0,0.0,0.375
RHD,1,0,0.0,0.0,0.0,0.0,0.0,0.0,1.0,0.0,0.5,0.0,0.333333,0.0,0.0,0.0,0.0,0.0,0.0,0.333333,0.0,0.0,0.0,0.0,0.0,0.0,0.0,0.0,0.0,0.0,0.0,0.0
PWY,1,1,0.333333,0.0,0.0,0.0,0.0,0.333333,0.333333,0.0,0.0,0.0,0.666667,0.0,0.0,0.0,0.0,0.0,0.0,0.333333,0.0,0.0,0.0,0.0,1.0,0.0,0.0,0.0,0.0,0.0,0.0,0.333333
QYY,1,2,0.0,0.0,0.0,0.0,0.0,0.0,0.333333,0.0,0.0,0.0,0.666667,0.333333,0.0,0.0,0.0,0.0,0.0,1.0,0.0,0.0,0.0,0.0,1.0,0.0,0.0,0.0,0.333333,0.0,0.0,0.0
QCH,1,3,0.0,0.0,0.0,0.0,0.0,0.0,0.666667,0.0,0.0,0.0,0.333333,0.666667,0.0,0.0,0.0,0.333333,0.0,0.333333,0.0,0.0,0.0,0.0,0.666667,0.0,0.0,0.0,0.333333,0.0,0.0,0.333333
ISELGW,1,4,0.5,0.166667,0.0,0.0,0.0,0.0,0.833333,0.0,0.0,0.0,0.333333,0.166667,0.0,0.0,0.0,0.333333,0.0,0.333333,0.0,0.0,0.0,0.0,1.0,0.0,0.0,0.166667,0.0,0.0,0.0,0.5
PVMGA,1,0,0.8,0.0,0.0,0.0,0.0,0.2,1.0,0.0,0.0,0.0,0.6,0.0,0.0,0.0,0.0,0.6,0.2,0.0,0.0,0.0,0.0,0.0,1.0,0.0,0.0,0.0,0.0,0.0,0.0,0.4
PSLVGRPPVGKLTL,1,1,0.714286,0.214286,0.0,0.0,0.0,0.214286,1.0,0.0,0.0,0.0,0.5,0.142857,0.0,0.0,0.0,0.357143,0.0,0.142857,0.0,0.0,0.0,0.0,1.0,0.125,0.0,0.0,0.0,0.0,0.076923,0.357143
WNIP,1,2,0.5,0.0,0.0,0.0,0.0,0.25,1.0,0.0,0.0,0.0,0.25,0.25,0.0,0.0,0.0,0.25,0.0,0.25,0.0,0.0,0.0,0.0,1.0,0.0,0.0,0.25,0.0,0.0,0.0,0.5
VCSV,1,3,0.5,0.0,0.0,0.0,0.0,0.0,1.0,0.0,0.0,0.0,0.25,0.5,0.0,0.0,0.0,0.75,0.0,0.25,0.0,0.0,0.0,0.0,1.0,0.0,0.0,0.0,0.0,0.0,0.0,0.75
NYKQM,1,4,0.0,0.0,0.0,0.0,0.0,0.0,1.0,0.0,0.0,0.0,0.2,0.4,0.0,0.0,0.0,0.2,0.2,0.6,0.0,0.0,0.0,0.0,1.0,0.0,0.0,0.0,0.2,0.0,0.0,0.2
YLG,1,0,0.666667,0.333333,0.0,0.0,0.0,0.0,1.0,0.0,0.0,0.0,0.666667,0.0,0.0,0.0,0.0,0.333333,0.0,0.333333,0.0,0.0,0.0,0.0,1.0,0.0,0.0,0.0,0.0,0.0,0.0,0.333333
DEDTQAMP,1,1,0.25,0.0,0.0,0.0,0.0,0.125,1.0,0.0,0.0,0.0,0.375,0.25,0.0,0.0,0.0,0.25,0.125,0.625,0.0,0.0,0.0,0.0,1.0,0.0,0.0,0.0,0.125,0.0,0.0,0.125
VNPHDHQN,1,2,0.25,0.0,0.0,0.0,0.0,0.125,1.0,0.142857,0.0,0.0,0.375,0.375,0.0,0.0,0.0,0.125,0.0,0.5,0.0,0.0,0.0,0.0,1.0,0.5,0.0,0.0,0.125,0.0,0.0,0.125
TIASGEP,1,3,0.571429,0.0,0.0,0.0,0.0,0.142857,1.0,0.0,0.0,0.0,0.714286,0.285714,0.0,0.0,0.0,0.285714,0.0,0.428571,0.0,0.0,0.0,0.0,1.0,0.0,0.0,0.142857,0.0,0.0,0.0,0.142857
LMGQW,1,4,0.4,0.2,0.0,0.0,0.0,0.0,0.8,0.0,0.0,0.0,0.2,0.2,0.0,0.0,0.0,0.4,0.2,0.2,0.0,0.0,0.0,0.0,1.0,0.0,0.0,0.0,0.2,0.0,0.0,0.6
LLPHHADADY,1,0,0.5,0.2,0.0,0.0,0.0,0.1,0.9,0.111111,0.0,0.0,0.6,0.0,0.0,0.0,0.0,0.4,0.0,0.3,0.0,0.0,0.0,0.0,1.0,0.0,0.0,0.0,0.0,0.0,0.0,0.2
KVLPVPQK,1,1,0.625,0.125,0.0,0.0,0.0,0.25,1.0,0.0,0.0,0.0,0.25,0.125,0.0,0.0,0.0,0.375,0.0,0.125,0.0,0.0,0.0,0.0,0.875,0.0,0.0,0.0,0.125,0.0,0.0,0.375
HLPLPL,1,2,0.833333,0.5,0.0,0.0,0.0,0.333333,1.0,0.0,0.0,0.0,0.5,0.0,0.0,0.0,0.0,0.5,0.0,0.0,0.0,0.0,0.0,0.0,1.0,0.0,0.0,0.0,0.0,0.0,0.0,0.5
RPPGFSPFR,1,3,0.444444,0.0,0.0,0.0,0.0,0.333333,1.0,0.0,0.0,0.0,0.555556,0.111111,0.0,0.0,0.0,0.222222,0.0,0.111111,0.125,0.0,0.0,0.0,0.888889,0.0,0.0,0.0,0.0,0.0,0.0,0.222222
PWT,1,4,0.333333,0.0,0.0,0.0,0.0,0.333333,1.0,0.0,0.0,0.0,0.666667,0.333333,0.0,0.0,0.0,0.0,0.0,0.333333,0.0,0.0,0.0,0.0,1.0,0.0,0.0,0.0,0.0,0.0,0.0,0.333333
AWIRGCRL,1,0,0.5,0.125,0.0,0.0,0.0,0.0,1.0,0.0,0.0,0.0,0.25,0.125,0.0,0.0,0.0,0.5,0.0,0.0,0.0,0.166667,0.0,0.0,1.0,0.0,0.0,0.125,0.0,0.0,0.0,0.5
YQKFPQY,1,1,0.142857,0.0,0.0,0.0,0.0,0.142857,0.857143,0.0,0.0,0.0,0.428571,0.285714,0.0,0.0,0.0,0.142857,0.0,0.571429,0.0,0.0,0.0,0.0,1.0,1.0,0.0,0.0,0.285714,0.0,0.0,0.142857
VLEANPRSF,1,2,0.444444,0.111111,0.0,0.0,0.125,0.111111,0.888889,0.0,0.0,0.0,0.333333,0.222222,0.0,0.0,0.0,0.444444,0.0,0.333333,0.0,0.0,0.0,0.0,1.0,0.0,0.0,0.0,0.0,0.0,0.0,0.333333
ESTTVPERTHPACPDFN,1,3,0.294118,0.0,0.0,0.0,0.0,0.176471,1.0,0.0,0.0,0.0,0.529412,0.352941,0.0,0.0,0.0,0.235294,0.0,0.470588,0.0,0.0,0.0,0.0,1.0,0.181818,0.0,0.0,0.0,0.0,0.0,0.176471
WDDMEK,1,4,0.0,0.0,0.0,0.0,0.0,0.0,1.0,0.0,0.0,0.0,0.0,0.0,0.0,0.0,0.0,0.166667,0.166667,0.5,0.0,0.0,0.0,0.0,0.666667,0.0,0.0,0.0,0.0,0.0,0.0,0.333333
EWPAQ,1,0,0.4,0.0,0.0,0.0,0.0,0.2,1.0,0.0,0.0,0.0,0.4,0.2,0.0,0.0,0.0,0.2,0.0,0.4,0.0,0.0,0.0,0.0,1.0,0.0,0.0,0.0,0.2,0.0,0.0,0.2
GPLGLLGFLGPLGLS,1,1,0.866667,0.4,0.0,0.0,0.0,0.133333,1.0,0.0,0.0,0.0,0.533333,0.066667,0.0,0.0,0.0,0.466667,0.0,0.066667,0.0,0.0,0.090909,0.0,1.0,0.555556,0.0,0.0,0.0,0.0,0.0,0.466667
NEN,1,2,0.0,0.0,0.0,0.0,0.0,0.0,1.0,0.0,0.0,0.0,0.0,0.666667,0.0,0.0,0.0,0.0,0.0,1.0,0.0,0.0,0.0,0.0,1.0,0.0,0.0,0.0,0.0,0.0,0.0,0.0
YQY,1,3,0.0,0.0,0.0,0.0,0.0,0.0,0.666667,0.0,0.0,0.0,0.666667,0.333333,0.0,0.0,0.0,0.0,0.0,1.0,0.0,0.0,0.0,0.0,1.0,0.0,0.0,0.0,0.333333,0.0,0.0,0.0
RNDDLNYIQ,1,4,0.222222,0.111111,0.0,0.0,0.0,0.0,1.0,0.0,0.0,0.0,0.111111,0.333333,0.0,0.0,0.0,0.222222,0.0,0.666667,0.0,0.0,0.0,0.0,1.0,0.0,0.0,0.111111,0.111111,0.0,0.0,0.222222
PMDYMVT,1,0,0.285714,0.0,0.0,0.0,0.0,0.142857,1.0,0.0,0.0,0.0,0.428571,0.142857,0.0,0.0,0.0,0.428571,0.285714,0.428571,0.0,0.0,0.0,0.0,1.0,0.0,0.0,0.0,0.0,0.0,0.0,0.428571
YVY,1,1,0.333333,0.0,0.0,0.0,0.0,0.0,0.666667,0.0,0.0,0.0,0.666667,0.0,0.0,0.0,0.0,0.333333,0.0,0.666667,0.0,0.0,0.0,0.0,1.0,0.0,0.0,0.0,0.0,0.0,0.0,0.333333
WRNRCKGTD,1,2,0.111111,0.0,0.0,0.0,0.0,0.0,1.0,0.0,0.0,0.0,0.222222,0.333333,0.0,0.0,0.0,0.111111,0.0,0.333333,0.0,0.0,0.0,0.0,0.888889,0.0,0.0,0.0,0.0,0.0,0.0,0.222222
LLPHH,1,3,0.6,0.4,0.0,0.0,0.0,0.2,0.6,0.25,0.0,0.0,0.6,0.0,0.0,0.0,0.0,0.4,0.0,0.0,0.0,0.0,0.0,0.0,0.6,0.0,0.0,0.0,0.0,0.0,0.0,0.4
LHPH,1,4,0.5,0.25,0.0,0.333333,0.0,0.25,0.75,0.333333,0.0,0.0,0.75,0.0,0.0,0.0,0.0,0.25,0.0,0.0,0.0,0.0,0.0,0.0,0.75,0.0,0.0,0.0,0.0,0.0,0.0,0.25
LHS,1,0,0.333333,0.333333,0.0,0.5,0.0,0.0,1.0,0.0,0.0,0.0,0.666667,0.333333,0.0,0.0,0.0,0.333333,0.0,0.333333,0.0,0.0,0.0,0.0,1.0,0.0,0.0,0.0,0.0,0.0,0.0,0.333333
YNI,1,1,0.333333,0.0,0.0,0.0,0.0,0.0,1.0,0.0,0.0,0.0,0.333333,0.333333,0.0,0.0,0.0,0.333333,0.0,0.666667,0.0,0.0,0.0,0.0,1.0,0.0,0.0,0.333333,0.0,0.0,0.0,0.333333
YGYTGA,1,2,0.5,0.0,0.0,0.0,0.0,0.0,1.0,0.0,0.0,0.0,1.0,0.166667,0.0,0.0,0.0,0.166667,0.0,0.5,0.0,0.0,0.0,0.0,1.0,0.0,0.0,0.0,0.0,0.0,0.0,0.0
WYSLA,1,3,0.4,0.2,0.0,0.0,0.0,0.0,1.0,0.0,0.0,0.0,0.6,0.2,0.0,0.0,0.0,0.4,0.0,0.4,0.0,0.0,0.0,0.0,1.0,0.0,0.0,0.0,0.0,0.0,0.0,0.4
VHHANEN,1,4,0.285714,0.0,0.0,0.0,0.0,0.0,1.0,0.0,0.0,0.0,0.428571,0.285714,0.0,0.0,0.0,0.285714,0.0,0.428571,0.0,0.0,0.0,0.0,1.0,0.0,0.0,0.0,0.0,0.0,0.0,0.142857
VIPAGYP,1,0,0.857143,0.0,0.0,0.0,0.0,0.285714,1.0,0.0,0.0,0.0,0.714286,0.0,0.0,0.0,0.0,0.428571,0.0,0.142857,0.0,0.0,0.0,0.0,1.0,0.0,0.0,0.142857,0.0,0.0,0.0,0.285714
YPPAK,1,1,0.6,0.0,0.0,0.0,0.0,0.4,1.0,0.0,0.0,0.0,0.8,0.0,0.0,0.0,0.0,0.2,0.0,0.2,0.0,0.0,0.0,0.0,0.8,0.0,0.0,0.0,0.0,0.0,0.0,0.0
DVPPYM,1,2,0.5,0.0,0.0,0.0,0.0,0.333333,1.0,0.0,0.0,0.0,0.5,0.0,0.0,0.0,0.0,0.333333,0.166667,0.333333,0.0,0.0,0.0,0.0,1.0,0.0,0.0,0.0,0.0,0.0,0.0,0.333333
YYV,1,3,0.333333,0.0,0.0,0.0,0.0,0.0,1.0,0.0,0.0,0.0,0.666667,0.0,0.0,0.0,0.0,0.333333,0.0,0.666667,0.0,0.0,0.0,0.0,1.0,0.0,0.0,0.0,0.0,0.0,0.0,0.333333
PSHDAHPE,1,4,0.375,0.0,0.0,0.0,0.0,0.25,1.0,0.0,0.0,0.0,0.75,0.125,0.0,0.0,0.0,0.125,0.0,0.375,0.0,0.0,0.0,0.0,0.875,0.5,0.0,0.0,0.0,0.0,0.142857,0.0
GALAAH,1,0,0.833333,0.166667,0.0,0.0,0.0,0.0,0.833333,0.0,0.0,0.0,0.833333,0.0,0.0,0.0,0.0,0.666667,0.0,0.0,0.0,0.0,0.0,0.0,0.833333,0.0,0.0,0.0,0.0,0.0,0.0,0.166667
LMSYMWSTSM,1,1,0.1,0.1,0.0,0.0,0.0,0.0,1.0,0.0,0.0,0.0,0.5,0.4,0.0,0.0,0.0,0.4,0.3,0.5,0.0,0.0,0.0,0.0,1.0,0.25,0.0,0.0,0.0,0.0,0.0,0.5
ADF,1,2,0.333333,0.0,0.0,0.0,0.0,0.0,0.666667,0.0,0.0,0.0,0.333333,0.0,0.0,0.0,0.0,0.666667,0.0,0.333333,0.0,0.0,0.0,0.0,1.0,0.0,0.0,0.0,0.0,0.0,0.0,0.333333
AGGF,1,3,0.75,0.0,0.0,0.0,0.0,0.0,0.75,0.0,0.0,0.0,0.75,0.0,0.0,0.0,0.0,0.5,0.0,0.0,0.0,0.0,0.0,0.0,1.0,0.0,0.0,0.0,0.0,0.0,0.0,0.25
NGPLQAGQPGER,1,4,0.583333,0.083333,0.0,0.0,0.0,0.166667,1.0,0.0,0.0,0.0,0.5,0.25,0.0,0.0,0.0,0.166667,0.0,0.333333,0.0,0.1,0.0,0.0,0.833333,0.166667,0.0,0.0,0.166667,0.0,0.0,0.083333
LWY,1,0,0.333333,0.333333,0.5,0.0,0.0,0.0,0.333333,0.0,0.0,0.0,0.333333,0.0,0.0,0.0,0.0,0.333333,0.0,0.333333,0.0,0.0,0.0,0.0,1.0,0.0,0.0,0.0,0.0,0.0,0.0,0.666667
YPI,1,1,0.666667,0.0,0.0,0.0,0.0,0.333333,1.0,0.0,0.0,0.0,0.666667,0.0,0.0,0.0,0.0,0.333333,0.0,0.333333,0.0,0.0,0.0,0.0,1.0,0.0,0.0,0.333333,0.0,0.0,0.0,0.333333
PSKYEPFV,1,2,0.375,0.0,0.0,0.0,0.0,0.25,1.0,0.0,0.0,0.0,0.5,0.125,0.0,0.0,0.0,0.25,0.0,0.375,0.142857,0.0,0.0,0.0,1.0,0.0,0.0,0.0,0.0,0.0,0.142857,0.25
YYI,1,3,0.333333,0.0,0.0,0.0,0.0,0.0,1.0,0.0,0.0,0.0,0.666667,0.0,0.0,0.0,0.0,0.333333,0.0,0.666667,0.0,0.0,0.0,0.0,1.0,0.0,0.0,0.333333,0.0,0.0,0.0,0.333333
PHT,1,4,0.333333,0.0,0.0,0.0,0.0,0.333333,1.0,0.5,0.0,0.0,1.0,0.333333,0.0,0.0,0.0,0.0,0.0,0.333333,0.0,0.0,0.0,0.0,1.0,0.0,0.0,0.0,0.0,0.0,0.0,0.0
PYY,1,0,0.333333,0.0,0.0,0.0,0.0,0.333333,0.333333,0.0,0.0,0.0,1.0,0.0,0.0,0.0,0.0,0.0,0.0,0.666667,0.0,0.0,0.0,0.0,1.0,0.0,0.0,0.0,0.0,0.0,0.0,0.0
PPK,1,1,0.666667,0.0,0.0,0.0,0.0,0.666667,1.0,0.0,0.0,0.0,0.666667,0.0,0.0,0.0,0.0,0.0,0.0,0.0,0.0,0.0,0.0,0.0,0.666667,0.0,0.0,0.0,0.0,0.0,0.0,0.0
VKVLLEHPVL,1,2,0.7,0.3,0.0,0.0,0.0,0.1,1.0,0.0,0.0,0.0,0.2,0.0,0.0,0.0,0.0,0.6,0.0,0.1,0.0,0.0,0.0,0.0,1.0,0.5,0.0,0.0,0.0,0.0,0.0,0.6
IRGCRL,1,3,0.5,0.166667,0.0,0.0,0.0,0.0,1.0,0.0,0.0,0.0,0.166667,0.166667,0.0,0.0,0.0,0.5,0.0,0.0,0.0,0.25,0.0,0.0,1.0,0.0,0.0,0.166667,0.0,0.0,0.0,0.5
VYPFPGPIPN,1,4,0.7,0.0,0.0,0.0,0.0,0.4,1.0,0.0,0.0,0.0,0.6,0.1,0.0,0.0,0.0,0.3,0.0,0.2,0.111111,0.0,0.0,0.0,1.0,0.25,0.0,0.1,0.0,0.0,0.0,0.3
RYQ,1,0,0.0,0.0,0.0,0.0,0.0,0.0,1.0,0.0,0.0,0.0,0.333333,0.333333,0.0,0.0,0.0,0.0,0.0,0.666667,0.0,0.0,0.0,0.0,1.0,0.0,0.0,0.0,0.333333,0.0,0.0,0.0
PLFQNKLAHAK,1,1,0.454545,0.181818,0.0,0.0,0.0,0.090909,1.0,0.0,0.0,0.0,0.363636,0.181818,0.0,0.0,0.0,0.454545,0.0,0.181818,0.0,0.0,0.0,0.0,0.909091,0.0,0.0,0.0,0.090909,0.0,0.0,0.272727
LWE,1,2,0.333333,0.333333,0.5,0.0,0.0,0.0,1.0,0.0,0.0,0.0,0.0,0.0,0.0,0.0,0.0,0.333333,0.0,0.333333,0.0,0.0,0.0,0.0,0.666667,0.0,0.0,0.0,0.0,0.0,0.0,0.666667
YYE,1,3,0.0,0.0,0.0,0.0,0.0,0.0,1.0,0.0,0.0,0.0,0.666667,0.0,0.0,0.0,0.0,0.0,0.0,1.0,0.0,0.0,0.0,0.0,0.666667,0.0,0.0,0.0,0.0,0.0,0.0,0.0
EEYFPVGGDRPESF,1,4,0.357143,0.0,0.0,0.0,0.0,0.142857,0.928571,0.0,0.0,0.0,0.428571,0.071429,0.0,0.0,0.0,0.214286,0.0,0.428571,0.0,0.083333,0.1,0.0,1.0,0.125,0.0,0.0,0.0,0.0,0.0,0.214286
WY,1,0,0.0,0.0,0.0,0.0,0.0,0.0,0.0,0.0,0.0,0.0,0.5,0.0,0.0,0.0,0.0,0.0,0.0,0.5,0.0,0.0,0.0,0.0,1.0,0.0,0.0,0.0,0.0,0.0,0.0,0.5
LLPF,1,1,0.75,0.5,0.0,0.0,0.0,0.25,0.75,0.0,0.0,0.0,0.25,0.0,0.0,0.0,0.0,0.75,0.0,0.0,0.333333,0.0,0.0,0.0,1.0,0.0,0.0,0.0,0.0,0.0,0.0,0.75
HHY,1,2,0.0,0.0,0.0,0.0,0.0,0.0,0.0,0.0,0.0,0.0,1.0,0.0,0.0,0.0,0.0,0.0,0.0,0.333333,0.0,0.0,0.0,0.0,1.0,0.0,0.0,0.0,0.0,0.0,0.0,0.0
PHF,1,3,0.333333,0.0,0.0,0.0,0.0,0.333333,0.333333,0.5,0.0,0.0,0.666667,0.0,0.0,0.0,0.0,0.333333,0.0,0.0,0.0,0.0,0.0,0.0,1.0,0.0,0.0,0.0,0.0,0.0,0.0,0.333333
AYY,1,4,0.333333,0.0,0.0,0.0,0.0,0.0,0.333333,0.0,0.0,0.0,1.0,0.0,0.0,0.0,0.0,0.333333,0.0,0.666667,0.0,0.0,0.0,0.0,1.0,0.0,0.0,0.0,0.0,0.0,0.0,0.0
VKAGFAWTANQQLS,1,0,0.428571,0.071429,0.0,0.0,0.0,0.0,1.0,0.0,0.0,0.0,0.428571,0.357143,0.0,0.0,0.0,0.428571,0.0,0.357143,0.0,0.0,0.0,0.0,1.0,0.125,0.0,0.0,0.142857,0.0,0.0,0.285714
LAC,1,1,0.666667,0.333333,0.0,0.0,0.0,0.0,1.0,0.0,0.0,0.0,0.333333,0.333333,0.0,0.0,0.0,1.0,0.0,0.0,0.0,0.0,0.0,0.0,1.0,0.0,0.0,0.0,0.0,0.0,0.0,0.666667
IEEAF,1,2,0.4,0.0,0.0,0.0,0.0,0.0,0.8,0.0,0.0,0.0,0.2,0.0,0.0,0.0,0.0,0.6,0.0,0.4,0.0,0.0,0.0,0.0,1.0,0.0,0.0,0.2,0.0,0.0,0.0,0.4
GHH,1,3,0.333333,0.0,0.0,0.0,0.0,0.0,0.333333,0.0,0.0,0.0,1.0,0.0,0.0,0.0,0.0,0.0,0.0,0.0,0.0,0.0,0.0,0.0,0.333333,0.0,0.0,0.0,0.0,0.0,0.0,0.0
PWV,1,4,0.666667,0.0,0.0,0.0,0.0,0.333333,1.0,0.0,0.0,0.0,0.333333,0.0,0.0,0.0,0.0,0.333333,0.0,0.0,0.0,0.0,0.0,0.0,1.0,0.0,0.0,0.0,0.0,0.0,0.0,0.666667
LHL,1,0,0.666667,0.666667,0.0,0.5,0.0,0.0,1.0,0.0,0.0,0.0,0.333333,0.0,0.0,0.0,0.0,0.666667,0.0,0.0,0.0,0.0,0.0,0.0,1.0,0.0,0.0,0.0,0.0,0.0,0.0,0.666667
LWW,1,1,0.333333,0.333333,0.5,0.0,0.0,0.0,0.333333,0.0,0.0,0.0,0.0,0.0,0.0,0.0,0.0,0.333333,0.0,0.0,0.0,0.0,0.0,0.0,1.0,0.0,0.0,0.0,0.0,0.0,0.0,1.0
LFC,1,2,0.333333,0.333333,0.0,0.0,0.0,0.0,1.0,0.0,0.0,0.0,0.0,0.333333,0.0,0.0,0.0,1.0,0.0,0.0,0.0,0.0,0.0,0.0,1.0,0.0,0.0,0.0,0.0,0.0,0.0,1.0
FYQL,1,3,0.25,0.25,0.0,0.0,0.0,0.0,1.0,0.0,0.0,0.0,0.25,0.25,0.0,0.0,0.0,0.5,0.0,0.5,0.0,0.0,0.0,0.0,1.0,0.0,0.0,0.0,0.25,0.0,0.0,0.5
RWR,1,4,0.0,0.0,0.0,0.0,0.0,0.0,1.0,0.0,0.0,0.0,0.0,0.0,0.0,0.0,0.0,0.0,0.0,0.0,0.0,0.0,0.0,0.0,0.666667,0.0,0.0,0.0,0.0,0.0,0.0,0.333333
PVSHDHAPEY,1,0,0.4,0.0,0.0,0.0,0.0,0.2,0.9,0.0,0.0,0.0,0.7,0.1,0.0,0.0,0.0,0.2,0.0,0.4,0.0,0.0,0.0,0.0,1.0,0.0,0.0,0.0,0.0,0.0,0.0,0.1
QWPAQ,1,1,0.4,0.0,0.0,0.0,0.0,0.2,1.0,0.0,0.0,0.0,0.4,0.4,0.0,0.0,0.0,0.2,0.0,0.4,0.0,0.0,0.0,0.0,1.0,0.0,0.0,0.0,0.4,0.0,0.0,0.2
LYEGY,1,2,0.4,0.2,0.0,0.0,0.0,0.0,0.8,0.0,0.0,0.0,0.6,0.0,0.0,0.0,0.0,0.2,0.0,0.6,0.0,0.0,0.0,0.0,1.0,0.0,0.0,0.0,0.0,0.0,0.0,0.2
FIKK,1,3,0.25,0.0,0.0,0.0,0.0,0.0,1.0,0.0,0.0,0.0,0.0,0.0,0.0,0.0,0.0,0.5,0.0,0.0,0.0,0.0,0.0,0.0,0.5,0.0,0.0,0.25,0.0,0.0,0.0,0.5
LWK,1,4,0.333333,0.333333,0.5,0.0,0.0,0.0,1.0,0.0,0.0,0.0,0.0,0.0,0.0,0.0,0.0,0.333333,0.0,0.0,0.0,0.0,0.0,0.0,0.666667,0.0,0.0,0.0,0.0,0.0,0.0,0.666667
LWS,1,0,0.333333,0.333333,0.5,0.0,0.0,0.0,1.0,0.0,0.0,0.0,0.333333,0.333333,0.0,0.0,0.0,0.333333,0.0,0.333333,0.0,0.0,0.0,0.0,1.0,0.0,0.0,0.0,0.0,0.0,0.0,0.666667
HMPVTK,1,1,0.333333,0.0,0.0,0.0,0.0,0.166667,1.0,0.0,0.0,0.0,0.5,0.166667,0.0,0.0,0.0,0.333333,0.166667,0.166667,0.0,0.0,0.0,0.0,0.833333,0.0,0.0,0.0,0.0,0.0,0.0,0.333333
SWN,1,2,0.0,0.0,0.0,0.0,0.0,0.0,1.0,0.0,0.0,0.0,0.333333,0.666667,0.0,0.0,0.0,0.0,0.0,0.666667,0.0,0.0,0.0,0.0,1.0,0.0,0.0,0.0,0.0,0.0,0.0,0.333333
QYDQGV,1,3,0.333333,0.0,0.0,0.0,0.0,0.0,1.0,0.0,0.0,0.0,0.333333,0.333333,0.0,0.0,0.0,0.166667,0.0,0.666667,0.0,0.0,0.0,0.0,1.0,0.0,0.0,0.0,0.333333,0.0,0.0,0.166667
TYY,1,4,0.0,0.0,0.0,0.0,0.0,0.0,0.333333,0.0,0.0,0.0,1.0,0.333333,0.0,0.0,0.0,0.0,0.0,1.0,0.0,0.0,0.0,0.0,1.0,0.0,0.0,0.0,0.0,0.0,0.0,0.0
HDHPVC,1,0,0.333333,0.0,0.0,0.0,0.0,0.166667,1.0,0.0,0.0,0.0,0.5,0.166667,0.0,0.0,0.0,0.333333,0.0,0.166667,0.0,0.0,0.0,0.0,1.0,0.0,0.0,0.0,0.0,0.0,0.0,0.333333
PHQ,1,1,0.333333,0.0,0.0,0.0,0.0,0.333333,1.0,0.5,0.0,0.0,0.666667,0.333333,0.0,0.0,0.0,0.0,0.0,0.333333,0.0,0.0,0.0,0.0,1.0,0.0,0.0,0.0,0.333333,0.0,0.0,0.0
PSDHDHE,1,2,0.142857,0.0,0.0,0.0,0.0,0.142857,1.0,0.0,0.0,0.0,0.571429,0.142857,0.0,0.0,0.0,0.0,0.0,0.571429,0.0,0.0,0.0,0.0,0.285714,0.0,0.0,0.0,0.0,0.0,0.166667,0.0
LPYY,1,3,0.5,0.25,0.0,0.0,0.0,0.25,0.5,0.0,0.0,0.0,0.75,0.0,0.0,0.0,0.0,0.25,0.0,0.5,0.0,0.0,0.0,0.0,1.0,0.0,0.0,0.0,0.0,0.0,0.0,0.25
LWG,1,4,0.666667,0.333333,0.5,0.0,0.0,0.0,1.0,0.0,0.0,0.0,0.333333,0.0,0.0,0.0,0.0,0.333333,0.0,0.0,0.0,0.0,0.0,0.0,1.0,0.0,0.0,0.0,0.0,0.0,0.0,0.666667
VDYP,1,0,0.5,0.0,0.0,0.0,0.0,0.25,1.0,0.0,0.0,0.0,0.5,0.0,0.0,0.0,0.0,0.25,0.0,0.5,0.0,0.0,0.0,0.0,1.0,0.0,0.0,0.0,0.0,0.0,0.0,0.25
YSEMPPGK,1,1,0.375,0.0,0.0,0.0,0.0,0.25,1.0,0.0,0.0,0.0,0.625,0.125,0.0,0.0,0.0,0.125,0.125,0.375,0.0,0.0,0.0,0.0,0.875,0.0,0.0,0.0,0.0,0.0,0.0,0.125
YWVTSGPK,1,2,0.375,0.0,0.0,0.0,0.0,0.125,1.0,0.0,0.0,0.0,0.625,0.25,0.0,0.0,0.0,0.125,0.0,0.375,0.0,0.0,0.0,0.0,0.875,0.0,0.0,0.0,0.0,0.0,0.0,0.25
LHG,1,3,0.666667,0.333333,0.0,0.5,0.0,0.0,1.0,0.0,0.0,0.0,0.666667,0.0,0.0,0.0,0.0,0.333333,0.0,0.0,0.0,0.0,0.0,0.0,1.0,0.0,0.0,0.0,0.0,0.0,0.0,0.333333
LHR,1,4,0.333333,0.333333,0.0,0.5,0.0,0.0,1.0,0.0,0.0,0.0,0.333333,0.0,0.0,0.0,0.0,0.333333,0.0,0.0,0.0,0.0,0.0,0.0,0.333333,0.0,0.0,0.0,0.0,0.0,0.0,0.333333
LHN,1,0,0.333333,0.333333,0.0,0.5,0.0,0.0,1.0,0.0,0.0,0.0,0.333333,0.333333,0.0,0.0,0.0,0.333333,0.0,0.333333,0.0,0.0,0.0,0.0,1.0,0.0,0.0,0.0,0.0,0.0,0.0,0.333333
YAKPA,1,1,0.6,0.0,0.0,0.0,0.0,0.2,1.0,0.0,0.0,0.0,0.8,0.0,0.0,0.0,0.0,0.4,0.0,0.2,0.0,0.0,0.0,0.0,1.0,0.0,0.0,0.0,0.0,0.0,0.0,0.0
PSIPA,1,2,0.8,0.0,0.0,0.0,0.0,0.4,1.0,0.0,0.0,0.0,0.8,0.2,0.0,0.0,0.0,0.4,0.0,0.2,0.0,0.0,0.0,0.0,1.0,0.0,0.0,0.2,0.0,0.0,0.25,0.2
TEFTK,1,3,0.0,0.0,0.0,0.0,0.0,0.0,1.0,0.0,0.0,0.0,0.4,0.4,0.0,0.0,0.0,0.2,0.0,0.6,0.0,0.0,0.0,0.0,0.8,0.0,0.0,0.0,0.0,0.0,0.0,0.2
IANNEADAISLDGGQVFEAG,1,4,0.55,0.05,0.0,0.0,0.0,0.0,1.0,0.0,0.0,0.0,0.4,0.2,0.0,0.0,0.0,0.45,0.0,0.4,0.0,0.0,0.0,0.0,1.0,0.142857,0.0,0.1,0.05,0.0,0.0,0.25
LWV,1,0,0.666667,0.333333,0.5,0.0,0.0,0.0,1.0,0.0,0.0,0.0,0.0,0.0,0.0,0.0,0.0,0.666667,0.0,0.0,0.0,0.0,0.0,0.0,1.0,0.0,0.0,0.0,0.0,0.0,0.0,1.0
RASDPLLSV,1,1,0.555556,0.222222,0.0,0.0,0.0,0.111111,1.0,0.0,0.0,0.0,0.444444,0.222222,0.0,0.0,0.0,0.444444,0.0,0.333333,0.0,0.0,0.0,0.0,1.0,0.0,0.0,0.0,0.0,0.0,0.0,0.333333
LEELEEELEGCE,1,2,0.333333,0.25,0.0,0.0,0.0,0.0,1.0,0.0,0.0,0.0,0.083333,0.083333,0.0,0.0,0.0,0.333333,0.0,0.583333,0.0,0.0,0.0,0.0,0.916667,0.333333,0.0,0.0,0.0,0.0,0.0,0.333333
WEIKPSSLTGKSPYFSNNHGKL,1,3,0.318182,0.090909,0.0,0.0,0.0,0.090909,1.0,0.0,0.0,0.0,0.5,0.318182,0.0,0.0,0.0,0.181818,0.0,0.409091,0.0,0.0,0.0,0.0,1.0,0.0625,0.0,0.045455,0.0,0.0,0.047619,0.227273
MTEEY,1,4,0.0,0.0,0.0,0.0,0.0,0.0,0.8,0.0,0.0,0.0,0.4,0.2,0.0,0.0,0.0,0.2,0.2,0.8,0.0,0.0,0.0,0.0,1.0,0.0,0.0,0.0,0.0,0.0,0.0,0.2
YYS,1,0,0.0,0.0,0.0,0.0,0.0,0.0,1.0,0.0,0.0,0.0,1.0,0.333333,0.0,0.0,0.0,0.0,0.0,1.0,0.0,0.0,0.0,0.0,1.0,0.0,0.0,0.0,0.0,0.0,0.0,0.0
NYY,1,1,0.0,0.0,0.0,0.0,0.0,0.0,0.333333,0.0,0.0,0.0,0.666667,0.333333,0.0,0.0,0.0,0.0,0.0,1.0,0.0,0.0,0.0,0.0,1.0,0.0,0.0,0.0,0.0,0.0,0.0,0.0
RHH,1,2,0.0,0.0,0.0,0.0,0.0,0.0,0.333333,0.0,0.5,0.0,0.666667,0.0,0.0,0.0,0.0,0.0,0.0,0.0,0.0,0.0,0.0,0.0,0.0,0.0,0.0,0.0,0.0,0.0,0.0,0.0
DRVYIHPF,1,3,0.375,0.0,0.0,0.0,0.0,0.125,0.875,0.0,0.0,0.0,0.375,0.0,0.0,0.0,0.0,0.375,0.0,0.25,0.142857,0.0,0.0,0.0,1.0,0.0,0.0,0.125,0.0,0.0,0.0,0.375
PHR,1,4,0.333333,0.0,0.0,0.0,0.0,0.333333,1.0,0.5,0.0,0.0,0.666667,0.0,0.0,0.0,0.0,0.0,0.0,0.0,0.0,0.0,0.0,0.0,0.333333,0.0,0.0,0.0,0.0,0.0,0.0,0.0
VHDY,1,0,0.25,0.0,0.0,0.0,0.0,0.0,0.75,0.0,0.0,0.0,0.5,0.0,0.0,0.0,0.0,0.25,0.0,0.5,0.0,0.0,0.0,0.0,1.0,0.0,0.0,0.0,0.0,0.0,0.0,0.25
VVKL,1,1,0.75,0.25,0.0,0.0,0.0,0.0,1.0,0.0,0.0,0.0,0.0,0.0,0.0,0.0,0.0,0.75,0.0,0.0,0.0,0.0,0.0,0.0,1.0,0.0,0.0,0.0,0.0,0.0,0.0,0.75
FHNMEK,1,2,0.0,0.0,0.0,0.0,0.0,0.0,1.0,0.0,0.0,0.0,0.166667,0.166667,0.0,0.0,0.0,0.333333,0.166667,0.333333,0.0,0.0,0.0,0.0,0.666667,0.0,0.0,0.0,0.0,0.0,0.0,0.333333
PHYL,1,3,0.5,0.25,0.0,0.0,0.0,0.25,1.0,0.333333,0.0,0.0,0.75,0.0,0.0,0.0,0.0,0.25,0.0,0.25,0.0,0.0,0.0,0.0,1.0,0.0,0.0,0.0,0.0,0.0,0.0,0.25
RYLG,1,4,0.5,0.25,0.0,0.0,0.0,0.0,1.0,0.0,0.0,0.0,0.5,0.0,0.0,0.0,0.0,0.25,0.0,0.25,0.0,0.0,0.0,0.0,1.0,0.0,0.0,0.0,0.0,0.0,0.0,0.25
YEDCTDCGN,1,0,0.111111,0.0,0.0,0.0,0.0,0.0,1.0,0.0,0.0,0.0,0.333333,0.444444,0.0,0.0,0.0,0.222222,0.0,0.666667,0.0,0.0,0.0,0.0,1.0,0.0,0.0,0.0,0.0,0.0,0.0,0.222222
KKY,1,1,0.0,0.0,0.0,0.0,0.0,0.0,0.666667,0.0,0.0,0.0,0.333333,0.0,0.0,0.0,0.0,0.0,0.0,0.333333,0.0,0.0,0.0,0.0,1.0,0.0,0.0,0.0,0.0,0.0,0.0,0.0
RHPHP,1,2,0.4,0.0,0.0,0.0,0.0,0.4,1.0,0.25,0.25,0.0,0.8,0.0,0.0,0.0,0.0,0.0,0.0,0.0,0.0,0.0,0.0,0.0,1.0,0.0,0.0,0.0,0.0,0.0,0.0,0.0
RHG,1,3,0.333333,0.0,0.0,0.0,0.0,0.0,1.0,0.0,0.5,0.0,0.666667,0.0,0.0,0.0,0.0,0.0,0.0,0.0,0.0,0.0,0.0,0.0,1.0,0.0,0.0,0.0,0.0,0.0,0.0,0.0
EERYP,1,4,0.2,0.0,0.0,0.0,0.0,0.2,1.0,0.0,0.0,0.0,0.4,0.0,0.0,0.0,0.0,0.0,0.0,0.6,0.0,0.0,0.0,0.0,1.0,0.0,0.0,0.0,0.0,0.0,0.0,0.0
GTW,1,0,0.333333,0.0,0.0,0.0,0.0,0.0,0.666667,0.0,0.0,0.0,0.666667,0.333333,0.0,0.0,0.0,0.0,0.0,0.333333,0.0,0.0,0.0,0.0,1.0,0.0,0.0,0.0,0.0,0.0,0.0,0.333333
HYH,1,1,0.0,0.0,0.0,0.0,0.0,0.0,0.0,0.0,0.0,0.0,1.0,0.0,0.0,0.0,0.0,0.0,0.0,0.333333,0.0,0.0,0.0,0.0,0.666667,0.0,0.0,0.0,0.0,0.0,0.0,0.0
LQSGDALRVPSGTTYY,1,2,0.4375,0.125,0.0,0.0,0.0,0.0625,0.875,0.0,0.0,0.0,0.625,0.3125,0.0,0.0,0.0,0.25,0.0,0.5,0.0,0.0,0.0,0.0,1.0,0.1,0.0,0.0,0.0625,0.0,0.066667,0.1875
WSVPQPK,1,3,0.428571,0.0,0.0,0.0,0.0,0.285714,1.0,0.0,0.0,0.0,0.428571,0.285714,0.0,0.0,0.0,0.142857,0.0,0.285714,0.0,0.0,0.0,0.0,0.857143,0.0,0.0,0.0,0.142857,0.0,0.0,0.285714
PHCKRM,1,4,0.166667,0.0,0.0,0.0,0.0,0.166667,1.0,0.2,0.0,0.0,0.333333,0.166667,0.0,0.0,0.0,0.333333,0.166667,0.0,0.0,0.0,0.0,0.0,1.0,0.0,0.0,0.0,0.0,0.0,0.0,0.333333
ACFL,1,0,0.5,0.25,0.0,0.0,0.0,0.0,1.0,0.0,0.0,0.0,0.25,0.25,0.0,0.0,0.0,1.0,0.0,0.0,0.0,0.0,0.0,0.0,1.0,0.0,0.0,0.0,0.0,0.0,0.0,0.75
DRVYIHPFHL,1,1,0.4,0.1,0.0,0.0,0.0,0.1,1.0,0.0,0.0,0.0,0.4,0.0,0.0,0.0,0.0,0.4,0.0,0.2,0.111111,0.0,0.0,0.0,1.0,0.0,0.0,0.1,0.0,0.0,0.0,0.4
RHE,1,2,0.0,0.0,0.0,0.0,0.0,0.0,1.0,0.0,0.5,0.0,0.333333,0.0,0.0,0.0,0.0,0.0,0.0,0.333333,0.0,0.0,0.0,0.0,0.0,0.0,0.0,0.0,0.0,0.0,0.0,0.0
AEEEYPDL,1,3,0.375,0.125,0.0,0.0,0.0,0.125,1.0,0.0,0.0,0.0,0.375,0.0,0.0,0.0,0.0,0.25,0.0,0.625,0.0,0.0,0.0,0.0,1.0,0.0,0.0,0.0,0.0,0.0,0.0,0.125
TRTGDPFF,1,4,0.25,0.0,0.0,0.0,0.0,0.125,0.75,0.0,0.0,0.0,0.5,0.25,0.0,0.0,0.0,0.25,0.0,0.375,0.142857,0.0,0.0,0.0,1.0,0.0,0.0,0.0,0.0,0.0,0.0,0.25
WHNVSGSP,1,0,0.375,0.0,0.0,0.0,0.0,0.125,1.0,0.0,0.0,0.0,0.625,0.375,0.0,0.0,0.0,0.125,0.0,0.375,0.0,0.0,0.0,0.0,1.0,0.0,0.0,0.0,0.0,0.0,0.0,0.25
AH,1,1,0.5,0.0,0.0,0.0,0.0,0.0,0.5,0.0,0.0,0.0,1.0,0.0,0.0,0.0,0.0,0.5,0.0,0.0,0.0,0.0,0.0,0.0,0.5,0.0,0.0,0.0,0.0,0.0,0.0,0.0
YNY,1,2,0.0,0.0,0.0,0.0,0.0,0.0,0.666667,0.0,0.0,0.0,0.666667,0.333333,0.0,0.0,0.0,0.0,0.0,1.0,0.0,0.0,0.0,0.0,1.0,0.0,0.0,0.0,0.0,0.0,0.0,0.0
YYG,1,3,0.333333,0.0,0.0,0.0,0.0,0.0,1.0,0.0,0.0,0.0,1.0,0.0,0.0,0.0,0.0,0.0,0.0,0.666667,0.0,0.0,0.0,0.0,1.0,0.0,0.0,0.0,0.0,0.0,0.0,0.0
YYA,1,4,0.333333,0.0,0.0,0.0,0.0,0.0,1.0,0.0,0.0,0.0,1.0,0.0,0.0,0.0,0.0,0.333333,0.0,0.666667,0.0,0.0,0.0,0.0,1.0,0.0,0.0,0.0,0.0,0.0,0.0,0.0
LHK,1,0,0.333333,0.333333,0.0,0.5,0.0,0.0,1.0,0.0,0.0,0.0,0.333333,0.0,0.0,0.0,0.0,0.333333,0.0,0.0,0.0,0.0,0.0,0.0,0.333333,0.0,0.0,0.0,0.0,0.0,0.0,0.333333
RHL,1,1,0.333333,0.333333,0.0,0.0,0.0,0.0,1.0,0.0,0.5,0.0,0.333333,0.0,0.0,0.0,0.0,0.333333,0.0,0.0,0.0,0.0,0.0,0.0,1.0,0.0,0.0,0.0,0.0,0.0,0.0,0.333333
PWQ,1,2,0.333333,0.0,0.0,0.0,0.0,0.333333,1.0,0.0,0.0,0.0,0.333333,0.333333,0.0,0.0,0.0,0.0,0.0,0.333333,0.0,0.0,0.0,0.0,1.0,0.0,0.0,0.0,0.333333,0.0,0.0,0.333333
AGWNI,1,3,0.6,0.0,0.0,0.0,0.0,0.0,1.0,0.0,0.0,0.0,0.4,0.2,0.0,0.0,0.0,0.4,0.0,0.2,0.0,0.0,0.0,0.0,1.0,0.0,0.0,0.2,0.0,0.0,0.0,0.4
GGIF,1,4,0.75,0.0,0.0,0.0,0.0,0.0,0.75,0.0,0.0,0.0,0.5,0.0,0.0,0.0,0.0,0.5,0.0,0.0,0.0,0.0,0.0,0.0,1.0,0.0,0.0,0.25,0.0,0.0,0.0,0.5
PVDENDEG,1,0,0.375,0.0,0.0,0.0,0.0,0.125,1.0,0.0,0.0,0.0,0.25,0.125,0.0,0.0,0.0,0.125,0.0,0.625,0.0,0.0,0.0,0.0,1.0,0.0,0.0,0.0,0.0,0.0,0.0,0.125
FRADHPFL,1,1,0.375,0.125,0.0,0.0,0.0,0.125,1.0,0.0,0.0,0.0,0.375,0.0,0.0,0.0,0.0,0.5,0.0,0.125,0.142857,0.0,0.0,0.0,1.0,0.5,0.0,0.0,0.0,0.0,0.0,0.375
PW,1,2,0.5,0.0,0.0,0.0,0.0,0.5,0.5,0.0,0.0,0.0,0.5,0.0,0.0,0.0,0.0,0.0,0.0,0.0,0.0,0.0,0.0,0.0,1.0,0.0,0.0,0.0,0.0,0.0,0.0,0.5
AHK,1,3,0.333333,0.0,0.0,0.0,0.0,0.0,1.0,0.0,0.0,0.0,0.666667,0.0,0.0,0.0,0.0,0.333333,0.0,0.0,0.0,0.0,0.0,0.0,0.333333,0.0,0.0,0.0,0.0,0.0,0.0,0.0
WYS,1,4,0.0,0.0,0.0,0.0,0.0,0.0,1.0,0.0,0.0,0.0,0.666667,0.333333,0.0,0.0,0.0,0.0,0.0,0.666667,0.0,0.0,0.0,0.0,1.0,0.0,0.0,0.0,0.0,0.0,0.0,0.333333
LLR,1,0,0.666667,0.666667,0.0,0.0,0.0,0.0,1.0,0.0,0.0,0.0,0.0,0.0,0.0,0.0,0.0,0.666667,0.0,0.0,0.0,0.0,0.0,0.0,0.666667,0.0,0.0,0.0,0.0,0.0,0.0,0.666667
VECYG,1,1,0.4,0.0,0.0,0.0,0.0,0.0,1.0,0.0,0.0,0.0,0.4,0.2,0.0,0.0,0.0,0.4,0.0,0.4,0.0,0.0,0.0,0.0,1.0,0.0,0.0,0.0,0.0,0.0,0.0,0.4
HPHL,1,2,0.5,0.25,0.0,0.0,0.0,0.25,1.0,0.333333,0.0,0.0,0.75,0.0,0.0,0.0,0.0,0.25,0.0,0.0,0.0,0.0,0.0,0.0,1.0,0.0,0.0,0.0,0.0,0.0,0.0,0.25
AHH,1,3,0.333333,0.0,0.0,0.0,0.0,0.0,0.333333,0.0,0.0,0.0,1.0,0.0,0.0,0.0,0.0,0.333333,0.0,0.0,0.0,0.0,0.0,0.0,0.333333,0.0,0.0,0.0,0.0,0.0,0.0,0.0
TW,1,4,0.0,0.0,0.0,0.0,0.0,0.0,0.5,0.0,0.0,0.0,0.5,0.5,0.0,0.0,0.0,0.0,0.0,0.5,0.0,0.0,0.0,0.0,1.0,0.0,0.0,0.0,0.0,0.0,0.0,0.5
PWD,1,0,0.333333,0.0,0.0,0.0,0.0,0.333333,1.0,0.0,0.0,0.0,0.333333,0.0,0.0,0.0,0.0,0.0,0.0,0.333333,0.0,0.0,0.0,0.0,0.666667,0.0,0.0,0.0,0.0,0.0,0.0,0.333333
MM,1,1,0.0,0.0,0.0,0.0,0.0,0.0,1.0,0.0,0.0,0.0,0.0,0.0,0.0,0.0,0.0,1.0,1.0,0.0,0.0,0.0,0.0,0.0,1.0,0.0,0.0,0.0,0.0,0.0,0.0,1.0
LWA,1,2,0.666667,0.333333,0.5,0.0,0.0,0.0,1.0,0.0,0.0,0.0,0.333333,0.0,0.0,0.0,0.0,0.666667,0.0,0.0,0.0,0.0,0.0,0.0,1.0,0.0,0.0,0.0,0.0,0.0,0.0,0.666667
HHW,1,3,0.0,0.0,0.0,0.0,0.0,0.0,0.0,0.0,0.0,0.0,0.666667,0.0,0.0,0.0,0.0,0.0,0.0,0.0,0.0,0.0,0.0,0.0,1.0,0.0,0.0,0.0,0.0,0.0,0.0,0.333333
GWNIP,1,4,0.6,0.0,0.0,0.0,0.0,0.2,1.0,0.0,0.0,0.0,0.4,0.2,0.0,0.0,0.0,0.2,0.0,0.2,0.0,0.0,1.0,0.0,1.0,0.0,0.0,0.2,0.0,0.0,0.0,0.4
LARL,1,0,0.75,0.5,0.0,0.0,0.0,0.0,1.0,0.0,0.0,0.0,0.25,0.0,0.0,0.0,0.0,0.75,0.0,0.0,0.0,0.0,0.0,0.0,1.0,0.0,0.0,0.0,0.0,0.0,0.0,0.5
YLYP,1,1,0.5,0.25,0.0,0.0,0.0,0.25,1.0,0.0,0.0,0.0,0.75,0.0,0.0,0.0,0.0,0.25,0.0,0.5,0.0,0.0,0.0,0.0,1.0,0.0,0.0,0.0,0.0,0.0,0.0,0.25
PWL,1,2,0.666667,0.333333,0.0,0.0,0.0,0.333333,1.0,0.0,0.0,0.0,0.333333,0.0,0.0,0.0,0.0,0.333333,0.0,0.0,0.0,0.0,0.0,0.0,1.0,0.0,0.0,0.0,0.0,0.0,0.0,0.666667
YSTA,1,3,0.25,0.0,0.0,0.0,0.0,0.0,1.0,0.0,0.0,0.0,1.0,0.5,0.0,0.0,0.0,0.25,0.0,0.75,0.0,0.0,0.0,0.0,1.0,0.0,0.0,0.0,0.0,0.0,0.0,0.0
CAAP,1,4,0.75,0.0,0.0,0.0,0.0,0.25,1.0,0.0,0.0,0.0,0.75,0.25,0.0,0.0,0.0,0.75,0.0,0.0,0.0,0.0,0.0,0.0,1.0,0.0,0.0,0.0,0.0,0.0,0.0,0.25
STMMEERRMKVY,1,0,0.083333,0.0,0.0,0.0,0.0,0.0,0.916667,0.0,0.0,0.0,0.25,0.166667,0.0,0.0,0.0,0.333333,0.25,0.416667,0.0,0.0,0.0,0.0,1.0,0.166667,0.0,0.0,0.0,0.0,0.0,0.333333
WYSLAMA,1,1,0.428571,0.142857,0.0,0.0,0.0,0.0,1.0,0.0,0.0,0.0,0.571429,0.142857,0.0,0.0,0.0,0.571429,0.142857,0.285714,0.0,0.0,0.0,0.0,1.0,0.0,0.0,0.0,0.0,0.0,0.0,0.428571
VGGRP,1,2,0.8,0.0,0.0,0.0,0.0,0.2,1.0,0.0,0.0,0.0,0.6,0.0,0.0,0.0,0.0,0.2,0.0,0.0,0.0,0.333333,0.0,0.0,1.0,0.0,0.0,0.0,0.0,0.0,0.0,0.2
FGHPY,1,3,0.4,0.0,0.0,0.0,0.0,0.2,0.8,0.0,0.0,0.0,0.8,0.0,0.0,0.0,0.0,0.2,0.0,0.2,0.0,0.0,0.0,0.0,1.0,0.0,0.0,0.0,0.0,0.0,0.0,0.2
ISELWG,1,4,0.5,0.166667,0.2,0.0,0.0,0.0,1.0,0.0,0.0,0.0,0.333333,0.166667,0.0,0.0,0.0,0.333333,0.0,0.333333,0.0,0.0,0.0,0.0,1.0,0.0,0.0,0.166667,0.0,0.0,0.0,0.5
RWN,1,0,0.0,0.0,0.0,0.0,0.0,0.0,1.0,0.0,0.0,0.0,0.0,0.333333,0.0,0.0,0.0,0.0,0.0,0.333333,0.0,0.0,0.0,0.0,1.0,0.0,0.0,0.0,0.0,0.0,0.0,0.333333
SHDAHPE,1,1,0.285714,0.0,0.0,0.0,0.0,0.142857,1.0,0.0,0.0,0.0,0.714286,0.142857,0.0,0.0,0.0,0.142857,0.0,0.428571,0.0,0.0,0.0,0.0,0.857143,0.0,0.0,0.0,0.0,0.0,0.0,0.0
ELLI,1,2,0.75,0.5,0.0,0.0,0.0,0.0,1.0,0.0,0.0,0.0,0.0,0.0,0.0,0.0,0.0,0.75,0.0,0.25,0.0,0.0,0.0,0.0,1.0,0.0,0.0,0.25,0.0,0.0,0.0,0.75
YYD,1,3,0.0,0.0,0.0,0.0,0.0,0.0,1.0,0.0,0.0,0.0,0.666667,0.0,0.0,0.0,0.0,0.0,0.0,1.0,0.0,0.0,0.0,0.0,0.666667,0.0,0.0,0.0,0.0,0.0,0.0,0.0
AVPYPQR,1,4,0.571429,0.0,0.0,0.0,0.0,0.285714,1.0,0.0,0.0,0.0,0.571429,0.142857,0.0,0.0,0.0,0.285714,0.0,0.285714,0.0,0.0,0.0,0.0,0.857143,0.0,0.0,0.0,0.142857,0.0,0.0,0.142857
RWY,1,0,0.0,0.0,0.0,0.0,0.0,0.0,0.333333,0.0,0.0,0.0,0.333333,0.0,0.0,0.0,0.0,0.0,0.0,0.333333,0.0,0.0,0.0,0.0,1.0,0.0,0.0,0.0,0.0,0.0,0.0,0.333333
IHH,1,1,0.333333,0.0,0.0,0.0,0.0,0.0,0.333333,0.0,0.0,0.0,0.666667,0.0,0.0,0.0,0.0,0.333333,0.0,0.0,0.0,0.0,0.0,0.0,0.333333,0.0,0.0,0.333333,0.0,0.0,0.0,0.333333
LPF,1,2,0.666667,0.333333,0.0,0.0,0.0,0.333333,0.666667,0.0,0.0,0.0,0.333333,0.0,0.0,0.0,0.0,0.666667,0.0,0.0,0.5,0.0,0.0,0.0,1.0,0.0,0.0,0.0,0.0,0.0,0.0,0.666667
SAEHGSLH,1,3,0.375,0.125,0.0,0.142857,0.0,0.0,0.875,0.0,0.0,0.0,0.75,0.25,0.0,0.0,0.0,0.25,0.0,0.375,0.0,0.0,0.0,0.0,0.875,0.0,0.0,0.0,0.0,0.0,0.0,0.125
LHA,1,4,0.666667,0.333333,0.0,0.5,0.0,0.0,1.0,0.0,0.0,0.0,0.666667,0.0,0.0,0.0,0.0,0.666667,0.0,0.0,0.0,0.0,0.0,0.0,1.0,0.0,0.0,0.0,0.0,0.0,0.0,0.333333
GFYPPP,1,0,0.666667,0.0,0.0,0.0,0.0,0.5,1.0,0.0,0.0,0.0,0.833333,0.0,0.0,0.0,0.0,0.166667,0.0,0.166667,0.0,0.0,0.5,0.0,1.0,0.0,0.0,0.0,0.0,0.0,0.0,0.166667
HHLP,1,1,0.5,0.25,0.0,0.0,0.0,0.25,1.0,0.0,0.0,0.0,0.75,0.0,0.0,0.0,0.0,0.25,0.0,0.0,0.0,0.0,0.0,0.0,1.0,0.0,0.0,0.0,0.0,0.0,0.0,0.25
SYY,1,2,0.0,0.0,0.0,0.0,0.0,0.0,0.333333,0.0,0.0,0.0,1.0,0.333333,0.0,0.0,0.0,0.0,0.0,1.0,0.0,0.0,0.0,0.0,1.0,0.0,0.0,0.0,0.0,0.0,0.0,0.0
YYL,1,3,0.333333,0.333333,0.0,0.0,0.0,0.0,1.0,0.0,0.0,0.0,0.666667,0.0,0.0,0.0,0.0,0.333333,0.0,0.666667,0.0,0.0,0.0,0.0,1.0,0.0,0.0,0.0,0.0,0.0,0.0,0.333333
RWI,1,4,0.333333,0.0,0.0,0.0,0.0,0.0,1.0,0.0,0.0,0.0,0.0,0.0,0.0,0.0,0.0,0.333333,0.0,0.0,0.0,0.0,0.0,0.0,1.0,0.0,0.0,0.333333,0.0,0.0,0.0,0.666667
PWN,1,0,0.333333,0.0,0.0,0.0,0.0,0.333333,1.0,0.0,0.0,0.0,0.333333,0.333333,0.0,0.0,0.0,0.0,0.0,0.333333,0.0,0.0,0.0,0.0,1.0,0.0,0.0,0.0,0.0,0.0,0.0,0.333333
QHH,1,1,0.0,0.0,0.0,0.0,0.0,0.0,0.333333,0.0,0.0,0.0,0.666667,0.333333,0.0,0.0,0.0,0.0,0.0,0.333333,0.0,0.0,0.0,0.0,0.333333,0.0,0.0,0.0,0.333333,0.0,0.0,0.0
GPVRGPFPII,1,2,0.8,0.0,0.0,0.0,0.0,0.3,1.0,0.0,0.0,0.0,0.5,0.0,0.0,0.0,0.0,0.4,0.0,0.0,0.111111,0.0,0.0,0.0,1.0,0.25,0.0,0.2,0.0,0.0,0.0,0.4
PHD,1,3,0.333333,0.0,0.0,0.0,0.0,0.333333,1.0,0.5,0.0,0.0,0.666667,0.0,0.0,0.0,0.0,0.0,0.0,0.333333,0.0,0.0,0.0,0.0,0.333333,0.0,0.0,0.0,0.0,0.0,0.0,0.0
VAPFPGVFGK,1,4,0.7,0.0,0.0,0.0,0.0,0.2,1.0,0.0,0.0,0.0,0.5,0.0,0.0,0.0,0.0,0.5,0.0,0.0,0.111111,0.0,0.0,0.0,0.9,0.25,0.0,0.0,0.0,0.0,0.0,0.4
IYIEQGNGITGM,1,0,0.5,0.0,0.0,0.0,0.0,0.0,1.0,0.0,0.0,0.0,0.416667,0.25,0.0,0.0,0.0,0.333333,0.083333,0.416667,0.0,0.0,0.0,0.0,1.0,0.166667,0.0,0.25,0.083333,0.0,0.0,0.333333
FEQL,1,1,0.25,0.25,0.0,0.0,0.0,0.0,1.0,0.0,0.0,0.0,0.0,0.25,0.0,0.0,0.0,0.5,0.0,0.5,0.0,0.0,0.0,0.0,1.0,0.0,0.0,0.0,0.25,0.0,0.0,0.5
DHG,1,2,0.333333,0.0,0.0,0.0,0.0,0.0,1.0,0.0,0.0,0.0,0.666667,0.0,0.0,0.0,0.0,0.0,0.0,0.333333,0.0,0.0,0.0,0.0,1.0,0.0,0.0,0.0,0.0,0.0,0.0,0.0
YQLD,1,3,0.25,0.25,0.0,0.0,0.0,0.0,1.0,0.0,0.0,0.0,0.25,0.25,0.0,0.0,0.0,0.25,0.0,0.75,0.0,0.0,0.0,0.0,0.75,0.0,0.0,0.0,0.25,0.0,0.0,0.25
EL,1,4,0.5,0.5,0.0,0.0,0.0,0.0,1.0,0.0,0.0,0.0,0.0,0.0,0.0,0.0,0.0,0.5,0.0,0.5,0.0,0.0,0.0,0.0,1.0,0.0,0.0,0.0,0.0,0.0,0.0,0.5
KHNRGDEF,1,0,0.125,0.0,0.0,0.0,0.0,0.0,0.875,0.0,0.0,0.0,0.25,0.125,0.0,0.0,0.0,0.125,0.0,0.375,0.0,0.0,0.0,0.0,1.0,0.0,0.0,0.0,0.0,0.0,0.0,0.125
LQGM,1,1,0.5,0.25,0.0,0.0,0.0,0.0,1.0,0.0,0.0,0.0,0.25,0.25,0.0,0.0,0.0,0.5,0.25,0.25,0.0,0.0,0.0,0.0,1.0,0.0,0.0,0.0,0.25,0.0,0.0,0.5
YLGAK,1,2,0.6,0.2,0.0,0.0,0.0,0.0,1.0,0.0,0.0,0.0,0.6,0.0,0.0,0.0,0.0,0.4,0.0,0.2,0.0,0.0,0.0,0.0,0.8,0.0,0.0,0.0,0.0,0.0,0.0,0.2
LLHH,1,3,0.5,0.5,0.0,0.333333,0.0,0.0,0.5,0.0,0.0,0.0,0.5,0.0,0.0,0.0,0.0,0.5,0.0,0.0,0.0,0.0,0.0,0.0,0.5,0.0,0.0,0.0,0.0,0.0,0.0,0.5
WPL,1,4,0.666667,0.333333,0.0,0.0,0.0,0.333333,1.0,0.0,0.0,0.0,0.333333,0.0,0.0,0.0,0.0,0.333333,0.0,0.0,0.0,0.0,0.0,0.0,1.0,0.0,0.0,0.0,0.0,0.0,0.0,0.666667
VPKNYFHDIV,1,0,0.4,0.0,0.0,0.0,0.0,0.1,1.0,0.0,0.0,0.0,0.3,0.1,0.0,0.0,0.0,0.4,0.0,0.3,0.0,0.0,0.0,0.0,1.0,0.0,0.0,0.1,0.0,0.111111,0.0,0.4
GPGGFI,1,1,0.833333,0.0,0.0,0.0,0.0,0.166667,1.0,0.0,0.0,0.0,0.666667,0.0,0.0,0.0,0.0,0.333333,0.0,0.0,0.0,0.0,0.0,0.0,1.0,0.0,0.0,0.166667,0.0,0.0,0.0,0.333333
LHE,1,2,0.333333,0.333333,0.0,0.5,0.0,0.0,1.0,0.0,0.0,0.0,0.333333,0.0,0.0,0.0,0.0,0.333333,0.0,0.333333,0.0,0.0,0.0,0.0,0.333333,0.0,0.0,0.0,0.0,0.0,0.0,0.333333
YMY,1,3,0.0,0.0,0.0,0.0,0.0,0.0,0.666667,0.0,0.0,0.0,0.666667,0.0,0.0,0.0,0.0,0.333333,0.333333,0.666667,0.0,0.0,0.0,0.0,1.0,0.0,0.0,0.0,0.0,0.0,0.0,0.333333
LDY,1,4,0.333333,0.333333,0.0,0.0,0.0,0.0,0.666667,0.0,0.0,0.0,0.333333,0.0,0.0,0.0,0.0,0.333333,0.0,0.666667,0.0,0.0,0.0,0.0,1.0,0.0,0.0,0.0,0.0,0.0,0.0,0.333333
FRSGILKLASKIPSVLCAVLKNC,1,0,0.521739,0.173913,0.0,0.0,0.045455,0.043478,1.0,0.0,0.0,0.0,0.304348,0.26087,0.0,0.0,0.0,0.565217,0.0,0.173913,0.0,0.0,0.0,0.0,1.0,0.058824,0.0,0.086957,0.0,0.045455,0.045455,0.478261
YHH,1,1,0.0,0.0,0.0,0.0,0.0,0.0,0.0,0.0,0.0,0.0,1.0,0.0,0.0,0.0,0.0,0.0,0.0,0.333333,0.0,0.0,0.0,0.0,0.333333,0.0,0.0,0.0,0.0,0.0,0.0,0.0
KD,1,2,0.0,0.0,0.0,0.0,0.0,0.0,1.0,0.0,0.0,0.0,0.0,0.0,0.0,0.0,0.0,0.0,0.0,0.5,0.0,0.0,0.0,0.0,0.0,0.0,0.0,0.0,0.0,0.0,0.0,0.0
IY,1,3,0.5,0.0,0.0,0.0,0.0,0.0,0.5,0.0,0.0,0.0,0.5,0.0,0.0,0.0,0.0,0.5,0.0,0.5,0.0,0.0,0.0,0.0,1.0,0.0,0.0,0.5,0.0,0.0,0.0,0.5
LQL,1,4,0.666667,0.666667,0.0,0.0,0.0,0.0,1.0,0.0,0.0,0.0,0.0,0.333333,0.0,0.0,0.0,0.666667,0.0,0.333333,0.0,0.0,0.0,0.0,1.0,0.0,0.0,0.0,0.333333,0.0,0.0,0.666667
YLGY,1,0,0.5,0.25,0.0,0.0,0.0,0.0,0.75,0.0,0.0,0.0,0.75,0.0,0.0,0.0,0.0,0.25,0.0,0.5,0.0,0.0,0.0,0.0,1.0,0.0,0.0,0.0,0.0,0.0,0.0,0.25
AEAQKQLR,1,1,0.375,0.125,0.0,0.0,0.0,0.0,1.0,0.0,0.0,0.0,0.25,0.25,0.0,0.0,0.0,0.375,0.0,0.375,0.0,0.0,0.0,0.0,0.875,0.0,0.0,0.0,0.25,0.0,0.0,0.125
YVEEL,1,2,0.4,0.2,0.0,0.0,0.0,0.0,1.0,0.0,0.0,0.0,0.2,0.0,0.0,0.0,0.0,0.4,0.0,0.6,0.0,0.0,0.0,0.0,1.0,0.0,0.0,0.0,0.0,0.0,0.0,0.4
LALPA,1,3,1.0,0.4,0.0,0.0,0.0,0.2,1.0,0.0,0.0,0.0,0.6,0.0,0.0,0.0,0.0,0.8,0.0,0.0,0.0,0.0,0.0,0.0,1.0,0.0,0.0,0.0,0.0,0.0,0.0,0.4
VAVDKHDYEPLGHSDIGVY,1,4,0.473684,0.052632,0.0,0.0,0.0,0.052632,0.947368,0.0,0.0,0.0,0.473684,0.052632,0.0,0.0,0.0,0.315789,0.0,0.368421,0.0,0.0,0.0,0.0,1.0,0.0,0.0,0.052632,0.0,0.0,0.0,0.263158
FPLEMMPF,1,0,0.375,0.125,0.0,0.0,0.0,0.25,0.875,0.0,0.0,0.0,0.25,0.0,0.0,0.0,0.0,0.625,0.25,0.125,0.142857,0.0,0.0,0.0,1.0,0.0,0.0,0.0,0.0,0.0,0.0,0.625
YAEERYPIL,1,1,0.444444,0.111111,0.0,0.0,0.0,0.111111,1.0,0.0,0.0,0.0,0.444444,0.0,0.0,0.0,0.0,0.333333,0.0,0.444444,0.0,0.0,0.0,0.0,1.0,0.0,0.0,0.111111,0.0,0.0,0.0,0.222222
CQC,1,2,0.0,0.0,0.0,0.0,0.0,0.0,1.0,0.0,0.0,0.0,0.0,1.0,0.0,0.0,0.0,0.666667,0.0,0.333333,0.0,0.0,0.0,0.0,1.0,0.0,0.0,0.0,0.333333,0.0,0.0,0.666667
YDY,1,3,0.0,0.0,0.0,0.0,0.0,0.0,0.666667,0.0,0.0,0.0,0.666667,0.0,0.0,0.0,0.0,0.0,0.0,1.0,0.0,0.0,0.0,0.0,1.0,0.0,0.0,0.0,0.0,0.0,0.0,0.0
LVMFLDNQHRVIRH,1,4,0.357143,0.142857,0.0,0.0,0.0,0.0,0.928571,0.0,0.076923,0.0,0.142857,0.142857,0.0,0.0,0.0,0.5,0.071429,0.214286,0.0,0.0,0.0,0.0,0.857143,0.0,0.0,0.071429,0.071429,0.0,0.0,0.5
EFLQ,1,0,0.25,0.25,0.0,0.0,0.0,0.0,1.0,0.0,0.0,0.0,0.0,0.25,0.0,0.0,0.0,0.5,0.0,0.5,0.0,0.0,0.0,0.0,1.0,0.0,0.0,0.0,0.25,0.0,0.0,0.5
AMRLTYNRPCLGAT,1,1,0.428571,0.142857,0.0,0.0,0.0,0.071429,1.0,0.0,0.0,0.0,0.5,0.285714,0.0,0.0,0.0,0.428571,0.071429,0.285714,0.0,0.0,0.0,0.0,1.0,0.0,0.0,0.0,0.0,0.0,0.0,0.285714
WISELG,1,2,0.5,0.166667,0.0,0.0,0.0,0.0,1.0,0.0,0.0,0.0,0.333333,0.166667,0.0,0.0,0.0,0.333333,0.0,0.333333,0.0,0.0,0.0,0.0,1.0,0.0,0.0,0.166667,0.0,0.0,0.0,0.5
AIRQGDVF,1,3,0.5,0.0,0.0,0.0,0.0,0.0,0.875,0.0,0.0,0.0,0.25,0.125,0.0,0.0,0.0,0.5,0.0,0.25,0.0,0.0,0.0,0.0,1.0,0.0,0.0,0.125,0.125,0.0,0.0,0.375
LGFEYY,1,4,0.333333,0.166667,0.0,0.0,0.0,0.0,0.666667,0.0,0.0,0.0,0.5,0.0,0.0,0.0,0.0,0.333333,0.0,0.5,0.0,0.0,0.0,0.0,1.0,0.0,0.0,0.0,0.0,0.0,0.0,0.333333
LHD,1,0,0.333333,0.333333,0.0,0.5,0.0,0.0,1.0,0.0,0.0,0.0,0.333333,0.0,0.0,0.0,0.0,0.333333,0.0,0.333333,0.0,0.0,0.0,0.0,0.333333,0.0,0.0,0.0,0.0,0.0,0.0,0.333333
DVFRELRVQ,1,1,0.333333,0.111111,0.0,0.0,0.0,0.0,1.0,0.0,0.0,0.0,0.0,0.111111,0.0,0.0,0.0,0.444444,0.0,0.333333,0.0,0.0,0.0,0.0,1.0,0.333333,0.0,0.0,0.111111,0.0,0.0,0.444444
HYY,1,2,0.0,0.0,0.0,0.0,0.0,0.0,0.0,0.0,0.0,0.0,1.0,0.0,0.0,0.0,0.0,0.0,0.0,0.666667,0.0,0.0,0.0,0.0,1.0,0.0,0.0,0.0,0.0,0.0,0.0,0.0
PHL,1,3,0.666667,0.333333,0.0,0.0,0.0,0.333333,1.0,0.5,0.0,0.0,0.666667,0.0,0.0,0.0,0.0,0.333333,0.0,0.0,0.0,0.0,0.0,0.0,1.0,0.0,0.0,0.0,0.0,0.0,0.0,0.333333
VPNSYP,1,4,0.5,0.0,0.0,0.0,0.0,0.333333,1.0,0.0,0.0,0.0,0.666667,0.333333,0.0,0.0,0.0,0.166667,0.0,0.5,0.0,0.0,0.0,0.0,1.0,0.0,0.0,0.0,0.0,0.0,0.0,0.166667
FPQY,1,0,0.25,0.0,0.0,0.0,0.0,0.25,0.75,0.0,0.0,0.0,0.5,0.25,0.0,0.0,0.0,0.25,0.0,0.5,0.0,0.0,0.0,0.0,1.0,0.0,0.0,0.0,0.25,0.0,0.0,0.25
YQEPVLGPVRGPFPIIV,1,1,0.705882,0.058824,0.0,0.0,0.0,0.235294,1.0,0.0,0.0,0.0,0.411765,0.058824,0.0,0.0,0.0,0.411765,0.0,0.176471,0.0625,0.0,0.0,0.0,1.0,0.090909,0.0,0.117647,0.058824,0.0,0.0,0.411765
LHY,1,2,0.333333,0.333333,0.0,0.5,0.0,0.0,0.333333,0.0,0.0,0.0,0.666667,0.0,0.0,0.0,0.0,0.333333,0.0,0.333333,0.0,0.0,0.0,0.0,1.0,0.0,0.0,0.0,0.0,0.0,0.0,0.333333
HH,1,3,0.0,0.0,0.0,0.0,0.0,0.0,0.0,0.0,0.0,0.0,1.0,0.0,0.0,0.0,0.0,0.0,0.0,0.0,0.0,0.0,0.0,0.0,0.0,0.0,0.0,0.0,0.0,0.0,0.0,0.0
LTTLDSE,1,4,0.285714,0.285714,0.0,0.0,0.0,0.0,1.0,0.0,0.0,0.0,0.428571,0.428571,0.0,0.0,0.0,0.285714,0.0,0.714286,0.0,0.0,0.0,0.0,0.857143,0.0,0.0,0.0,0.0,0.0,0.0,0.285714
PKAV,1,0,0.75,0.0,0.0,0.0,0.0,0.25,1.0,0.0,0.0,0.0,0.5,0.0,0.0,0.0,0.0,0.5,0.0,0.0,0.0,0.0,0.0,0.0,1.0,0.0,0.0,0.0,0.0,0.0,0.0,0.25
AKAWGIPPHVIPQIVPVRIRPLCGNV,1,1,0.692308,0.038462,0.0,0.0,0.0,0.192308,1.0,0.04,0.0,0.0,0.384615,0.115385,0.0,0.0,0.0,0.461538,0.0,0.076923,0.0,0.0,0.0,0.0,1.0,0.0,0.0,0.153846,0.038462,0.0,0.0,0.423077
IIENGEKWS,1,2,0.333333,0.0,0.0,0.0,0.0,0.0,1.0,0.0,0.0,0.0,0.222222,0.222222,0.0,0.0,0.0,0.222222,0.0,0.444444,0.0,0.0,0.0,0.0,1.0,0.0,0.0,0.222222,0.0,0.0,0.0,0.333333
MHI,1,3,0.333333,0.0,0.0,0.0,0.0,0.0,1.0,0.0,0.0,0.0,0.333333,0.0,0.0,0.0,0.0,0.666667,0.333333,0.0,0.0,0.0,0.0,0.0,1.0,0.0,0.0,0.333333,0.0,0.0,0.0,0.666667
NQE,1,4,0.0,0.0,0.0,0.0,0.0,0.0,1.0,0.0,0.0,0.0,0.0,0.666667,0.0,0.0,0.0,0.0,0.0,1.0,0.0,0.0,0.0,0.0,0.666667,0.0,0.0,0.0,0.333333,0.0,0.0,0.0
HPLH,1,0,0.5,0.25,0.0,0.333333,0.0,0.25,0.75,0.0,0.0,0.0,0.75,0.0,0.0,0.0,0.0,0.25,0.0,0.0,0.0,0.0,0.0,0.0,0.75,0.0,0.0,0.0,0.0,0.0,0.0,0.25
RWW,1,1,0.0,0.0,0.0,0.0,0.0,0.0,0.333333,0.0,0.0,0.0,0.0,0.0,0.0,0.0,0.0,0.0,0.0,0.0,0.0,0.0,0.0,0.0,1.0,0.0,0.0,0.0,0.0,0.0,0.0,0.666667
VPYPQ,1,2,0.6,0.0,0.0,0.0,0.0,0.4,1.0,0.0,0.0,0.0,0.6,0.2,0.0,0.0,0.0,0.2,0.0,0.4,0.0,0.0,0.0,0.0,1.0,0.0,0.0,0.0,0.2,0.0,0.0,0.2
SGAF,1,3,0.5,0.0,0.0,0.0,0.0,0.0,0.75,0.0,0.0,0.0,0.75,0.25,0.0,0.0,0.0,0.5,0.0,0.25,0.0,0.0,0.0,0.0,1.0,0.0,0.0,0.0,0.0,0.0,0.0,0.25
DSGVT,1,4,0.4,0.0,0.0,0.0,0.0,0.0,1.0,0.0,0.0,0.0,0.6,0.4,0.0,0.0,0.0,0.2,0.0,0.6,0.0,0.0,0.0,0.0,1.0,0.0,0.0,0.0,0.0,0.0,0.0,0.2
NHRYDR,1,0,0.0,0.0,0.0,0.0,0.0,0.0,1.0,0.0,0.0,0.0,0.333333,0.166667,0.0,0.0,0.0,0.0,0.0,0.5,0.0,0.0,0.0,0.0,0.666667,0.0,0.0,0.0,0.0,0.0,0.0,0.0
SVMPVVA,1,1,0.714286,0.0,0.0,0.0,0.0,0.142857,1.0,0.0,0.0,0.0,0.428571,0.142857,0.0,0.0,0.0,0.714286,0.142857,0.142857,0.0,0.0,0.0,0.0,1.0,0.0,0.0,0.0,0.0,0.0,0.0,0.571429
WEN,1,2,0.0,0.0,0.0,0.0,0.0,0.0,1.0,0.0,0.0,0.0,0.0,0.333333,0.0,0.0,0.0,0.0,0.0,0.666667,0.0,0.0,0.0,0.0,1.0,0.0,0.0,0.0,0.0,0.0,0.0,0.333333
HHPLL,1,3,0.6,0.4,0.0,0.0,0.0,0.2,1.0,0.0,0.0,0.0,0.6,0.0,0.0,0.0,0.0,0.4,0.0,0.0,0.0,0.0,0.0,0.0,1.0,0.0,0.0,0.0,0.0,0.0,0.0,0.4
RWE,1,4,0.0,0.0,0.0,0.0,0.0,0.0,1.0,0.0,0.0,0.0,0.0,0.0,0.0,0.0,0.0,0.0,0.0,0.333333,0.0,0.0,0.0,0.0,0.666667,0.0,0.0,0.0,0.0,0.0,0.0,0.333333
NFHPQ,1,0,0.2,0.0,0.0,0.0,0.0,0.2,1.0,0.0,0.0,0.0,0.4,0.4,0.0,0.0,0.0,0.2,0.0,0.4,0.0,0.0,0.0,0.0,1.0,0.0,0.0,0.0,0.2,0.0,0.0,0.2
DPALATEPDPMPF,1,1,0.538462,0.076923,0.0,0.0,0.0,0.307692,0.923077,0.0,0.0,0.0,0.538462,0.076923,0.0,0.0,0.0,0.384615,0.076923,0.307692,0.083333,0.0,0.0,0.0,1.0,0.142857,0.0,0.0,0.0,0.0,0.0,0.230769
AY,1,2,0.5,0.0,0.0,0.0,0.0,0.0,0.5,0.0,0.0,0.0,1.0,0.0,0.0,0.0,0.0,0.5,0.0,0.5,0.0,0.0,0.0,0.0,1.0,0.0,0.0,0.0,0.0,0.0,0.0,0.0
FVAGK,1,3,0.6,0.0,0.0,0.0,0.0,0.0,1.0,0.0,0.0,0.0,0.4,0.0,0.0,0.0,0.0,0.6,0.0,0.0,0.0,0.0,0.0,0.0,0.8,0.0,0.0,0.0,0.0,0.0,0.0,0.4
GIISHR,1,4,0.5,0.0,0.0,0.0,0.0,0.0,1.0,0.0,0.0,0.0,0.5,0.166667,0.0,0.0,0.0,0.333333,0.0,0.166667,0.0,0.0,0.0,0.0,0.666667,0.0,0.0,0.333333,0.0,0.0,0.0,0.333333
QHGV,1,0,0.5,0.0,0.0,0.0,0.0,0.0,1.0,0.0,0.0,0.0,0.5,0.25,0.0,0.0,0.0,0.25,0.0,0.25,0.0,0.0,0.0,0.0,1.0,0.0,0.0,0.0,0.25,0.0,0.0,0.25
GYY,1,1,0.333333,0.0,0.0,0.0,0.0,0.0,0.333333,0.0,0.0,0.0,1.0,0.0,0.0,0.0,0.0,0.0,0.0,0.666667,0.0,0.0,0.0,0.0,1.0,0.0,0.0,0.0,0.0,0.0,0.0,0.0
HWH,1,2,0.0,0.0,0.0,0.0,0.0,0.0,0.0,0.0,0.0,0.0,0.666667,0.0,0.0,0.0,0.0,0.0,0.0,0.0,0.0,0.0,0.0,0.0,0.666667,0.0,0.0,0.0,0.0,0.0,0.0,0.333333
LWN,1,3,0.333333,0.333333,0.5,0.0,0.0,0.0,1.0,0.0,0.0,0.0,0.0,0.333333,0.0,0.0,0.0,0.333333,0.0,0.333333,0.0,0.0,0.0,0.0,1.0,0.0,0.0,0.0,0.0,0.0,0.0,0.666667
DAQEKLE,1,4,0.285714,0.142857,0.0,0.0,0.0,0.0,1.0,0.0,0.0,0.0,0.142857,0.142857,0.0,0.0,0.0,0.285714,0.0,0.571429,0.0,0.0,0.0,0.0,0.857143,0.0,0.0,0.0,0.142857,0.0,0.0,0.142857
LANAK,1,0,0.6,0.2,0.0,0.0,0.0,0.0,1.0,0.0,0.0,0.0,0.4,0.2,0.0,0.0,0.0,0.6,0.0,0.2,0.0,0.0,0.0,0.0,0.8,0.0,0.0,0.0,0.0,0.0,0.0,0.2
YPEL,1,1,0.5,0.25,0.0,0.0,0.0,0.25,1.0,0.0,0.0,0.0,0.5,0.0,0.0,0.0,0.0,0.25,0.0,0.5,0.0,0.0,0.0,0.0,1.0,0.0,0.0,0.0,0.0,0.0,0.0,0.25
PYPQ,1,2,0.5,0.0,0.0,0.0,0.0,0.5,1.0,0.0,0.0,0.0,0.75,0.25,0.0,0.0,0.0,0.0,0.0,0.5,0.0,0.0,0.0,0.0,1.0,0.0,0.0,0.0,0.25,0.0,0.0,0.0
LY,1,3,0.5,0.5,0.0,0.0,0.0,0.0,0.5,0.0,0.0,0.0,0.5,0.0,0.0,0.0,0.0,0.5,0.0,0.5,0.0,0.0,0.0,0.0,1.0,0.0,0.0,0.0,0.0,0.0,0.0,0.5
VLYEE,1,4,0.4,0.2,0.0,0.0,0.0,0.0,1.0,0.0,0.0,0.0,0.2,0.0,0.0,0.0,0.0,0.4,0.0,0.6,0.0,0.0,0.0,0.0,0.6,0.0,0.0,0.0,0.0,0.0,0.0,0.4
YLKT,1,0,0.25,0.25,0.0,0.0,0.0,0.0,1.0,0.0,0.0,0.0,0.5,0.25,0.0,0.0,0.0,0.25,0.0,0.5,0.0,0.0,0.0,0.0,1.0,0.0,0.0,0.0,0.0,0.0,0.0,0.25
YYY,1,1,0.0,0.0,0.0,0.0,0.0,0.0,0.0,0.0,0.0,0.0,1.0,0.0,0.0,0.0,0.0,0.0,0.0,1.0,0.0,0.0,0.0,0.0,1.0,0.0,0.0,0.0,0.0,0.0,0.0,0.0
LWF,1,2,0.333333,0.333333,0.5,0.0,0.0,0.0,0.333333,0.0,0.0,0.0,0.0,0.0,0.0,0.0,0.0,0.666667,0.0,0.0,0.0,0.0,0.0,0.0,1.0,0.0,0.0,0.0,0.0,0.0,0.0,1.0
RHS,1,3,0.0,0.0,0.0,0.0,0.0,0.0,1.0,0.0,0.5,0.0,0.666667,0.333333,0.0,0.0,0.0,0.0,0.0,0.333333,0.0,0.0,0.0,0.0,1.0,0.0,0.0,0.0,0.0,0.0,0.0,0.0
APIRMWYMYRKLTDMEPKPVA,1,4,0.380952,0.047619,0.0,0.0,0.0,0.142857,1.0,0.0,0.0,0.0,0.380952,0.047619,0.0,0.0,0.0,0.380952,0.142857,0.238095,0.0,0.0,0.0,0.0,1.0,0.066667,0.0,0.047619,0.0,0.0,0.0,0.333333
MPDAHL,1,0,0.5,0.166667,0.0,0.0,0.0,0.166667,1.0,0.0,0.0,0.0,0.5,0.0,0.0,0.0,0.0,0.5,0.166667,0.166667,0.0,0.0,0.0,0.0,1.0,0.0,0.0,0.0,0.0,0.0,0.0,0.333333
EQC,1,1,0.0,0.0,0.0,0.0,0.0,0.0,1.0,0.0,0.0,0.0,0.0,0.666667,0.0,0.0,0.0,0.333333,0.0,0.666667,0.0,0.0,0.0,0.0,1.0,0.0,0.0,0.0,0.333333,0.0,0.0,0.333333
SGQYFL,1,2,0.333333,0.166667,0.0,0.0,0.0,0.0,1.0,0.0,0.0,0.0,0.5,0.333333,0.0,0.0,0.0,0.333333,0.0,0.5,0.0,0.0,0.0,0.0,1.0,0.0,0.0,0.0,0.166667,0.0,0.0,0.333333
PHN,1,3,0.333333,0.0,0.0,0.0,0.0,0.333333,1.0,0.5,0.0,0.0,0.666667,0.333333,0.0,0.0,0.0,0.0,0.0,0.333333,0.0,0.0,0.0,0.0,1.0,0.0,0.0,0.0,0.0,0.0,0.0,0.0
PHS,1,4,0.333333,0.0,0.0,0.0,0.0,0.333333,1.0,0.5,0.0,0.0,1.0,0.333333,0.0,0.0,0.0,0.0,0.0,0.333333,0.0,0.0,0.0,0.0,1.0,0.0,0.0,0.0,0.0,0.0,0.0,0.0
LNLPTAVYMVT,1,0,0.545455,0.181818,0.0,0.0,0.0,0.090909,1.0,0.0,0.0,0.0,0.454545,0.272727,0.0,0.0,0.0,0.545455,0.090909,0.363636,0.0,0.0,0.0,0.0,1.0,0.2,0.0,0.0,0.0,0.0,0.0,0.454545
GNRGFACRHA,1,1,0.4,0.0,0.0,0.0,0.0,0.0,1.0,0.0,0.111111,0.0,0.5,0.2,0.0,0.0,0.0,0.4,0.0,0.1,0.0,0.125,0.0,0.0,1.0,0.0,0.0,0.0,0.0,0.0,0.0,0.2
IPAGM,1,2,0.8,0.0,0.0,0.0,0.0,0.2,1.0,0.0,0.0,0.0,0.6,0.0,0.0,0.0,0.0,0.6,0.2,0.0,0.0,0.0,0.0,0.0,1.0,0.0,0.0,0.2,0.0,0.0,0.0,0.4
FDSGPAGVL,1,3,0.666667,0.111111,0.0,0.0,0.0,0.111111,1.0,0.0,0.0,0.0,0.555556,0.111111,0.0,0.0,0.0,0.444444,0.0,0.222222,0.0,0.0,0.0,0.0,1.0,0.0,0.0,0.0,0.0,0.0,0.0,0.333333
PSLPA,1,4,0.8,0.2,0.0,0.0,0.0,0.4,1.0,0.0,0.0,0.0,0.8,0.2,0.0,0.0,0.0,0.4,0.0,0.2,0.0,0.0,0.0,0.0,1.0,0.0,0.0,0.0,0.0,0.0,0.25,0.2
LVNPHDHQN,1,0,0.333333,0.111111,0.0,0.0,0.0,0.111111,1.0,0.125,0.0,0.0,0.333333,0.333333,0.0,0.0,0.0,0.222222,0.0,0.444444,0.0,0.0,0.0,0.0,1.0,0.333333,0.0,0.0,0.111111,0.0,0.0,0.222222
GSGGL,1,1,0.8,0.2,0.0,0.0,0.0,0.0,1.0,0.0,0.0,0.0,0.8,0.2,0.0,0.0,0.0,0.2,0.0,0.2,0.0,0.0,0.0,0.0,1.0,0.0,0.0,0.0,0.0,0.0,0.0,0.2
MEMK,1,2,0.0,0.0,0.0,0.0,0.0,0.0,1.0,0.0,0.0,0.0,0.0,0.0,0.0,0.0,0.0,0.5,0.5,0.25,0.0,0.0,0.0,0.0,0.75,0.0,0.0,0.0,0.0,0.0,0.0,0.5
EELDNALN,1,3,0.375,0.25,0.0,0.0,0.0,0.0,1.0,0.0,0.0,0.0,0.125,0.25,0.0,0.0,0.0,0.375,0.0,0.625,0.0,0.0,0.0,0.0,1.0,0.0,0.0,0.0,0.0,0.0,0.0,0.25
MWL,1,4,0.333333,0.333333,0.0,0.0,0.0,0.0,1.0,0.0,0.0,0.0,0.0,0.0,0.0,0.0,0.0,0.666667,0.333333,0.0,0.0,0.0,0.0,0.0,1.0,0.0,0.0,0.0,0.0,0.0,0.0,1.0
TGGGNV,1,0,0.666667,0.0,0.0,0.0,0.0,0.0,1.0,0.0,0.0,0.0,0.666667,0.333333,0.0,0.0,0.0,0.166667,0.0,0.333333,0.0,0.0,0.0,0.0,1.0,0.0,0.0,0.0,0.0,0.0,0.0,0.166667
RHM,1,1,0.0,0.0,0.0,0.0,0.0,0.0,1.0,0.0,0.5,0.0,0.333333,0.0,0.0,0.0,0.0,0.333333,0.333333,0.0,0.0,0.0,0.0,0.0,1.0,0.0,0.0,0.0,0.0,0.0,0.0,0.333333
DWDPK,1,2,0.2,0.0,0.0,0.0,0.0,0.2,1.0,0.0,0.0,0.0,0.2,0.0,0.0,0.0,0.0,0.0,0.0,0.4,0.0,0.0,0.0,0.0,0.8,0.0,0.0,0.0,0.0,0.0,0.0,0.2
NGLEGLK,1,3,0.571429,0.285714,0.0,0.0,0.0,0.0,1.0,0.0,0.0,0.0,0.285714,0.142857,0.0,0.0,0.0,0.285714,0.0,0.285714,0.0,0.0,0.0,0.0,0.857143,0.0,0.0,0.0,0.0,0.0,0.0,0.285714
RDMPIQ,1,4,0.333333,0.0,0.0,0.0,0.0,0.166667,1.0,0.0,0.0,0.0,0.166667,0.166667,0.0,0.0,0.0,0.333333,0.166667,0.333333,0.0,0.0,0.0,0.0,1.0,0.0,0.0,0.166667,0.166667,0.0,0.0,0.333333
GFFDRIKALTKNVTLELLNTITCKLPVTPP,1,0,0.466667,0.166667,0.0,0.0,0.0,0.1,1.0,0.0,0.0,0.0,0.333333,0.266667,0.0,0.0,0.0,0.433333,0.0,0.3,0.0,0.0,0.0,0.0,1.0,0.125,0.0,0.066667,0.0,0.034483,0.0,0.4
TYQTF,1,1,0.0,0.0,0.0,0.0,0.0,0.0,0.8,0.0,0.0,0.0,0.6,0.6,0.0,0.0,0.0,0.2,0.0,0.8,0.0,0.0,0.0,0.0,1.0,0.0,0.0,0.0,0.2,0.0,0.0,0.2
FLHRP,1,2,0.4,0.2,0.0,0.25,0.0,0.2,1.0,0.0,0.0,0.0,0.4,0.0,0.0,0.0,0.0,0.4,0.0,0.0,0.0,0.0,0.0,0.0,1.0,0.0,0.0,0.0,0.0,0.0,0.0,0.4
LQPGQGQQ,1,3,0.5,0.125,0.0,0.0,0.0,0.125,1.0,0.0,0.0,0.0,0.375,0.5,0.0,0.0,0.0,0.125,0.0,0.5,0.0,0.0,0.0,0.0,1.0,0.5,0.0,0.0,0.5,0.0,0.0,0.125
AQIPQQ,1,4,0.5,0.0,0.0,0.0,0.0,0.166667,1.0,0.0,0.0,0.0,0.333333,0.5,0.0,0.0,0.0,0.333333,0.0,0.5,0.0,0.0,0.0,0.0,1.0,0.0,0.0,0.166667,0.5,0.0,0.0,0.166667
SDRDLLGPNNQYLPK,1,0,0.4,0.2,0.0,0.0,0.0,0.133333,1.0,0.0,0.0,0.0,0.333333,0.266667,0.0,0.0,0.0,0.2,0.0,0.466667,0.0,0.0,0.0,0.0,0.933333,0.111111,0.0,0.0,0.066667,0.0,0.0,0.2
AGWNIP,1,1,0.666667,0.0,0.0,0.0,0.0,0.166667,1.0,0.0,0.0,0.0,0.5,0.166667,0.0,0.0,0.0,0.333333,0.0,0.166667,0.0,0.0,0.5,0.0,1.0,0.0,0.0,0.166667,0.0,0.0,0.0,0.333333
IQW,1,2,0.333333,0.0,0.0,0.0,0.0,0.0,0.666667,0.0,0.0,0.0,0.0,0.333333,0.0,0.0,0.0,0.333333,0.0,0.333333,0.0,0.0,0.0,0.0,1.0,0.0,0.0,0.333333,0.333333,0.0,0.0,0.666667
RPDFDLEPPY,1,3,0.4,0.1,0.0,0.0,0.0,0.3,0.9,0.0,0.0,0.0,0.4,0.0,0.0,0.0,0.0,0.2,0.0,0.4,0.0,0.0,0.0,0.0,1.0,0.25,0.0,0.0,0.0,0.0,0.0,0.2
TETWNPNHPEL,1,4,0.272727,0.090909,0.0,0.0,0.0,0.181818,1.0,0.0,0.0,0.0,0.454545,0.363636,0.0,0.0,0.0,0.090909,0.0,0.545455,0.0,0.0,0.0,0.0,1.0,0.0,0.0,0.0,0.0,0.0,0.0,0.181818
RHT,1,0,0.0,0.0,0.0,0.0,0.0,0.0,1.0,0.0,0.5,0.0,0.666667,0.333333,0.0,0.0,0.0,0.0,0.0,0.333333,0.0,0.0,0.0,0.0,1.0,0.0,0.0,0.0,0.0,0.0,0.0,0.0
LPHH,1,1,0.5,0.25,0.0,0.0,0.0,0.25,0.5,0.333333,0.0,0.0,0.75,0.0,0.0,0.0,0.0,0.25,0.0,0.0,0.0,0.0,0.0,0.0,0.5,0.0,0.0,0.0,0.0,0.0,0.0,0.25
YLAGKPQQEH,1,2,0.4,0.1,0.0,0.0,0.0,0.1,0.9,0.0,0.0,0.0,0.5,0.2,0.0,0.0,0.0,0.2,0.0,0.4,0.0,0.0,0.0,0.0,0.8,0.0,0.0,0.0,0.2,0.0,0.0,0.1
KVI,1,3,0.666667,0.0,0.0,0.0,0.0,0.0,1.0,0.0,0.0,0.0,0.0,0.0,0.0,0.0,0.0,0.666667,0.0,0.0,0.0,0.0,0.0,0.0,1.0,0.0,0.0,0.333333,0.0,0.0,0.0,0.666667
PWF,1,4,0.333333,0.0,0.0,0.0,0.0,0.333333,0.333333,0.0,0.0,0.0,0.333333,0.0,0.0,0.0,0.0,0.333333,0.0,0.0,0.0,0.0,0.0,0.0,1.0,0.0,0.0,0.0,0.0,0.0,0.0,0.666667
EYY,1,0,0.0,0.0,0.0,0.0,0.0,0.0,0.333333,0.0,0.0,0.0,0.666667,0.0,0.0,0.0,0.0,0.0,0.0,1.0,0.0,0.0,0.0,0.0,1.0,0.0,0.0,0.0,0.0,0.0,0.0,0.0
HHF,1,1,0.0,0.0,0.0,0.0,0.0,0.0,0.0,0.0,0.0,0.0,0.666667,0.0,0.0,0.0,0.0,0.333333,0.0,0.0,0.0,0.0,0.0,0.0,1.0,0.0,0.0,0.0,0.0,0.0,0.0,0.333333
YFE,1,2,0.0,0.0,0.0,0.0,0.0,0.0,1.0,0.0,0.0,0.0,0.333333,0.0,0.0,0.0,0.0,0.333333,0.0,0.666667,0.0,0.0,0.0,0.0,0.666667,0.0,0.0,0.0,0.0,0.0,0.0,0.333333
VVGGDGDV,1,3,0.75,0.0,0.0,0.0,0.0,0.0,1.0,0.0,0.0,0.0,0.375,0.0,0.0,0.0,0.0,0.375,0.0,0.25,0.0,0.0,0.0,0.0,1.0,0.5,0.0,0.0,0.0,0.0,0.0,0.375
KFPE,1,4,0.25,0.0,0.0,0.0,0.0,0.25,1.0,0.0,0.0,0.0,0.25,0.0,0.0,0.0,0.0,0.25,0.0,0.25,0.0,0.0,0.0,0.0,0.75,0.0,0.0,0.0,0.0,0.0,0.0,0.25
YGLN,1,0,0.5,0.25,0.0,0.0,0.0,0.0,1.0,0.0,0.0,0.0,0.5,0.25,0.0,0.0,0.0,0.25,0.0,0.5,0.0,0.0,0.0,0.0,1.0,0.0,0.0,0.0,0.0,0.0,0.0,0.25
RHY,1,1,0.0,0.0,0.0,0.0,0.0,0.0,0.333333,0.0,0.5,0.0,0.666667,0.0,0.0,0.0,0.0,0.0,0.0,0.333333,0.0,0.0,0.0,0.0,1.0,0.0,0.0,0.0,0.0,0.0,0.0,0.0
KAI,1,2,0.666667,0.0,0.0,0.0,0.0,0.0,1.0,0.0,0.0,0.0,0.333333,0.0,0.0,0.0,0.0,0.666667,0.0,0.0,0.0,0.0,0.0,0.0,1.0,0.0,0.0,0.333333,0.0,0.0,0.0,0.333333
ACQ,1,3,0.333333,0.0,0.0,0.0,0.0,0.0,1.0,0.0,0.0,0.0,0.333333,0.666667,0.0,0.0,0.0,0.666667,0.0,0.333333,0.0,0.0,0.0,0.0,1.0,0.0,0.0,0.0,0.333333,0.0,0.0,0.333333
IAPNYNTRATKL,1,4,0.416667,0.083333,0.0,0.0,0.0,0.083333,1.0,0.0,0.0,0.0,0.5,0.333333,0.0,0.0,0.0,0.333333,0.0,0.416667,0.0,0.0,0.0,0.0,1.0,0.0,0.0,0.083333,0.0,0.0,0.0,0.166667
YGY,1,0,0.333333,0.0,0.0,0.0,0.0,0.0,0.666667,0.0,0.0,0.0,1.0,0.0,0.0,0.0,0.0,0.0,0.0,0.666667,0.0,0.0,0.0,0.0,1.0,0.0,0.0,0.0,0.0,0.0,0.0,0.0
LELHKLRSSHWFSRR,1,1,0.2,0.2,0.0,0.071429,0.071429,0.0,1.0,0.0,0.0,0.0,0.333333,0.2,0.0,0.0,0.0,0.266667,0.0,0.266667,0.0,0.0,0.0,0.0,0.866667,0.111111,0.0,0.0,0.0,0.0,0.0,0.333333
TDY,1,2,0.0,0.0,0.0,0.0,0.0,0.0,0.666667,0.0,0.0,0.0,0.666667,0.333333,0.0,0.0,0.0,0.0,0.0,1.0,0.0,0.0,0.0,0.0,1.0,0.0,0.0,0.0,0.0,0.0,0.0,0.0
YYN,1,3,0.0,0.0,0.0,0.0,0.0,0.0,1.0,0.0,0.0,0.0,0.666667,0.333333,0.0,0.0,0.0,0.0,0.0,1.0,0.0,0.0,0.0,0.0,1.0,0.0,0.0,0.0,0.0,0.0,0.0,0.0
WYSLAMAASDI,1,4,0.454545,0.090909,0.0,0.0,0.0,0.0,1.0,0.0,0.0,0.0,0.545455,0.181818,0.0,0.0,0.0,0.545455,0.090909,0.363636,0.0,0.0,0.0,0.0,1.0,0.2,0.0,0.090909,0.0,0.0,0.0,0.363636
GYLEQ,1,0,0.4,0.2,0.0,0.0,0.0,0.0,1.0,0.0,0.0,0.0,0.4,0.2,0.0,0.0,0.0,0.2,0.0,0.6,0.0,0.0,0.0,0.0,1.0,0.0,0.0,0.0,0.2,0.0,0.0,0.2
RWG,1,1,0.333333,0.0,0.0,0.0,0.0,0.0,1.0,0.0,0.0,0.0,0.333333,0.0,0.0,0.0,0.0,0.0,0.0,0.0,0.0,0.0,0.0,0.0,1.0,0.0,0.0,0.0,0.0,0.0,0.0,0.333333
WVYY,1,2,0.25,0.0,0.0,0.0,0.0,0.0,0.5,0.0,0.0,0.0,0.5,0.0,0.0,0.0,0.0,0.25,0.0,0.5,0.0,0.0,0.0,0.0,1.0,0.0,0.0,0.0,0.0,0.0,0.0,0.5
RNR,1,3,0.0,0.0,0.0,0.0,0.0,0.0,1.0,0.0,0.0,0.0,0.0,0.333333,0.0,0.0,0.0,0.0,0.0,0.333333,0.0,0.0,0.0,0.0,0.666667,0.0,0.0,0.0,0.0,0.0,0.0,0.0
WPP,1,4,0.666667,0.0,0.0,0.0,0.0,0.666667,1.0,0.0,0.0,0.0,0.666667,0.0,0.0,0.0,0.0,0.0,0.0,0.0,0.0,0.0,0.0,0.0,1.0,0.0,0.0,0.0,0.0,0.0,0.0,0.333333
LWT,1,0,0.333333,0.333333,0.5,0.0,0.0,0.0,1.0,0.0,0.0,0.0,0.333333,0.333333,0.0,0.0,0.0,0.333333,0.0,0.333333,0.0,0.0,0.0,0.0,1.0,0.0,0.0,0.0,0.0,0.0,0.0,0.666667
IVEYF,1,1,0.4,0.0,0.0,0.0,0.0,0.0,0.6,0.0,0.0,0.0,0.2,0.0,0.0,0.0,0.0,0.6,0.0,0.4,0.0,0.0,0.0,0.0,1.0,0.0,0.0,0.2,0.0,0.0,0.0,0.6
LVGDEQAVPAVCVP,1,2,0.714286,0.071429,0.0,0.0,0.0,0.142857,1.0,0.0,0.0,0.0,0.357143,0.142857,0.0,0.0,0.0,0.571429,0.0,0.214286,0.0,0.0,0.0,0.0,1.0,0.125,0.0,0.0,0.071429,0.0,0.0,0.428571
RHQ,1,3,0.0,0.0,0.0,0.0,0.0,0.0,1.0,0.0,0.5,0.0,0.333333,0.333333,0.0,0.0,0.0,0.0,0.0,0.333333,0.0,0.0,0.0,0.0,1.0,0.0,0.0,0.0,0.333333,0.0,0.0,0.0
RW,1,4,0.0,0.0,0.0,0.0,0.0,0.0,0.5,0.0,0.0,0.0,0.0,0.0,0.0,0.0,0.0,0.0,0.0,0.0,0.0,0.0,0.0,0.0,1.0,0.0,0.0,0.0,0.0,0.0,0.0,0.5
VYY,1,0,0.333333,0.0,0.0,0.0,0.0,0.0,0.333333,0.0,0.0,0.0,0.666667,0.0,0.0,0.0,0.0,0.333333,0.0,0.666667,0.0,0.0,0.0,0.0,1.0,0.0,0.0,0.0,0.0,0.0,0.0,0.333333
VKL,1,1,0.666667,0.333333,0.0,0.0,0.0,0.0,1.0,0.0,0.0,0.0,0.0,0.0,0.0,0.0,0.0,0.666667,0.0,0.0,0.0,0.0,0.0,0.0,1.0,0.0,0.0,0.0,0.0,0.0,0.0,0.666667
VW,1,2,0.5,0.0,0.0,0.0,0.0,0.0,0.5,0.0,0.0,0.0,0.0,0.0,0.0,0.0,0.0,0.5,0.0,0.0,0.0,0.0,0.0,0.0,1.0,0.0,0.0,0.0,0.0,0.0,0.0,1.0
GAH,1,3,0.666667,0.0,0.0,0.0,0.0,0.0,0.666667,0.0,0.0,0.0,1.0,0.0,0.0,0.0,0.0,0.333333,0.0,0.0,0.0,0.0,0.0,0.0,0.666667,0.0,0.0,0.0,0.0,0.0,0.0,0.0
GIFE,1,4,0.5,0.0,0.0,0.0,0.0,0.0,1.0,0.0,0.0,0.0,0.25,0.0,0.0,0.0,0.0,0.5,0.0,0.25,0.0,0.0,0.0,0.0,0.75,0.0,0.0,0.25,0.0,0.0,0.0,0.5
YNL,1,0,0.333333,0.333333,0.0,0.0,0.0,0.0,1.0,0.0,0.0,0.0,0.333333,0.333333,0.0,0.0,0.0,0.333333,0.0,0.666667,0.0,0.0,0.0,0.0,1.0,0.0,0.0,0.0,0.0,0.0,0.0,0.333333
YQIGL,1,1,0.6,0.2,0.0,0.0,0.0,0.0,1.0,0.0,0.0,0.0,0.4,0.2,0.0,0.0,0.0,0.4,0.0,0.4,0.0,0.0,0.0,0.0,1.0,0.0,0.0,0.2,0.2,0.0,0.0,0.4
GVPLT,1,2,0.8,0.2,0.0,0.0,0.0,0.2,1.0,0.0,0.0,0.0,0.6,0.2,0.0,0.0,0.0,0.4,0.0,0.2,0.0,0.0,0.0,0.0,1.0,0.0,0.0,0.0,0.0,0.0,0.0,0.4
RHN,1,3,0.0,0.0,0.0,0.0,0.0,0.0,1.0,0.0,0.5,0.0,0.333333,0.333333,0.0,0.0,0.0,0.0,0.0,0.333333,0.0,0.0,0.0,0.0,1.0,0.0,0.0,0.0,0.0,0.0,0.0,0.0
RLKKY,1,4,0.2,0.2,0.0,0.0,0.0,0.0,0.8,0.0,0.0,0.0,0.2,0.0,0.0,0.0,0.0,0.2,0.0,0.2,0.0,0.0,0.0,0.0,1.0,0.0,0.0,0.0,0.0,0.0,0.0,0.2
ECA,1,0,0.333333,0.0,0.0,0.0,0.0,0.0,1.0,0.0,0.0,0.0,0.333333,0.333333,0.0,0.0,0.0,0.666667,0.0,0.333333,0.0,0.0,0.0,0.0,1.0,0.0,0.0,0.0,0.0,0.0,0.0,0.333333
ALEPDHR,1,1,0.428571,0.142857,0.0,0.0,0.0,0.142857,1.0,0.0,0.0,0.0,0.428571,0.0,0.0,0.0,0.0,0.285714,0.0,0.285714,0.0,0.0,0.0,0.0,0.571429,0.0,0.0,0.0,0.0,0.0,0.0,0.142857
RHI,1,2,0.333333,0.0,0.0,0.0,0.0,0.0,1.0,0.0,0.5,0.0,0.333333,0.0,0.0,0.0,0.0,0.333333,0.0,0.0,0.0,0.0,0.0,0.0,1.0,0.0,0.0,0.333333,0.0,0.0,0.0,0.333333
IRW,1,3,0.333333,0.0,0.0,0.0,0.0,0.0,0.666667,0.0,0.0,0.0,0.0,0.0,0.0,0.0,0.0,0.333333,0.0,0.0,0.0,0.0,0.0,0.0,1.0,0.0,0.0,0.333333,0.0,0.0,0.0,0.666667
AYPS,1,4,0.5,0.0,0.0,0.0,0.0,0.25,1.0,0.0,0.0,0.0,1.0,0.25,0.0,0.0,0.0,0.25,0.0,0.5,0.0,0.0,0.0,0.0,1.0,0.0,0.0,0.0,0.0,0.0,0.333333,0.0
MHH,1,0,0.0,0.0,0.0,0.0,0.0,0.0,0.333333,0.0,0.0,0.0,0.666667,0.0,0.0,0.0,0.0,0.333333,0.333333,0.0,0.0,0.0,0.0,0.0,0.333333,0.0,0.0,0.0,0.0,0.0,0.0,0.333333
RHF,1,1,0.0,0.0,0.0,0.0,0.0,0.0,0.333333,0.0,0.5,0.0,0.333333,0.0,0.0,0.0,0.0,0.333333,0.0,0.0,0.0,0.0,0.0,0.0,1.0,0.0,0.0,0.0,0.0,0.0,0.0,0.333333
RYY,1,2,0.0,0.0,0.0,0.0,0.0,0.0,0.333333,0.0,0.0,0.0,0.666667,0.0,0.0,0.0,0.0,0.0,0.0,0.666667,0.0,0.0,0.0,0.0,1.0,0.0,0.0,0.0,0.0,0.0,0.0,0.0
VSYT,1,3,0.25,0.0,0.0,0.0,0.0,0.0,1.0,0.0,0.0,0.0,0.75,0.5,0.0,0.0,0.0,0.25,0.0,0.75,0.0,0.0,0.0,0.0,1.0,0.0,0.0,0.0,0.0,0.0,0.0,0.25
FFAPGRNPTSFS,1,4,0.333333,0.0,0.0,0.0,0.0,0.166667,1.0,0.0,0.0,0.0,0.583333,0.333333,0.0,0.0,0.0,0.333333,0.0,0.333333,0.0,0.0,0.0,0.0,1.0,0.0,0.0,0.0,0.0,0.0,0.0,0.25
SVYT,1,0,0.25,0.0,0.0,0.0,0.0,0.0,1.0,0.0,0.0,0.0,0.75,0.5,0.0,0.0,0.0,0.25,0.0,0.75,0.0,0.0,0.0,0.0,1.0,0.0,0.0,0.0,0.0,0.0,0.0,0.25
CVHWMTNTARTACIAP,1,1,0.375,0.0,0.0,0.0,0.0,0.0625,1.0,0.0,0.0,0.0,0.5,0.375,0.0,0.0,0.0,0.5,0.0625,0.25,0.0,0.0,0.0,0.0,1.0,0.1,0.0,0.0625,0.0,0.0,0.0,0.375
PHW,1,2,0.333333,0.0,0.0,0.0,0.0,0.333333,0.333333,0.5,0.0,0.0,0.666667,0.0,0.0,0.0,0.0,0.0,0.0,0.0,0.0,0.0,0.0,0.0,1.0,0.0,0.0,0.0,0.0,0.0,0.0,0.333333
YYH,1,3,0.0,0.0,0.0,0.0,0.0,0.0,0.0,0.0,0.0,0.0,1.0,0.0,0.0,0.0,0.0,0.0,0.0,0.666667,0.0,0.0,0.0,0.0,0.666667,0.0,0.0,0.0,0.0,0.0,0.0,0.0
IEAEGE,1,4,0.5,0.0,0.0,0.0,0.0,0.0,1.0,0.0,0.0,0.0,0.333333,0.0,0.0,0.0,0.0,0.333333,0.0,0.5,0.0,0.0,0.0,0.0,0.833333,0.0,0.0,0.166667,0.0,0.0,0.0,0.166667
LPHSGY,1,0,0.5,0.166667,0.0,0.0,0.0,0.166667,0.833333,0.2,0.0,0.0,0.833333,0.166667,0.0,0.0,0.0,0.166667,0.0,0.333333,0.0,0.0,0.0,0.0,1.0,0.0,0.0,0.0,0.0,0.0,0.0,0.166667
VPW,1,1,0.666667,0.0,0.0,0.0,0.0,0.333333,0.666667,0.0,0.0,0.0,0.333333,0.0,0.0,0.0,0.0,0.333333,0.0,0.0,0.0,0.0,0.0,0.0,1.0,0.0,0.0,0.0,0.0,0.0,0.0,0.666667
HHPL,1,2,0.5,0.25,0.0,0.0,0.0,0.25,1.0,0.0,0.0,0.0,0.75,0.0,0.0,0.0,0.0,0.25,0.0,0.0,0.0,0.0,0.0,0.0,1.0,0.0,0.0,0.0,0.0,0.0,0.0,0.25
YWY,1,3,0.0,0.0,0.0,0.0,0.0,0.0,0.0,0.0,0.0,0.0,0.666667,0.0,0.0,0.0,0.0,0.0,0.0,0.666667,0.0,0.0,0.0,0.0,1.0,0.0,0.0,0.0,0.0,0.0,0.0,0.333333
VHH,1,4,0.333333,0.0,0.0,0.0,0.0,0.0,0.333333,0.0,0.0,0.0,0.666667,0.0,0.0,0.0,0.0,0.333333,0.0,0.0,0.0,0.0,0.0,0.0,0.333333,0.0,0.0,0.0,0.0,0.0,0.0,0.333333
PHI,1,0,0.666667,0.0,0.0,0.0,0.0,0.333333,1.0,0.5,0.0,0.0,0.666667,0.0,0.0,0.0,0.0,0.333333,0.0,0.0,0.0,0.0,0.0,0.0,1.0,0.0,0.0,0.333333,0.0,0.0,0.0,0.333333
FDEQE,1,1,0.0,0.0,0.0,0.0,0.0,0.0,1.0,0.0,0.0,0.0,0.0,0.2,0.0,0.0,0.0,0.2,0.0,0.8,0.0,0.0,0.0,0.0,0.8,0.0,0.0,0.0,0.2,0.0,0.0,0.2
FLQEFLHV,1,2,0.375,0.25,0.0,0.142857,0.0,0.0,1.0,0.0,0.0,0.0,0.125,0.125,0.0,0.0,0.0,0.625,0.0,0.25,0.0,0.0,0.0,0.0,1.0,0.0,0.0,0.0,0.125,0.0,0.0,0.625
DYK,1,3,0.0,0.0,0.0,0.0,0.0,0.0,1.0,0.0,0.0,0.0,0.333333,0.0,0.0,0.0,0.0,0.0,0.0,0.666667,0.0,0.0,0.0,0.0,0.666667,0.0,0.0,0.0,0.0,0.0,0.0,0.0
FC,1,4,0.0,0.0,0.0,0.0,0.0,0.0,1.0,0.0,0.0,0.0,0.0,0.5,0.0,0.0,0.0,1.0,0.0,0.0,0.0,0.0,0.0,0.0,1.0,0.0,0.0,0.0,0.0,0.0,0.0,1.0
SNAAC,1,0,0.4,0.0,0.0,0.0,0.0,0.0,1.0,0.0,0.0,0.0,0.6,0.6,0.0,0.0,0.0,0.6,0.0,0.4,0.0,0.0,0.0,0.0,1.0,0.0,0.0,0.0,0.0,0.0,0.0,0.2
YLL,1,1,0.666667,0.666667,0.0,0.0,0.0,0.0,1.0,0.0,0.0,0.0,0.333333,0.0,0.0,0.0,0.0,0.666667,0.0,0.333333,0.0,0.0,0.0,0.0,1.0,0.0,0.0,0.0,0.0,0.0,0.0,0.666667
VGDI,1,2,0.75,0.0,0.0,0.0,0.0,0.0,1.0,0.0,0.0,0.0,0.25,0.0,0.0,0.0,0.0,0.5,0.0,0.25,0.0,0.0,0.0,0.0,1.0,0.0,0.0,0.25,0.0,0.0,0.0,0.5
LWH,1,3,0.333333,0.333333,0.5,0.0,0.0,0.0,0.333333,0.0,0.0,0.0,0.333333,0.0,0.0,0.0,0.0,0.333333,0.0,0.0,0.0,0.0,0.0,0.0,0.666667,0.0,0.0,0.0,0.0,0.0,0.0,0.666667
WYGPD,1,4,0.4,0.0,0.0,0.0,0.0,0.2,1.0,0.0,0.0,0.0,0.6,0.0,0.0,0.0,0.0,0.0,0.0,0.4,0.0,0.0,0.0,0.0,0.8,0.0,0.0,0.0,0.0,0.0,0.0,0.2
FYY,1,0,0.0,0.0,0.0,0.0,0.0,0.0,0.0,0.0,0.0,0.0,0.666667,0.0,0.0,0.0,0.0,0.333333,0.0,0.666667,0.0,0.0,0.0,0.0,1.0,0.0,0.0,0.0,0.0,0.0,0.0,0.333333
AGTTCLFTPLALPYDYSH,1,1,0.444444,0.166667,0.0,0.0,0.0,0.111111,0.944444,0.0,0.0,0.0,0.666667,0.277778,0.0,0.0,0.0,0.388889,0.0,0.388889,0.0,0.0,0.0,0.0,0.944444,0.083333,0.0,0.0,0.0,0.0,0.0,0.277778
LYY,1,2,0.333333,0.333333,0.0,0.0,0.0,0.0,0.333333,0.0,0.0,0.0,0.666667,0.0,0.0,0.0,0.0,0.333333,0.0,0.666667,0.0,0.0,0.0,0.0,1.0,0.0,0.0,0.0,0.0,0.0,0.0,0.333333
AMRLTGNRPGLYAT,1,3,0.5,0.142857,0.0,0.0,0.0,0.071429,1.0,0.0,0.0,0.0,0.571429,0.214286,0.0,0.0,0.0,0.357143,0.071429,0.285714,0.0,0.083333,0.0,0.0,1.0,0.0,0.0,0.0,0.0,0.0,0.0,0.214286
EFQI,1,4,0.25,0.0,0.0,0.0,0.0,0.0,1.0,0.0,0.0,0.0,0.0,0.25,0.0,0.0,0.0,0.5,0.0,0.5,0.0,0.0,0.0,0.0,1.0,0.0,0.0,0.25,0.25,0.0,0.0,0.5
FIPGLRRLFATVVPTVVCAINKLPPG,1,0,0.653846,0.115385,0.0,0.0,0.0,0.153846,1.0,0.0,0.0,0.0,0.384615,0.153846,0.0,0.0,0.0,0.538462,0.0,0.115385,0.0,0.041667,0.0,0.0,1.0,0.0,0.043478,0.076923,0.0,0.0,0.0,0.461538
LWM,1,1,0.333333,0.333333,0.5,0.0,0.0,0.0,1.0,0.0,0.0,0.0,0.0,0.0,0.0,0.0,0.0,0.666667,0.333333,0.0,0.0,0.0,0.0,0.0,1.0,0.0,0.0,0.0,0.0,0.0,0.0,1.0
AGWNIPIGT,1,2,0.666667,0.0,0.0,0.0,0.0,0.111111,1.0,0.0,0.0,0.0,0.555556,0.222222,0.0,0.0,0.0,0.333333,0.0,0.222222,0.0,0.0,0.2,0.0,1.0,0.333333,0.0,0.222222,0.0,0.0,0.0,0.333333
AEERYP,1,3,0.333333,0.0,0.0,0.0,0.0,0.166667,1.0,0.0,0.0,0.0,0.5,0.0,0.0,0.0,0.0,0.166667,0.0,0.5,0.0,0.0,0.0,0.0,1.0,0.0,0.0,0.0,0.0,0.0,0.0,0.0
YRY,1,4,0.0,0.0,0.0,0.0,0.0,0.0,0.666667,0.0,0.0,0.0,0.666667,0.0,0.0,0.0,0.0,0.0,0.0,0.666667,0.0,0.0,0.0,0.0,1.0,0.0,0.0,0.0,0.0,0.0,0.0,0.0
PWR,1,0,0.333333,0.0,0.0,0.0,0.0,0.333333,1.0,0.0,0.0,0.0,0.333333,0.0,0.0,0.0,0.0,0.0,0.0,0.0,0.0,0.0,0.0,0.0,0.666667,0.0,0.0,0.0,0.0,0.0,0.0,0.333333
PPQ,1,1,0.666667,0.0,0.0,0.0,0.0,0.666667,1.0,0.0,0.0,0.0,0.666667,0.333333,0.0,0.0,0.0,0.0,0.0,0.333333,0.0,0.0,0.0,0.0,1.0,0.0,0.0,0.0,0.333333,0.0,0.0,0.0
YYQ,1,2,0.0,0.0,0.0,0.0,0.0,0.0,1.0,0.0,0.0,0.0,0.666667,0.333333,0.0,0.0,0.0,0.0,0.0,1.0,0.0,0.0,0.0,0.0,1.0,0.0,0.0,0.0,0.333333,0.0,0.0,0.0
IQY,1,3,0.333333,0.0,0.0,0.0,0.0,0.0,0.666667,0.0,0.0,0.0,0.333333,0.333333,0.0,0.0,0.0,0.333333,0.0,0.666667,0.0,0.0,0.0,0.0,1.0,0.0,0.0,0.333333,0.333333,0.0,0.0,0.333333
YEADARSFHDLAEHDIRV,1,4,0.333333,0.055556,0.0,0.0,0.058824,0.0,1.0,0.0,0.0,0.0,0.388889,0.055556,0.0,0.0,0.0,0.388889,0.0,0.388889,0.0,0.0,0.0,0.0,1.0,0.083333,0.0,0.055556,0.0,0.0,0.0,0.222222
NPYVPR,1,0,0.5,0.0,0.0,0.0,0.0,0.333333,1.0,0.0,0.0,0.0,0.5,0.166667,0.0,0.0,0.0,0.166667,0.0,0.333333,0.0,0.0,0.0,0.0,0.833333,0.0,0.0,0.0,0.0,0.0,0.0,0.166667
AMRLTYNRPCIYAT,1,1,0.357143,0.071429,0.0,0.0,0.0,0.071429,1.0,0.0,0.0,0.0,0.5,0.285714,0.0,0.0,0.0,0.428571,0.071429,0.357143,0.0,0.0,0.0,0.0,1.0,0.125,0.0,0.071429,0.0,0.0,0.0,0.285714
RYL,1,2,0.333333,0.333333,0.0,0.0,0.0,0.0,1.0,0.0,0.0,0.0,0.333333,0.0,0.0,0.0,0.0,0.333333,0.0,0.333333,0.0,0.0,0.0,0.0,1.0,0.0,0.0,0.0,0.0,0.0,0.0,0.333333
FLPF,1,3,0.5,0.25,0.0,0.0,0.0,0.25,0.75,0.0,0.0,0.0,0.25,0.0,0.0,0.0,0.0,0.75,0.0,0.0,0.333333,0.0,0.0,0.0,1.0,0.0,0.0,0.0,0.0,0.0,0.0,0.75
LMCH,1,4,0.25,0.25,0.0,0.0,0.0,0.0,0.75,0.0,0.0,0.0,0.25,0.25,0.0,0.0,0.0,0.75,0.25,0.0,0.0,0.0,0.0,0.0,0.75,0.0,0.0,0.0,0.0,0.0,0.0,0.75
EAK,1,0,0.333333,0.0,0.0,0.0,0.0,0.0,1.0,0.0,0.0,0.0,0.333333,0.0,0.0,0.0,0.0,0.333333,0.0,0.333333,0.0,0.0,0.0,0.0,0.666667,0.0,0.0,0.0,0.0,0.0,0.0,0.0
LSGYGP,1,1,0.666667,0.166667,0.0,0.0,0.0,0.166667,1.0,0.0,0.0,0.0,0.833333,0.166667,0.0,0.0,0.0,0.166667,0.0,0.333333,0.0,0.0,0.0,0.0,1.0,0.0,0.0,0.0,0.0,0.0,0.0,0.166667
YVL,1,2,0.666667,0.333333,0.0,0.0,0.0,0.0,1.0,0.0,0.0,0.0,0.333333,0.0,0.0,0.0,0.0,0.666667,0.0,0.333333,0.0,0.0,0.0,0.0,1.0,0.0,0.0,0.0,0.0,0.0,0.0,0.666667
SHH,1,3,0.0,0.0,0.0,0.0,0.0,0.0,0.333333,0.0,0.0,0.0,1.0,0.333333,0.0,0.0,0.0,0.0,0.0,0.333333,0.0,0.0,0.0,0.0,0.333333,0.0,0.0,0.0,0.0,0.0,0.0,0.0
WYY,1,4,0.0,0.0,0.0,0.0,0.0,0.0,0.0,0.0,0.0,0.0,0.666667,0.0,0.0,0.0,0.0,0.0,0.0,0.666667,0.0,0.0,0.0,0.0,1.0,0.0,0.0,0.0,0.0,0.0,0.0,0.333333
LPL,1,0,1.0,0.666667,0.0,0.0,0.0,0.333333,1.0,0.0,0.0,0.0,0.333333,0.0,0.0,0.0,0.0,0.666667,0.0,0.0,0.0,0.0,0.0,0.0,1.0,0.0,0.0,0.0,0.0,0.0,0.0,0.666667
SDF,1,1,0.0,0.0,0.0,0.0,0.0,0.0,0.666667,0.0,0.0,0.0,0.333333,0.333333,0.0,0.0,0.0,0.333333,0.0,0.666667,0.0,0.0,0.0,0.0,1.0,0.0,0.0,0.0,0.0,0.0,0.0,0.333333
WSY,1,2,0.0,0.0,0.0,0.0,0.0,0.0,0.666667,0.0,0.0,0.0,0.666667,0.333333,0.0,0.0,0.0,0.0,0.0,0.666667,0.0,0.0,0.0,0.0,1.0,0.0,0.0,0.0,0.0,0.0,0.0,0.333333
FVNQPYLLYSVHMK,1,3,0.357143,0.142857,0.0,0.0,0.0,0.071429,1.0,0.0,0.0,0.0,0.357143,0.214286,0.0,0.0,0.0,0.428571,0.071429,0.357143,0.0,0.0,0.0,0.0,0.928571,0.0,0.0,0.0,0.071429,0.0,0.0,0.428571
VKEAMPK,1,4,0.428571,0.0,0.0,0.0,0.0,0.142857,1.0,0.0,0.0,0.0,0.285714,0.0,0.0,0.0,0.0,0.428571,0.142857,0.142857,0.0,0.0,0.0,0.0,0.857143,0.0,0.0,0.0,0.0,0.0,0.0,0.285714
YYR,1,0,0.0,0.0,0.0,0.0,0.0,0.0,1.0,0.0,0.0,0.0,0.666667,0.0,0.0,0.0,0.0,0.0,0.0,0.666667,0.0,0.0,0.0,0.0,0.666667,0.0,0.0,0.0,0.0,0.0,0.0,0.0
RWH,1,1,0.0,0.0,0.0,0.0,0.0,0.0,0.333333,0.0,0.0,0.0,0.333333,0.0,0.0,0.0,0.0,0.0,0.0,0.0,0.0,0.0,0.0,0.0,0.666667,0.0,0.0,0.0,0.0,0.0,0.0,0.333333
AMRLTYNKPCLYGT,1,2,0.357143,0.142857,0.0,0.0,0.0,0.071429,1.0,0.0,0.0,0.0,0.5,0.285714,0.0,0.0,0.0,0.357143,0.071429,0.357143,0.0,0.0,0.0,0.0,1.0,0.125,0.0,0.0,0.0,0.0,0.0,0.285714
KGLWE,1,3,0.4,0.2,0.25,0.0,0.0,0.0,1.0,0.0,0.0,0.0,0.2,0.0,0.0,0.0,0.0,0.2,0.0,0.2,0.0,0.0,0.0,0.0,0.8,0.0,0.0,0.0,0.0,0.0,0.0,0.4
IYY,1,4,0.333333,0.0,0.0,0.0,0.0,0.0,0.333333,0.0,0.0,0.0,0.666667,0.0,0.0,0.0,0.0,0.333333,0.0,0.666667,0.0,0.0,0.0,0.0,1.0,0.0,0.0,0.333333,0.0,0.0,0.0,0.333333
LQPGQGQQG,1,0,0.555556,0.111111,0.0,0.0,0.0,0.111111,1.0,0.0,0.0,0.0,0.444444,0.444444,0.0,0.0,0.0,0.111111,0.0,0.444444,0.0,0.0,0.0,0.0,1.0,0.333333,0.0,0.0,0.444444,0.0,0.0,0.111111
GVQEGAGHYALL,1,1,0.666667,0.166667,0.0,0.0,0.0,0.0,1.0,0.0,0.0,0.0,0.583333,0.083333,0.0,0.0,0.0,0.416667,0.0,0.25,0.0,0.0,0.0,0.0,1.0,0.166667,0.0,0.0,0.083333,0.0,0.0,0.25
LWD,1,2,0.333333,0.333333,0.5,0.0,0.0,0.0,1.0,0.0,0.0,0.0,0.0,0.0,0.0,0.0,0.0,0.333333,0.0,0.333333,0.0,0.0,0.0,0.0,0.666667,0.0,0.0,0.0,0.0,0.0,0.0,0.666667
MPACGSS,1,3,0.428571,0.0,0.0,0.0,0.0,0.142857,1.0,0.0,0.0,0.0,0.714286,0.428571,0.0,0.0,0.0,0.428571,0.142857,0.285714,0.0,0.0,0.0,0.0,1.0,0.0,0.0,0.0,0.0,0.0,0.0,0.285714
KLSDW,1,4,0.2,0.2,0.0,0.0,0.0,0.0,0.8,0.0,0.0,0.0,0.2,0.2,0.0,0.0,0.0,0.2,0.0,0.4,0.0,0.0,0.0,0.0,1.0,0.0,0.0,0.0,0.0,0.0,0.0,0.4
YPFPG,1,0,0.6,0.0,0.0,0.0,0.0,0.4,1.0,0.0,0.0,0.0,0.8,0.0,0.0,0.0,0.0,0.2,0.0,0.2,0.25,0.0,0.0,0.0,1.0,0.0,0.0,0.0,0.0,0.0,0.0,0.2
VPSGK,1,1,0.6,0.0,0.0,0.0,0.0,0.2,1.0,0.0,0.0,0.0,0.6,0.2,0.0,0.0,0.0,0.2,0.0,0.2,0.0,0.0,0.0,0.0,0.8,0.0,0.0,0.0,0.0,0.0,0.25,0.2
LLGPGLTNHA,1,2,0.7,0.3,0.0,0.0,0.0,0.1,1.0,0.0,0.0,0.0,0.6,0.2,0.0,0.0,0.0,0.4,0.0,0.2,0.0,0.0,0.0,0.0,1.0,0.0,0.0,0.0,0.0,0.0,0.0,0.3
YQK,1,3,0.0,0.0,0.0,0.0,0.0,0.0,1.0,0.0,0.0,0.0,0.333333,0.333333,0.0,0.0,0.0,0.0,0.0,0.666667,0.0,0.0,0.0,0.0,0.666667,0.0,0.0,0.0,0.333333,0.0,0.0,0.0
HNPI,1,4,0.5,0.0,0.0,0.0,0.0,0.25,1.0,0.0,0.0,0.0,0.5,0.25,0.0,0.0,0.0,0.25,0.0,0.25,0.0,0.0,0.0,0.0,1.0,0.0,0.0,0.25,0.0,0.0,0.0,0.25
RWT,1,0,0.0,0.0,0.0,0.0,0.0,0.0,1.0,0.0,0.0,0.0,0.333333,0.333333,0.0,0.0,0.0,0.0,0.0,0.333333,0.0,0.0,0.0,0.0,1.0,0.0,0.0,0.0,0.0,0.0,0.0,0.333333
PSYV,1,1,0.5,0.0,0.0,0.0,0.0,0.25,1.0,0.0,0.0,0.0,0.75,0.25,0.0,0.0,0.0,0.25,0.0,0.5,0.0,0.0,0.0,0.0,1.0,0.0,0.0,0.0,0.0,0.0,0.333333,0.25
YFYPEL,1,2,0.333333,0.166667,0.0,0.0,0.0,0.166667,1.0,0.0,0.0,0.0,0.5,0.0,0.0,0.0,0.0,0.333333,0.0,0.5,0.0,0.0,0.0,0.0,1.0,0.0,0.0,0.0,0.0,0.0,0.0,0.333333
CSQAPLA,1,3,0.571429,0.142857,0.0,0.0,0.0,0.142857,1.0,0.0,0.0,0.0,0.571429,0.428571,0.0,0.0,0.0,0.571429,0.0,0.285714,0.0,0.0,0.0,0.0,1.0,0.0,0.0,0.0,0.142857,0.0,0.0,0.285714
DYY,1,4,0.0,0.0,0.0,0.0,0.0,0.0,0.333333,0.0,0.0,0.0,0.666667,0.0,0.0,0.0,0.0,0.0,0.0,1.0,0.0,0.0,0.0,0.0,1.0,0.0,0.0,0.0,0.0,0.0,0.0,0.0
YYIVS,1,0,0.4,0.0,0.0,0.0,0.0,0.0,1.0,0.0,0.0,0.0,0.6,0.2,0.0,0.0,0.0,0.4,0.0,0.6,0.0,0.0,0.0,0.0,1.0,0.0,0.0,0.2,0.0,0.0,0.0,0.4
TVYQ,1,1,0.25,0.0,0.0,0.0,0.0,0.0,1.0,0.0,0.0,0.0,0.5,0.5,0.0,0.0,0.0,0.25,0.0,0.75,0.0,0.0,0.0,0.0,1.0,0.0,0.0,0.0,0.25,0.0,0.0,0.25
HHP,1,2,0.333333,0.0,0.0,0.0,0.0,0.333333,1.0,0.0,0.0,0.0,1.0,0.0,0.0,0.0,0.0,0.0,0.0,0.0,0.0,0.0,0.0,0.0,1.0,0.0,0.0,0.0,0.0,0.0,0.0,0.0
GGE,1,3,0.666667,0.0,0.0,0.0,0.0,0.0,1.0,0.0,0.0,0.0,0.666667,0.0,0.0,0.0,0.0,0.0,0.0,0.333333,0.0,0.0,0.0,0.0,0.666667,0.0,0.0,0.0,0.0,0.0,0.0,0.0
FYPEL,1,4,0.4,0.2,0.0,0.0,0.0,0.2,1.0,0.0,0.0,0.0,0.4,0.0,0.0,0.0,0.0,0.4,0.0,0.4,0.0,0.0,0.0,0.0,1.0,0.0,0.0,0.0,0.0,0.0,0.0,0.4
ARHPHP,1,0,0.5,0.0,0.0,0.0,0.0,0.333333,1.0,0.2,0.2,0.0,0.833333,0.0,0.0,0.0,0.0,0.166667,0.0,0.0,0.0,0.0,0.0,0.0,1.0,0.0,0.0,0.0,0.0,0.0,0.0,0.0
WSRRGEREEEDERRR,1,1,0.066667,0.0,0.0,0.0,0.0,0.0,1.0,0.0,0.0,0.0,0.133333,0.066667,0.0,0.0,0.0,0.0,0.0,0.466667,0.0,0.076923,0.0,0.0,0.333333,0.222222,0.0,0.0,0.0,0.0,0.0,0.066667
VFPW,1,2,0.5,0.0,0.0,0.0,0.0,0.25,0.75,0.0,0.0,0.0,0.25,0.0,0.0,0.0,0.0,0.5,0.0,0.0,0.0,0.0,0.0,0.0,1.0,0.0,0.0,0.0,0.0,0.0,0.0,0.75
YQEPVLGP,1,3,0.625,0.125,0.0,0.0,0.0,0.25,1.0,0.0,0.0,0.0,0.5,0.125,0.0,0.0,0.0,0.25,0.0,0.375,0.0,0.0,0.0,0.0,1.0,0.0,0.0,0.0,0.125,0.0,0.0,0.25
PWI,1,4,0.666667,0.0,0.0,0.0,0.0,0.333333,1.0,0.0,0.0,0.0,0.333333,0.0,0.0,0.0,0.0,0.333333,0.0,0.0,0.0,0.0,0.0,0.0,1.0,0.0,0.0,0.333333,0.0,0.0,0.0,0.666667
FEQI,1,0,0.25,0.0,0.0,0.0,0.0,0.0,1.0,0.0,0.0,0.0,0.0,0.25,0.0,0.0,0.0,0.5,0.0,0.5,0.0,0.0,0.0,0.0,1.0,0.0,0.0,0.25,0.25,0.0,0.0,0.5
LHV,1,1,0.666667,0.333333,0.0,0.5,0.0,0.0,1.0,0.0,0.0,0.0,0.333333,0.0,0.0,0.0,0.0,0.666667,0.0,0.0,0.0,0.0,0.0,0.0,1.0,0.0,0.0,0.0,0.0,0.0,0.0,0.666667
VKEAMAPK,1,2,0.5,0.0,0.0,0.0,0.0,0.125,1.0,0.0,0.0,0.0,0.375,0.0,0.0,0.0,0.0,0.5,0.125,0.125,0.0,0.0,0.0,0.0,0.875,0.5,0.0,0.0,0.0,0.0,0.0,0.25
VLSRYPS,1,3,0.428571,0.142857,0.0,0.0,0.0,0.142857,1.0,0.0,0.0,0.0,0.571429,0.285714,0.0,0.0,0.0,0.285714,0.0,0.428571,0.0,0.0,0.0,0.0,1.0,0.0,0.0,0.0,0.0,0.0,0.166667,0.285714
PHV,1,4,0.666667,0.0,0.0,0.0,0.0,0.333333,1.0,0.5,0.0,0.0,0.666667,0.0,0.0,0.0,0.0,0.333333,0.0,0.0,0.0,0.0,0.0,0.0,1.0,0.0,0.0,0.0,0.0,0.0,0.0,0.333333
LLPHHH,1,0,0.5,0.333333,0.0,0.0,0.0,0.166667,0.5,0.2,0.0,0.0,0.666667,0.0,0.0,0.0,0.0,0.333333,0.0,0.0,0.0,0.0,0.0,0.0,0.5,0.0,0.0,0.0,0.0,0.0,0.0,0.333333
ALP,1,1,1.0,0.333333,0.0,0.0,0.0,0.333333,1.0,0.0,0.0,0.0,0.666667,0.0,0.0,0.0,0.0,0.666667,0.0,0.0,0.0,0.0,0.0,0.0,1.0,0.0,0.0,0.0,0.0,0.0,0.0,0.333333
WL,1,2,0.5,0.5,0.0,0.0,0.0,0.0,1.0,0.0,0.0,0.0,0.0,0.0,0.0,0.0,0.0,0.5,0.0,0.0,0.0,0.0,0.0,0.0,1.0,0.0,0.0,0.0,0.0,0.0,0.0,1.0
PQIPEQF,1,3,0.428571,0.0,0.0,0.0,0.0,0.285714,0.857143,0.0,0.0,0.0,0.285714,0.285714,0.0,0.0,0.0,0.285714,0.0,0.428571,0.0,0.0,0.0,0.0,1.0,0.0,0.0,0.142857,0.285714,0.0,0.0,0.285714
YNILSGFDTEL,1,4,0.363636,0.181818,0.0,0.0,0.0,0.0,1.0,0.0,0.0,0.0,0.363636,0.272727,0.0,0.0,0.0,0.363636,0.0,0.545455,0.0,0.0,0.0,0.0,1.0,0.0,0.0,0.090909,0.0,0.0,0.0,0.363636
SMRKPPG,1,0,0.428571,0.0,0.0,0.0,0.0,0.285714,1.0,0.0,0.0,0.0,0.571429,0.142857,0.0,0.0,0.0,0.142857,0.142857,0.142857,0.0,0.0,0.0,0.0,1.0,0.0,0.0,0.0,0.0,0.0,0.0,0.142857
FHH,1,1,0.0,0.0,0.0,0.0,0.0,0.0,0.0,0.0,0.0,0.0,0.666667,0.0,0.0,0.0,0.0,0.333333,0.0,0.0,0.0,0.0,0.0,0.0,0.333333,0.0,0.0,0.0,0.0,0.0,0.0,0.333333
PC,1,2,0.5,0.0,0.0,0.0,0.0,0.5,1.0,0.0,0.0,0.0,0.5,0.5,0.0,0.0,0.0,0.5,0.0,0.0,0.0,0.0,0.0,0.0,1.0,0.0,0.0,0.0,0.0,0.0,0.0,0.5
ADASVLPK,1,3,0.625,0.125,0.0,0.0,0.0,0.125,1.0,0.0,0.0,0.0,0.5,0.125,0.0,0.0,0.0,0.5,0.0,0.25,0.0,0.0,0.0,0.0,0.875,0.0,0.0,0.0,0.0,0.0,0.0,0.25
AQK,1,4,0.333333,0.0,0.0,0.0,0.0,0.0,1.0,0.0,0.0,0.0,0.333333,0.333333,0.0,0.0,0.0,0.333333,0.0,0.333333,0.0,0.0,0.0,0.0,0.666667,0.0,0.0,0.0,0.333333,0.0,0.0,0.0
PAGY,1,0,0.75,0.0,0.0,0.0,0.0,0.25,0.75,0.0,0.0,0.0,1.0,0.0,0.0,0.0,0.0,0.25,0.0,0.25,0.0,0.0,0.0,0.0,1.0,0.0,0.0,0.0,0.0,0.0,0.0,0.0
FDK,1,1,0.0,0.0,0.0,0.0,0.0,0.0,1.0,0.0,0.0,0.0,0.0,0.0,0.0,0.0,0.0,0.333333,0.0,0.333333,0.0,0.0,0.0,0.0,0.333333,0.0,0.0,0.0,0.0,0.0,0.0,0.333333
YIEAVNKVSPRAGQF,1,2,0.466667,0.0,0.0,0.0,0.0,0.066667,0.933333,0.0,0.0,0.0,0.4,0.2,0.0,0.0,0.0,0.4,0.0,0.333333,0.0,0.0,0.0,0.0,1.0,0.0,0.0,0.066667,0.066667,0.0,0.0,0.266667
FDYDPR,1,3,0.166667,0.0,0.0,0.0,0.0,0.166667,1.0,0.0,0.0,0.0,0.333333,0.0,0.0,0.0,0.0,0.166667,0.0,0.5,0.0,0.0,0.0,0.0,0.833333,0.0,0.0,0.0,0.0,0.0,0.0,0.166667
IPIQY,1,4,0.6,0.0,0.0,0.0,0.0,0.2,0.8,0.0,0.0,0.0,0.4,0.2,0.0,0.0,0.0,0.4,0.0,0.4,0.0,0.0,0.0,0.0,1.0,0.0,0.0,0.4,0.2,0.0,0.0,0.4
KVL,1,0,0.666667,0.333333,0.0,0.0,0.0,0.0,1.0,0.0,0.0,0.0,0.0,0.0,0.0,0.0,0.0,0.666667,0.0,0.0,0.0,0.0,0.0,0.0,1.0,0.0,0.0,0.0,0.0,0.0,0.0,0.666667
GLDIQK,1,1,0.5,0.166667,0.0,0.0,0.0,0.0,1.0,0.0,0.0,0.0,0.166667,0.166667,0.0,0.0,0.0,0.333333,0.0,0.333333,0.0,0.0,0.0,0.0,0.833333,0.0,0.0,0.166667,0.166667,0.0,0.0,0.333333
PHHADS,1,2,0.333333,0.0,0.0,0.0,0.0,0.166667,1.0,0.2,0.0,0.0,0.833333,0.166667,0.0,0.0,0.0,0.166667,0.0,0.333333,0.0,0.0,0.0,0.0,1.0,0.0,0.0,0.0,0.0,0.0,0.0,0.0
YTY,1,3,0.0,0.0,0.0,0.0,0.0,0.0,0.666667,0.0,0.0,0.0,1.0,0.333333,0.0,0.0,0.0,0.0,0.0,1.0,0.0,0.0,0.0,0.0,1.0,0.0,0.0,0.0,0.0,0.0,0.0,0.0
DLE,1,4,0.333333,0.333333,0.0,0.0,0.0,0.0,1.0,0.0,0.0,0.0,0.0,0.0,0.0,0.0,0.0,0.333333,0.0,0.666667,0.0,0.0,0.0,0.0,0.666667,0.0,0.0,0.0,0.0,0.0,0.0,0.333333
GPP,1,0,1.0,0.0,0.0,0.0,0.0,0.666667,1.0,0.0,0.0,0.0,1.0,0.0,0.0,0.0,0.0,0.0,0.0,0.0,0.0,0.0,0.0,0.0,1.0,0.0,0.0,0.0,0.0,0.0,0.0,0.0
FD,1,1,0.0,0.0,0.0,0.0,0.0,0.0,1.0,0.0,0.0,0.0,0.0,0.0,0.0,0.0,0.0,0.5,0.0,0.5,0.0,0.0,0.0,0.0,0.5,0.0,0.0,0.0,0.0,0.0,0.0,0.5
LNE,1,2,0.333333,0.333333,0.0,0.0,0.0,0.0,1.0,0.0,0.0,0.0,0.0,0.333333,0.0,0.0,0.0,0.333333,0.0,0.666667,0.0,0.0,0.0,0.0,0.666667,0.0,0.0,0.0,0.0,0.0,0.0,0.333333
AELQVVDHLGQTV,1,3,0.538462,0.153846,0.0,0.0,0.0,0.0,1.0,0.0,0.0,0.0,0.307692,0.230769,0.0,0.0,0.0,0.461538,0.0,0.384615,0.0,0.0,0.0,0.0,1.0,0.142857,0.0,0.0,0.153846,0.0,0.0,0.384615
GDL,1,4,0.666667,0.333333,0.0,0.0,0.0,0.0,1.0,0.0,0.0,0.0,0.333333,0.0,0.0,0.0,0.0,0.333333,0.0,0.333333,0.0,0.0,0.0,0.0,1.0,0.0,0.0,0.0,0.0,0.0,0.0,0.333333
LLAPPER,1,0,0.714286,0.285714,0.0,0.0,0.0,0.285714,1.0,0.0,0.0,0.0,0.428571,0.0,0.0,0.0,0.0,0.428571,0.0,0.142857,0.0,0.0,0.0,0.0,0.714286,0.0,0.0,0.0,0.0,0.0,0.0,0.285714
PAV,1,1,1.0,0.0,0.0,0.0,0.0,0.333333,1.0,0.0,0.0,0.0,0.666667,0.0,0.0,0.0,0.0,0.666667,0.0,0.0,0.0,0.0,0.0,0.0,1.0,0.0,0.0,0.0,0.0,0.0,0.0,0.333333
VLDTGLAGA,1,2,0.777778,0.222222,0.0,0.0,0.0,0.0,1.0,0.0,0.0,0.0,0.555556,0.111111,0.0,0.0,0.0,0.555556,0.0,0.222222,0.0,0.0,0.0,0.0,1.0,0.0,0.0,0.0,0.0,0.0,0.0,0.333333
PEL,1,3,0.666667,0.333333,0.0,0.0,0.0,0.333333,1.0,0.0,0.0,0.0,0.333333,0.0,0.0,0.0,0.0,0.333333,0.0,0.333333,0.0,0.0,0.0,0.0,1.0,0.0,0.0,0.0,0.0,0.0,0.0,0.333333
LVSGM,1,4,0.6,0.2,0.0,0.0,0.0,0.0,1.0,0.0,0.0,0.0,0.4,0.2,0.0,0.0,0.0,0.6,0.2,0.2,0.0,0.0,0.0,0.0,1.0,0.0,0.0,0.0,0.0,0.0,0.0,0.6
YA,1,0,0.5,0.0,0.0,0.0,0.0,0.0,1.0,0.0,0.0,0.0,1.0,0.0,0.0,0.0,0.0,0.5,0.0,0.5,0.0,0.0,0.0,0.0,1.0,0.0,0.0,0.0,0.0,0.0,0.0,0.0
QLE,1,1,0.333333,0.333333,0.0,0.0,0.0,0.0,1.0,0.0,0.0,0.0,0.0,0.333333,0.0,0.0,0.0,0.333333,0.0,0.666667,0.0,0.0,0.0,0.0,0.666667,0.0,0.0,0.0,0.333333,0.0,0.0,0.333333
VFD,1,2,0.333333,0.0,0.0,0.0,0.0,0.0,1.0,0.0,0.0,0.0,0.0,0.0,0.0,0.0,0.0,0.666667,0.0,0.333333,0.0,0.0,0.0,0.0,0.666667,0.0,0.0,0.0,0.0,0.0,0.0,0.666667
LWR,1,3,0.333333,0.333333,0.5,0.0,0.0,0.0,1.0,0.0,0.0,0.0,0.0,0.0,0.0,0.0,0.0,0.333333,0.0,0.0,0.0,0.0,0.0,0.0,0.666667,0.0,0.0,0.0,0.0,0.0,0.0,0.666667
PEV,1,4,0.666667,0.0,0.0,0.0,0.0,0.333333,1.0,0.0,0.0,0.0,0.333333,0.0,0.0,0.0,0.0,0.333333,0.0,0.333333,0.0,0.0,0.0,0.0,1.0,0.0,0.0,0.0,0.0,0.0,0.0,0.333333
AEFAES,1,0,0.333333,0.0,0.0,0.0,0.0,0.0,1.0,0.0,0.0,0.0,0.5,0.166667,0.0,0.0,0.0,0.5,0.0,0.5,0.0,0.0,0.0,0.0,1.0,0.0,0.0,0.0,0.0,0.0,0.0,0.166667
TKI,1,1,0.333333,0.0,0.0,0.0,0.0,0.0,1.0,0.0,0.0,0.0,0.333333,0.333333,0.0,0.0,0.0,0.333333,0.0,0.333333,0.0,0.0,0.0,0.0,1.0,0.0,0.0,0.333333,0.0,0.0,0.0,0.333333
PEG,1,2,0.666667,0.0,0.0,0.0,0.0,0.333333,1.0,0.0,0.0,0.0,0.666667,0.0,0.0,0.0,0.0,0.0,0.0,0.333333,0.0,0.0,0.0,0.0,1.0,0.0,0.0,0.0,0.0,0.0,0.0,0.0
ESIINF,1,3,0.333333,0.0,0.0,0.0,0.0,0.0,0.833333,0.0,0.0,0.0,0.166667,0.333333,0.0,0.0,0.0,0.5,0.0,0.5,0.0,0.0,0.0,0.0,1.0,0.0,0.0,0.333333,0.0,0.0,0.0,0.5
EFFDVSNEQ,1,4,0.111111,0.0,0.0,0.0,0.0,0.0,1.0,0.0,0.0,0.0,0.111111,0.333333,0.0,0.0,0.0,0.333333,0.0,0.666667,0.0,0.0,0.0,0.0,1.0,0.0,0.0,0.0,0.111111,0.0,0.0,0.333333
GAQ,1,0,0.666667,0.0,0.0,0.0,0.0,0.0,1.0,0.0,0.0,0.0,0.666667,0.333333,0.0,0.0,0.0,0.333333,0.0,0.333333,0.0,0.0,0.0,0.0,1.0,0.0,0.0,0.0,0.333333,0.0,0.0,0.0
VTQ,1,1,0.333333,0.0,0.0,0.0,0.0,0.0,1.0,0.0,0.0,0.0,0.333333,0.666667,0.0,0.0,0.0,0.333333,0.0,0.666667,0.0,0.0,0.0,0.0,1.0,0.0,0.0,0.0,0.333333,0.0,0.0,0.333333
VLPIPQ,1,2,0.833333,0.166667,0.0,0.0,0.0,0.333333,1.0,0.0,0.0,0.0,0.333333,0.166667,0.0,0.0,0.0,0.5,0.0,0.166667,0.0,0.0,0.0,0.0,1.0,0.0,0.0,0.166667,0.166667,0.0,0.0,0.5
ILL,1,3,1.0,0.666667,0.0,0.0,0.0,0.0,1.0,0.0,0.0,0.0,0.0,0.0,0.0,0.0,0.0,1.0,0.0,0.0,0.0,0.0,0.0,0.0,1.0,0.0,0.0,0.333333,0.0,0.0,0.0,1.0
LGLNGDDVN,1,4,0.555556,0.222222,0.0,0.0,0.0,0.0,1.0,0.0,0.0,0.0,0.222222,0.222222,0.0,0.0,0.0,0.333333,0.0,0.444444,0.0,0.0,0.0,0.0,1.0,0.0,0.0,0.0,0.0,0.0,0.0,0.333333
YQEP,1,0,0.25,0.0,0.0,0.0,0.0,0.25,1.0,0.0,0.0,0.0,0.5,0.25,0.0,0.0,0.0,0.0,0.0,0.75,0.0,0.0,0.0,0.0,1.0,0.0,0.0,0.0,0.25,0.0,0.0,0.0
LYPY,1,1,0.5,0.25,0.0,0.0,0.0,0.25,0.75,0.0,0.0,0.0,0.75,0.0,0.0,0.0,0.0,0.25,0.0,0.5,0.0,0.0,0.0,0.0,1.0,0.0,0.0,0.0,0.0,0.0,0.0,0.25
HPIKHQGLPQ,1,2,0.5,0.1,0.0,0.0,0.0,0.2,1.0,0.0,0.0,0.0,0.5,0.2,0.0,0.0,0.0,0.2,0.0,0.2,0.0,0.0,0.0,0.0,1.0,0.0,0.0,0.1,0.2,0.0,0.0,0.2
QAL,1,3,0.666667,0.333333,0.0,0.0,0.0,0.0,1.0,0.0,0.0,0.0,0.333333,0.333333,0.0,0.0,0.0,0.666667,0.0,0.333333,0.0,0.0,0.0,0.0,1.0,0.0,0.0,0.0,0.333333,0.0,0.0,0.333333
ADGF,1,4,0.5,0.0,0.0,0.0,0.0,0.0,0.75,0.0,0.0,0.0,0.5,0.0,0.0,0.0,0.0,0.5,0.0,0.25,0.0,0.0,0.0,0.0,1.0,0.0,0.0,0.0,0.0,0.0,0.0,0.25
AEP,1,0,0.666667,0.0,0.0,0.0,0.0,0.333333,1.0,0.0,0.0,0.0,0.666667,0.0,0.0,0.0,0.0,0.333333,0.0,0.333333,0.0,0.0,0.0,0.0,1.0,0.0,0.0,0.0,0.0,0.0,0.0,0.0
YSK,1,1,0.0,0.0,0.0,0.0,0.0,0.0,1.0,0.0,0.0,0.0,0.666667,0.333333,0.0,0.0,0.0,0.0,0.0,0.666667,0.0,0.0,0.0,0.0,0.666667,0.0,0.0,0.0,0.0,0.0,0.0,0.0
LHM,1,2,0.333333,0.333333,0.0,0.5,0.0,0.0,1.0,0.0,0.0,0.0,0.333333,0.0,0.0,0.0,0.0,0.666667,0.333333,0.0,0.0,0.0,0.0,0.0,1.0,0.0,0.0,0.0,0.0,0.0,0.0,0.666667
VGPLSPT,1,3,0.714286,0.142857,0.0,0.0,0.0,0.285714,1.0,0.0,0.0,0.0,0.714286,0.285714,0.0,0.0,0.0,0.285714,0.0,0.285714,0.0,0.0,0.333333,0.0,1.0,0.0,0.0,0.0,0.0,0.0,0.0,0.285714
GEPGPPGPPGPPGPPG,1,4,0.9375,0.0,0.0,0.0,0.0,0.5625,1.0,0.0,0.0,0.0,0.9375,0.0,0.0,0.0,0.0,0.0,0.0,0.0625,0.0,0.0,0.333333,0.0,1.0,0.9,0.0,0.0,0.0,0.0,0.0,0.0
VQVTSTAV,1,0,0.5,0.0,0.0,0.0,0.0,0.0,1.0,0.0,0.0,0.0,0.5,0.5,0.0,0.0,0.0,0.5,0.0,0.5,0.0,0.0,0.0,0.0,1.0,0.0,0.0,0.0,0.125,0.0,0.0,0.375
LHT,1,1,0.333333,0.333333,0.0,0.5,0.0,0.0,1.0,0.0,0.0,0.0,0.666667,0.333333,0.0,0.0,0.0,0.333333,0.0,0.333333,0.0,0.0,0.0,0.0,1.0,0.0,0.0,0.0,0.0,0.0,0.0,0.333333
YGKPVAVPAR,1,2,0.7,0.0,0.0,0.0,0.0,0.2,1.0,0.0,0.0,0.0,0.6,0.0,0.0,0.0,0.0,0.4,0.0,0.1,0.0,0.0,0.0,0.0,0.9,0.0,0.0,0.0,0.0,0.0,0.0,0.2
RWL,1,3,0.333333,0.333333,0.0,0.0,0.0,0.0,1.0,0.0,0.0,0.0,0.0,0.0,0.0,0.0,0.0,0.333333,0.0,0.0,0.0,0.0,0.0,0.0,1.0,0.0,0.0,0.0,0.0,0.0,0.0,0.666667
VVVVPH,1,4,0.833333,0.0,0.0,0.0,0.0,0.166667,0.833333,0.2,0.0,0.0,0.333333,0.0,0.0,0.0,0.0,0.666667,0.0,0.0,0.0,0.0,0.0,0.0,0.833333,0.0,0.0,0.0,0.0,0.0,0.0,0.666667
MPVHTDAD,1,0,0.375,0.0,0.0,0.0,0.0,0.125,1.0,0.0,0.0,0.0,0.5,0.125,0.0,0.0,0.0,0.375,0.125,0.375,0.0,0.0,0.0,0.0,0.875,0.0,0.0,0.0,0.0,0.0,0.0,0.25
QVVRSDQGSVR,1,1,0.363636,0.0,0.0,0.0,0.1,0.0,1.0,0.0,0.0,0.0,0.272727,0.363636,0.0,0.0,0.0,0.272727,0.0,0.454545,0.0,0.0,0.0,0.0,0.909091,0.2,0.0,0.0,0.181818,0.0,0.0,0.272727
VPKVK,1,2,0.6,0.0,0.0,0.0,0.0,0.2,1.0,0.0,0.0,0.0,0.2,0.0,0.0,0.0,0.0,0.4,0.0,0.0,0.0,0.0,0.0,0.0,0.8,0.0,0.0,0.0,0.0,0.0,0.0,0.4
TAAIVNTA,1,3,0.625,0.0,0.0,0.0,0.0,0.0,1.0,0.0,0.0,0.0,0.625,0.375,0.0,0.0,0.0,0.625,0.0,0.375,0.0,0.0,0.0,0.0,1.0,1.0,0.0,0.125,0.0,0.0,0.0,0.25
PTP,1,4,0.666667,0.0,0.0,0.0,0.0,0.666667,1.0,0.0,0.0,0.0,1.0,0.333333,0.0,0.0,0.0,0.0,0.0,0.333333,0.0,0.0,0.0,0.0,1.0,0.0,0.0,0.0,0.0,0.0,0.0,0.0
DDLPR,1,0,0.4,0.2,0.0,0.0,0.0,0.2,1.0,0.0,0.0,0.0,0.2,0.0,0.0,0.0,0.0,0.2,0.0,0.4,0.0,0.0,0.0,0.0,0.8,0.0,0.0,0.0,0.0,0.0,0.0,0.2
KAL,1,1,0.666667,0.333333,0.0,0.0,0.0,0.0,1.0,0.0,0.0,0.0,0.333333,0.0,0.0,0.0,0.0,0.666667,0.0,0.0,0.0,0.0,0.0,0.0,1.0,0.0,0.0,0.0,0.0,0.0,0.0,0.333333
YSEEQQPSTR,1,2,0.1,0.0,0.0,0.0,0.0,0.1,1.0,0.0,0.0,0.0,0.5,0.5,0.0,0.0,0.0,0.0,0.0,0.8,0.0,0.0,0.0,0.0,0.9,0.25,0.0,0.0,0.2,0.0,0.111111,0.0
VLV,1,3,1.0,0.333333,0.0,0.0,0.0,0.0,1.0,0.0,0.0,0.0,0.0,0.0,0.0,0.0,0.0,1.0,0.0,0.0,0.0,0.0,0.0,0.0,1.0,0.0,0.0,0.0,0.0,0.0,0.0,1.0
FFNPVH,1,4,0.333333,0.0,0.0,0.0,0.0,0.166667,0.833333,0.0,0.0,0.0,0.333333,0.166667,0.0,0.0,0.0,0.5,0.0,0.166667,0.0,0.0,0.0,0.0,0.833333,0.0,0.0,0.0,0.0,0.0,0.0,0.5
VLNSNAAPLPN,1,0,0.636364,0.181818,0.0,0.0,0.0,0.181818,1.0,0.0,0.0,0.0,0.454545,0.363636,0.0,0.0,0.0,0.454545,0.0,0.363636,0.0,0.0,0.0,0.0,1.0,0.2,0.0,0.0,0.0,0.0,0.0,0.272727
IEWEGIESGSVEQA,1,1,0.428571,0.0,0.0,0.0,0.0,0.0,1.0,0.0,0.0,0.0,0.357143,0.214286,0.0,0.0,0.0,0.285714,0.0,0.5,0.0,0.0,0.0,0.0,1.0,0.0,0.0,0.142857,0.071429,0.0,0.0,0.285714
ENG,1,2,0.333333,0.0,0.0,0.0,0.0,0.0,1.0,0.0,0.0,0.0,0.333333,0.333333,0.0,0.0,0.0,0.0,0.0,0.666667,0.0,0.0,0.0,0.0,1.0,0.0,0.0,0.0,0.0,0.0,0.0,0.0
VEVGGGARAP,1,3,0.8,0.0,0.0,0.0,0.0,0.1,1.0,0.0,0.0,0.0,0.6,0.0,0.0,0.0,0.0,0.4,0.0,0.1,0.0,0.125,0.166667,0.0,1.0,0.0,0.0,0.0,0.0,0.0,0.0,0.2
KKI,1,4,0.333333,0.0,0.0,0.0,0.0,0.0,1.0,0.0,0.0,0.0,0.0,0.0,0.0,0.0,0.0,0.333333,0.0,0.0,0.0,0.0,0.0,0.0,1.0,0.0,0.0,0.333333,0.0,0.0,0.0,0.333333
RVY,1,0,0.333333,0.0,0.0,0.0,0.0,0.0,0.666667,0.0,0.0,0.0,0.333333,0.0,0.0,0.0,0.0,0.333333,0.0,0.333333,0.0,0.0,0.0,0.0,1.0,0.0,0.0,0.0,0.0,0.0,0.0,0.333333
LKQELEDLLEKQE,1,1,0.307692,0.307692,0.0,0.0,0.0,0.0,1.0,0.0,0.0,0.0,0.0,0.153846,0.0,0.0,0.0,0.307692,0.0,0.538462,0.0,0.0,0.0,0.0,0.923077,0.142857,0.0,0.0,0.153846,0.0,0.0,0.307692
HVIKPPSRA,1,2,0.555556,0.0,0.0,0.0,0.0,0.222222,1.0,0.0,0.0,0.0,0.555556,0.111111,0.0,0.0,0.0,0.333333,0.0,0.111111,0.0,0.0,0.0,0.0,1.0,0.0,0.0,0.111111,0.0,0.0,0.125,0.222222
QITEGEDGGG,1,3,0.5,0.0,0.0,0.0,0.0,0.0,1.0,0.0,0.0,0.0,0.5,0.2,0.0,0.0,0.0,0.1,0.0,0.5,0.0,0.0,0.0,0.0,1.0,0.0,0.0,0.1,0.1,0.0,0.0,0.1
DAQ,1,4,0.333333,0.0,0.0,0.0,0.0,0.0,1.0,0.0,0.0,0.0,0.333333,0.333333,0.0,0.0,0.0,0.333333,0.0,0.666667,0.0,0.0,0.0,0.0,1.0,0.0,0.0,0.0,0.333333,0.0,0.0,0.0
LKKISQ,1,0,0.333333,0.166667,0.0,0.0,0.0,0.0,1.0,0.0,0.0,0.0,0.166667,0.333333,0.0,0.0,0.0,0.333333,0.0,0.333333,0.0,0.0,0.0,0.0,1.0,0.0,0.0,0.166667,0.166667,0.0,0.0,0.333333
SLA,1,1,0.666667,0.333333,0.0,0.0,0.0,0.0,1.0,0.0,0.0,0.0,0.666667,0.333333,0.0,0.0,0.0,0.666667,0.0,0.333333,0.0,0.0,0.0,0.0,1.0,0.0,0.0,0.0,0.0,0.0,0.0,0.333333
QKW,1,2,0.0,0.0,0.0,0.0,0.0,0.0,0.666667,0.0,0.0,0.0,0.0,0.333333,0.0,0.0,0.0,0.0,0.0,0.333333,0.0,0.0,0.0,0.0,1.0,0.0,0.0,0.0,0.333333,0.0,0.0,0.333333
ALA,1,3,1.0,0.333333,0.0,0.0,0.0,0.0,1.0,0.0,0.0,0.0,0.666667,0.0,0.0,0.0,0.0,1.0,0.0,0.0,0.0,0.0,0.0,0.0,1.0,0.0,0.0,0.0,0.0,0.0,0.0,0.333333
VKRRGQDCIHGFCSD,1,4,0.266667,0.0,0.0,0.0,0.0,0.0,1.0,0.0,0.0,0.0,0.266667,0.266667,0.0,0.0,0.0,0.333333,0.0,0.266667,0.0,0.0,0.0,0.0,0.933333,0.111111,0.0,0.066667,0.066667,0.0,0.0,0.333333
AEK,1,0,0.333333,0.0,0.0,0.0,0.0,0.0,1.0,0.0,0.0,0.0,0.333333,0.0,0.0,0.0,0.0,0.333333,0.0,0.333333,0.0,0.0,0.0,0.0,0.333333,0.0,0.0,0.0,0.0,0.0,0.0,0.0
DSAI,1,1,0.5,0.0,0.0,0.0,0.0,0.0,1.0,0.0,0.0,0.0,0.5,0.25,0.0,0.0,0.0,0.5,0.0,0.5,0.0,0.0,0.0,0.0,1.0,0.0,0.0,0.25,0.0,0.0,0.0,0.25
VLSTSFPPK,1,2,0.444444,0.111111,0.0,0.0,0.0,0.222222,1.0,0.0,0.0,0.0,0.555556,0.333333,0.0,0.0,0.0,0.333333,0.0,0.333333,0.0,0.0,0.0,0.0,0.888889,0.0,0.0,0.0,0.0,0.0,0.0,0.333333
SSGFTY,1,3,0.166667,0.0,0.0,0.0,0.0,0.0,0.833333,0.0,0.0,0.0,0.833333,0.5,0.0,0.0,0.0,0.166667,0.0,0.666667,0.0,0.0,0.0,0.0,1.0,0.0,0.0,0.0,0.0,0.0,0.0,0.166667
RTP,1,4,0.333333,0.0,0.0,0.0,0.0,0.333333,1.0,0.0,0.0,0.0,0.666667,0.333333,0.0,0.0,0.0,0.0,0.0,0.333333,0.0,0.0,0.0,0.0,1.0,0.0,0.0,0.0,0.0,0.0,0.0,0.0
RPSYT,1,0,0.2,0.0,0.0,0.0,0.0,0.2,1.0,0.0,0.0,0.0,0.8,0.4,0.0,0.0,0.0,0.0,0.0,0.6,0.0,0.0,0.0,0.0,1.0,0.0,0.0,0.0,0.0,0.0,0.25,0.0
NIQFNEQKAL,1,1,0.3,0.1,0.0,0.0,0.0,0.0,1.0,0.0,0.0,0.0,0.1,0.4,0.0,0.0,0.0,0.4,0.0,0.5,0.0,0.0,0.0,0.0,1.0,0.0,0.0,0.1,0.2,0.0,0.0,0.3
DPAQPNYPWTAVLVFRH,1,2,0.470588,0.058824,0.0,0.0,0.0,0.176471,0.941176,0.0,0.0625,0.0,0.470588,0.176471,0.0,0.0,0.0,0.352941,0.0,0.294118,0.0,0.0,0.0,0.0,0.882353,0.090909,0.0,0.0,0.058824,0.0,0.0,0.294118
PTQ,1,3,0.333333,0.0,0.0,0.0,0.0,0.333333,1.0,0.0,0.0,0.0,0.666667,0.666667,0.0,0.0,0.0,0.0,0.0,0.666667,0.0,0.0,0.0,0.0,1.0,0.0,0.0,0.0,0.333333,0.0,0.0,0.0
YYDPL,1,4,0.4,0.2,0.0,0.0,0.0,0.2,1.0,0.0,0.0,0.0,0.6,0.0,0.0,0.0,0.0,0.2,0.0,0.6,0.0,0.0,0.0,0.0,1.0,0.0,0.0,0.0,0.0,0.0,0.0,0.2
IYPF,1,0,0.5,0.0,0.0,0.0,0.0,0.25,0.75,0.0,0.0,0.0,0.5,0.0,0.0,0.0,0.0,0.5,0.0,0.25,0.333333,0.0,0.0,0.0,1.0,0.0,0.0,0.25,0.0,0.0,0.0,0.5
KELPPSDADW,1,1,0.4,0.1,0.0,0.0,0.0,0.2,0.9,0.0,0.0,0.0,0.4,0.1,0.0,0.0,0.0,0.2,0.0,0.4,0.0,0.0,0.0,0.0,1.0,0.0,0.0,0.0,0.0,0.0,0.111111,0.2
TFD,1,2,0.0,0.0,0.0,0.0,0.0,0.0,1.0,0.0,0.0,0.0,0.333333,0.333333,0.0,0.0,0.0,0.333333,0.0,0.666667,0.0,0.0,0.0,0.0,0.666667,0.0,0.0,0.0,0.0,0.0,0.0,0.333333
PPHMLP,1,3,0.666667,0.166667,0.0,0.0,0.0,0.5,1.0,0.2,0.0,0.0,0.666667,0.0,0.0,0.0,0.0,0.333333,0.166667,0.0,0.0,0.0,0.0,0.0,1.0,0.0,0.0,0.0,0.0,0.0,0.0,0.333333
PHH,1,4,0.333333,0.0,0.0,0.0,0.0,0.333333,0.333333,0.5,0.0,0.0,1.0,0.0,0.0,0.0,0.0,0.0,0.0,0.0,0.0,0.0,0.0,0.0,0.333333,0.0,0.0,0.0,0.0,0.0,0.0,0.0
YKK,1,0,0.0,0.0,0.0,0.0,0.0,0.0,1.0,0.0,0.0,0.0,0.333333,0.0,0.0,0.0,0.0,0.0,0.0,0.333333,0.0,0.0,0.0,0.0,0.333333,0.0,0.0,0.0,0.0,0.0,0.0,0.0
VTGRFAGHPAAQ,1,1,0.583333,0.0,0.0,0.0,0.0,0.083333,1.0,0.0,0.0,0.0,0.666667,0.166667,0.0,0.0,0.0,0.416667,0.0,0.166667,0.0,0.0,0.0,0.0,1.0,0.0,0.0,0.0,0.083333,0.0,0.0,0.166667
LPAGV,1,2,1.0,0.2,0.0,0.0,0.0,0.2,1.0,0.0,0.0,0.0,0.6,0.0,0.0,0.0,0.0,0.6,0.0,0.0,0.0,0.0,0.0,0.0,1.0,0.0,0.0,0.0,0.0,0.0,0.0,0.4
RLS,1,3,0.333333,0.333333,0.0,0.0,0.0,0.0,1.0,0.0,0.0,0.0,0.333333,0.333333,0.0,0.0,0.0,0.333333,0.0,0.333333,0.0,0.0,0.0,0.0,1.0,0.0,0.0,0.0,0.0,0.0,0.0,0.333333
MYY,1,4,0.0,0.0,0.0,0.0,0.0,0.0,0.333333,0.0,0.0,0.0,0.666667,0.0,0.0,0.0,0.0,0.333333,0.333333,0.666667,0.0,0.0,0.0,0.0,1.0,0.0,0.0,0.0,0.0,0.0,0.0,0.333333
PLPPHMLP,1,0,0.75,0.25,0.0,0.0,0.0,0.5,1.0,0.142857,0.0,0.0,0.625,0.0,0.0,0.0,0.0,0.375,0.125,0.0,0.0,0.0,0.0,0.0,1.0,0.0,0.0,0.0,0.0,0.0,0.0,0.375
KIP,1,1,0.666667,0.0,0.0,0.0,0.0,0.333333,1.0,0.0,0.0,0.0,0.333333,0.0,0.0,0.0,0.0,0.333333,0.0,0.0,0.0,0.0,0.0,0.0,1.0,0.0,0.0,0.333333,0.0,0.0,0.0,0.333333
LLNPT,1,2,0.6,0.4,0.0,0.0,0.0,0.2,1.0,0.0,0.0,0.0,0.4,0.4,0.0,0.0,0.0,0.4,0.0,0.4,0.0,0.0,0.0,0.0,1.0,0.0,0.0,0.0,0.0,0.0,0.0,0.4
TPSPR,1,3,0.4,0.0,0.0,0.0,0.0,0.4,1.0,0.0,0.0,0.0,0.8,0.4,0.0,0.0,0.0,0.0,0.0,0.4,0.0,0.0,0.0,0.0,0.8,0.0,0.0,0.0,0.0,0.0,0.25,0.0
FIGP,1,4,0.75,0.0,0.0,0.0,0.0,0.25,1.0,0.0,0.0,0.0,0.5,0.0,0.0,0.0,0.0,0.5,0.0,0.0,0.0,0.0,0.0,0.0,1.0,0.0,0.0,0.25,0.0,0.0,0.0,0.5
IVF,1,0,0.666667,0.0,0.0,0.0,0.0,0.0,0.666667,0.0,0.0,0.0,0.0,0.0,0.0,0.0,0.0,1.0,0.0,0.0,0.0,0.0,0.0,0.0,1.0,0.0,0.0,0.333333,0.0,0.0,0.0,1.0
LHH,1,1,0.333333,0.333333,0.0,0.5,0.0,0.0,0.333333,0.0,0.0,0.0,0.666667,0.0,0.0,0.0,0.0,0.333333,0.0,0.0,0.0,0.0,0.0,0.0,0.333333,0.0,0.0,0.0,0.0,0.0,0.0,0.333333
YLLLK,1,2,0.6,0.6,0.0,0.0,0.0,0.0,1.0,0.0,0.0,0.0,0.2,0.0,0.0,0.0,0.0,0.6,0.0,0.2,0.0,0.0,0.0,0.0,0.8,0.0,0.0,0.0,0.0,0.0,0.0,0.6
MSEGSGAADVEGPS,1,3,0.5,0.0,0.0,0.0,0.0,0.071429,1.0,0.0,0.0,0.0,0.642857,0.214286,0.0,0.0,0.0,0.285714,0.071429,0.428571,0.0,0.0,0.0,0.0,1.0,0.125,0.0,0.0,0.0,0.0,0.076923,0.142857
VEIPHD,1,4,0.5,0.0,0.0,0.0,0.0,0.166667,1.0,0.2,0.0,0.0,0.333333,0.0,0.0,0.0,0.0,0.333333,0.0,0.333333,0.0,0.0,0.0,0.0,0.666667,0.0,0.0,0.166667,0.0,0.0,0.0,0.333333
QIGLF,1,0,0.6,0.2,0.0,0.0,0.0,0.0,0.8,0.0,0.0,0.0,0.2,0.2,0.0,0.0,0.0,0.6,0.0,0.2,0.0,0.0,0.0,0.0,1.0,0.0,0.0,0.2,0.2,0.0,0.0,0.6
GASRHWYFL,1,1,0.333333,0.111111,0.0,0.0,0.0,0.0,1.0,0.0,0.125,0.0,0.555556,0.111111,0.0,0.0,0.0,0.333333,0.0,0.222222,0.0,0.0,0.0,0.0,1.0,0.0,0.0,0.0,0.0,0.0,0.0,0.333333
EVR,1,2,0.333333,0.0,0.0,0.0,0.0,0.0,1.0,0.0,0.0,0.0,0.0,0.0,0.0,0.0,0.0,0.333333,0.0,0.333333,0.0,0.0,0.0,0.0,0.666667,0.0,0.0,0.0,0.0,0.0,0.0,0.333333
LAL,1,3,1.0,0.666667,0.0,0.0,0.0,0.0,1.0,0.0,0.0,0.0,0.333333,0.0,0.0,0.0,0.0,1.0,0.0,0.0,0.0,0.0,0.0,0.0,1.0,0.0,0.0,0.0,0.0,0.0,0.0,0.666667
GAA,1,4,1.0,0.0,0.0,0.0,0.0,0.0,1.0,0.0,0.0,0.0,1.0,0.0,0.0,0.0,0.0,0.666667,0.0,0.0,0.0,0.0,0.0,0.0,1.0,0.0,0.0,0.0,0.0,0.0,0.0,0.0
VCDADPSSPVPEA,1,0,0.538462,0.0,0.0,0.0,0.0,0.230769,1.0,0.0,0.0,0.0,0.538462,0.230769,0.0,0.0,0.0,0.384615,0.0,0.384615,0.0,0.0,0.0,0.0,1.0,0.0,0.0,0.0,0.0,0.0,0.083333,0.230769
DTGSDKKQL,1,1,0.222222,0.111111,0.0,0.0,0.0,0.0,1.0,0.0,0.0,0.0,0.333333,0.333333,0.0,0.0,0.0,0.111111,0.0,0.555556,0.0,0.0,0.0,0.0,1.0,0.0,0.0,0.0,0.111111,0.0,0.0,0.111111
PKAVHE,1,2,0.5,0.0,0.0,0.0,0.0,0.166667,1.0,0.0,0.0,0.0,0.5,0.0,0.0,0.0,0.0,0.333333,0.0,0.166667,0.0,0.0,0.0,0.0,0.666667,0.0,0.0,0.0,0.0,0.0,0.0,0.166667
YPYY,1,3,0.25,0.0,0.0,0.0,0.0,0.25,0.5,0.0,0.0,0.0,1.0,0.0,0.0,0.0,0.0,0.0,0.0,0.75,0.0,0.0,0.0,0.0,1.0,0.0,0.0,0.0,0.0,0.0,0.0,0.0
YVHPFHL,1,4,0.428571,0.142857,0.0,0.0,0.0,0.142857,1.0,0.0,0.0,0.0,0.571429,0.0,0.0,0.0,0.0,0.428571,0.0,0.142857,0.166667,0.0,0.0,0.0,1.0,0.0,0.0,0.0,0.0,0.0,0.0,0.428571
RWQ,1,0,0.0,0.0,0.0,0.0,0.0,0.0,1.0,0.0,0.0,0.0,0.0,0.333333,0.0,0.0,0.0,0.0,0.0,0.333333,0.0,0.0,0.0,0.0,1.0,0.0,0.0,0.0,0.333333,0.0,0.0,0.333333
AMA,1,1,0.666667,0.0,0.0,0.0,0.0,0.0,1.0,0.0,0.0,0.0,0.666667,0.0,0.0,0.0,0.0,1.0,0.333333,0.0,0.0,0.0,0.0,0.0,1.0,0.0,0.0,0.0,0.0,0.0,0.0,0.333333
GPAGDY,1,2,0.666667,0.0,0.0,0.0,0.0,0.166667,0.833333,0.0,0.0,0.0,0.833333,0.0,0.0,0.0,0.0,0.166667,0.0,0.333333,0.0,0.0,0.0,0.0,1.0,0.0,0.0,0.0,0.0,0.0,0.0,0.0
HPHPHLSF,1,3,0.375,0.125,0.0,0.0,0.0,0.25,0.875,0.285714,0.0,0.0,0.75,0.125,0.0,0.0,0.0,0.25,0.0,0.125,0.0,0.0,0.0,0.0,1.0,0.0,0.0,0.0,0.0,0.0,0.0,0.25
LEEAF,1,4,0.4,0.2,0.0,0.0,0.0,0.0,0.8,0.0,0.0,0.0,0.2,0.0,0.0,0.0,0.0,0.6,0.0,0.4,0.0,0.0,0.0,0.0,1.0,0.0,0.0,0.0,0.0,0.0,0.0,0.4
LDI,1,0,0.666667,0.333333,0.0,0.0,0.0,0.0,1.0,0.0,0.0,0.0,0.0,0.0,0.0,0.0,0.0,0.666667,0.0,0.333333,0.0,0.0,0.0,0.0,1.0,0.0,0.0,0.333333,0.0,0.0,0.0,0.666667
YGL,1,1,0.666667,0.333333,0.0,0.0,0.0,0.0,1.0,0.0,0.0,0.0,0.666667,0.0,0.0,0.0,0.0,0.333333,0.0,0.333333,0.0,0.0,0.0,0.0,1.0,0.0,0.0,0.0,0.0,0.0,0.0,0.333333
VSLPEW,1,2,0.5,0.166667,0.0,0.0,0.0,0.166667,0.833333,0.0,0.0,0.0,0.333333,0.166667,0.0,0.0,0.0,0.333333,0.0,0.333333,0.0,0.0,0.0,0.0,1.0,0.0,0.0,0.0,0.0,0.0,0.0,0.5
QNIFSGFSTELLS,1,3,0.307692,0.153846,0.0,0.0,0.0,0.0,1.0,0.0,0.0,0.0,0.384615,0.461538,0.0,0.0,0.0,0.384615,0.0,0.538462,0.0,0.0,0.0,0.0,1.0,0.0,0.0,0.076923,0.076923,0.0,0.0,0.384615
LRV,1,4,0.666667,0.333333,0.0,0.0,0.0,0.0,1.0,0.0,0.0,0.0,0.0,0.0,0.0,0.0,0.0,0.666667,0.0,0.0,0.0,0.0,0.0,0.0,1.0,0.0,0.0,0.0,0.0,0.0,0.0,0.666667
HGGEGGRPYHLGEES,1,0,0.466667,0.066667,0.0,0.0,0.0,0.066667,1.0,0.0,0.0,0.0,0.666667,0.066667,0.0,0.0,0.0,0.066667,0.0,0.333333,0.0,0.076923,0.0,0.0,1.0,0.111111,0.0,0.0,0.0,0.0,0.0,0.066667
AAAAAGGGEGEG,1,1,0.833333,0.0,0.0,0.0,0.0,0.0,1.0,0.0,0.0,0.0,0.833333,0.0,0.0,0.0,0.0,0.416667,0.0,0.166667,0.0,0.0,0.0,0.0,1.0,0.166667,0.0,0.0,0.0,0.0,0.0,0.0
VLEESKGAPKPN,1,2,0.5,0.083333,0.0,0.0,0.0,0.166667,1.0,0.0,0.0,0.0,0.416667,0.166667,0.0,0.0,0.0,0.25,0.0,0.333333,0.0,0.0,0.125,0.0,1.0,0.0,0.0,0.0,0.0,0.0,0.0,0.166667
PYSFK,1,3,0.2,0.0,0.0,0.0,0.0,0.2,1.0,0.0,0.0,0.0,0.6,0.2,0.0,0.0,0.0,0.2,0.0,0.4,0.0,0.0,0.0,0.0,0.8,0.0,0.0,0.0,0.0,0.0,0.0,0.2
ALGGA,1,4,1.0,0.2,0.0,0.0,0.0,0.0,1.0,0.0,0.0,0.0,0.8,0.0,0.0,0.0,0.0,0.6,0.0,0.0,0.0,0.0,0.0,0.0,1.0,0.0,0.0,0.0,0.0,0.0,0.0,0.2
EGD,1,0,0.333333,0.0,0.0,0.0,0.0,0.0,1.0,0.0,0.0,0.0,0.333333,0.0,0.0,0.0,0.0,0.0,0.0,0.666667,0.0,0.0,0.0,0.0,0.666667,0.0,0.0,0.0,0.0,0.0,0.0,0.0
LPYPY,1,1,0.6,0.2,0.0,0.0,0.0,0.4,0.8,0.0,0.0,0.0,0.8,0.0,0.0,0.0,0.0,0.2,0.0,0.4,0.0,0.0,0.0,0.0,1.0,0.0,0.0,0.0,0.0,0.0,0.0,0.2
EQEEEESTGRMK,1,2,0.083333,0.0,0.0,0.0,0.0,0.0,1.0,0.0,0.0,0.0,0.25,0.25,0.0,0.0,0.0,0.083333,0.083333,0.666667,0.0,0.0,0.0,0.0,0.916667,0.0,0.0,0.0,0.083333,0.0,0.0,0.083333
TNGIIR,1,3,0.5,0.0,0.0,0.0,0.0,0.0,1.0,0.0,0.0,0.0,0.333333,0.333333,0.0,0.0,0.0,0.333333,0.0,0.333333,0.0,0.0,0.0,0.0,0.833333,0.0,0.0,0.333333,0.0,0.0,0.0,0.333333
NMAVPDALAGPL,1,4,0.75,0.166667,0.0,0.0,0.0,0.166667,1.0,0.0,0.0,0.0,0.5,0.083333,0.0,0.0,0.0,0.583333,0.083333,0.166667,0.0,0.0,0.0,0.0,1.0,0.333333,0.0,0.0,0.0,0.0,0.0,0.333333
DHHQVYSPGEQ,1,0,0.272727,0.0,0.0,0.0,0.0,0.090909,1.0,0.0,0.0,0.0,0.545455,0.272727,0.0,0.0,0.0,0.090909,0.0,0.545455,0.0,0.0,0.0,0.0,1.0,0.0,0.0,0.0,0.181818,0.0,0.0,0.090909
YGGVSLPEW,1,1,0.555556,0.111111,0.0,0.0,0.0,0.111111,0.888889,0.0,0.0,0.0,0.555556,0.111111,0.0,0.0,0.0,0.222222,0.0,0.333333,0.0,0.0,0.2,0.0,1.0,0.0,0.0,0.0,0.0,0.0,0.0,0.333333
AGCGCEAMFAGA,1,2,0.583333,0.0,0.0,0.0,0.0,0.0,1.0,0.0,0.0,0.0,0.583333,0.166667,0.0,0.0,0.0,0.666667,0.083333,0.083333,0.0,0.0,0.0,0.0,1.0,0.166667,0.0,0.0,0.0,0.0,0.0,0.333333
PR,1,3,0.5,0.0,0.0,0.0,0.0,0.5,1.0,0.0,0.0,0.0,0.5,0.0,0.0,0.0,0.0,0.0,0.0,0.0,0.0,0.0,0.0,0.0,0.5,0.0,0.0,0.0,0.0,0.0,0.0,0.0
HNAVDSQIAGKA,1,4,0.5,0.0,0.0,0.0,0.0,0.0,1.0,0.0,0.0,0.0,0.5,0.25,0.0,0.0,0.0,0.416667,0.0,0.333333,0.0,0.0,0.0,0.0,1.0,0.166667,0.0,0.083333,0.083333,0.0,0.0,0.166667
EFFDVSNELFQ,1,0,0.181818,0.090909,0.0,0.0,0.0,0.0,1.0,0.0,0.0,0.0,0.090909,0.272727,0.0,0.0,0.0,0.454545,0.0,0.545455,0.0,0.0,0.0,0.0,1.0,0.0,0.0,0.0,0.090909,0.0,0.0,0.454545
YEGS,1,1,0.25,0.0,0.0,0.0,0.0,0.0,1.0,0.0,0.0,0.0,0.75,0.25,0.0,0.0,0.0,0.0,0.0,0.75,0.0,0.0,0.0,0.0,1.0,0.0,0.0,0.0,0.0,0.0,0.0,0.0
CAGVSAIR,1,2,0.625,0.0,0.0,0.0,0.0,0.0,1.0,0.0,0.0,0.0,0.5,0.25,0.0,0.0,0.0,0.625,0.0,0.125,0.0,0.0,0.0,0.0,0.875,0.0,0.0,0.125,0.0,0.0,0.0,0.375
IVQNNDSTEYG,1,3,0.272727,0.0,0.0,0.0,0.0,0.0,1.0,0.0,0.0,0.0,0.363636,0.454545,0.0,0.0,0.0,0.181818,0.0,0.727273,0.0,0.0,0.0,0.0,1.0,0.0,0.0,0.090909,0.090909,0.0,0.0,0.181818
ELK,1,4,0.333333,0.333333,0.0,0.0,0.0,0.0,1.0,0.0,0.0,0.0,0.0,0.0,0.0,0.0,0.0,0.333333,0.0,0.333333,0.0,0.0,0.0,0.0,0.666667,0.0,0.0,0.0,0.0,0.0,0.0,0.333333
SAP,1,0,0.666667,0.0,0.0,0.0,0.0,0.333333,1.0,0.0,0.0,0.0,1.0,0.333333,0.0,0.0,0.0,0.333333,0.0,0.333333,0.0,0.0,0.0,0.0,1.0,0.0,0.0,0.0,0.0,0.0,0.0,0.0
FLNDFLHV,1,1,0.375,0.25,0.0,0.142857,0.0,0.0,1.0,0.0,0.0,0.0,0.125,0.125,0.0,0.0,0.0,0.625,0.0,0.25,0.0,0.0,0.0,0.0,1.0,0.0,0.0,0.0,0.0,0.0,0.0,0.625
YQETSSSSSQE,1,2,0.0,0.0,0.0,0.0,0.0,0.0,1.0,0.0,0.0,0.0,0.636364,0.727273,0.0,0.0,0.0,0.0,0.0,1.0,0.0,0.0,0.0,0.0,0.909091,0.0,0.0,0.0,0.181818,0.0,0.0,0.0
SPYCYG,1,3,0.333333,0.0,0.0,0.0,0.0,0.166667,1.0,0.0,0.0,0.0,0.833333,0.333333,0.0,0.2,0.0,0.166667,0.0,0.5,0.0,0.0,0.0,0.0,1.0,0.0,0.0,0.0,0.0,0.0,0.0,0.166667
RDILNQ,1,4,0.333333,0.166667,0.0,0.0,0.0,0.0,1.0,0.0,0.0,0.0,0.0,0.333333,0.0,0.0,0.0,0.333333,0.0,0.5,0.0,0.0,0.0,0.0,1.0,0.0,0.0,0.166667,0.166667,0.0,0.0,0.333333
DHHQ,1,0,0.0,0.0,0.0,0.0,0.0,0.0,1.0,0.0,0.0,0.0,0.5,0.25,0.0,0.0,0.0,0.0,0.0,0.5,0.0,0.0,0.0,0.0,1.0,0.0,0.0,0.0,0.25,0.0,0.0,0.0
VRT,1,1,0.333333,0.0,0.0,0.0,0.0,0.0,1.0,0.0,0.0,0.0,0.333333,0.333333,0.0,0.0,0.0,0.333333,0.0,0.333333,0.0,0.0,0.0,0.0,1.0,0.0,0.0,0.0,0.0,0.0,0.0,0.333333
KEFLLAGNNNRA,1,2,0.416667,0.166667,0.0,0.0,0.0,0.0,1.0,0.0,0.0,0.0,0.25,0.25,0.0,0.0,0.0,0.416667,0.0,0.333333,0.0,0.0,0.0,0.0,1.0,0.166667,0.0,0.0,0.0,0.0,0.0,0.25
YINQMPQKSREA,1,3,0.25,0.0,0.0,0.0,0.0,0.083333,1.0,0.0,0.0,0.0,0.333333,0.333333,0.0,0.0,0.0,0.25,0.083333,0.5,0.0,0.0,0.0,0.0,1.0,0.0,0.0,0.083333,0.166667,0.0,0.0,0.166667
FDGEVK,1,4,0.333333,0.0,0.0,0.0,0.0,0.0,1.0,0.0,0.0,0.0,0.166667,0.0,0.0,0.0,0.0,0.333333,0.0,0.333333,0.0,0.0,0.0,0.0,0.833333,0.0,0.0,0.0,0.0,0.0,0.0,0.333333
TVFDGELR,1,0,0.375,0.125,0.0,0.0,0.0,0.0,1.0,0.0,0.0,0.0,0.25,0.125,0.0,0.0,0.0,0.375,0.0,0.375,0.0,0.0,0.0,0.0,0.875,0.0,0.0,0.0,0.0,0.0,0.0,0.375
DKLDLSDLAHEY,1,1,0.333333,0.25,0.0,0.0,0.0,0.0,0.916667,0.0,0.0,0.0,0.333333,0.083333,0.0,0.0,0.0,0.333333,0.0,0.5,0.0,0.0,0.0,0.0,1.0,0.166667,0.0,0.0,0.0,0.0,0.0,0.25
WISELGW,1,2,0.428571,0.142857,0.0,0.0,0.0,0.0,0.857143,0.0,0.0,0.0,0.285714,0.142857,0.0,0.0,0.0,0.285714,0.0,0.285714,0.0,0.0,0.0,0.0,1.0,1.0,0.0,0.142857,0.0,0.0,0.0,0.571429
RWAEK,1,3,0.2,0.0,0.0,0.0,0.0,0.0,1.0,0.0,0.0,0.0,0.2,0.0,0.0,0.0,0.0,0.2,0.0,0.2,0.0,0.0,0.0,0.0,0.6,0.0,0.0,0.0,0.0,0.0,0.0,0.2
WAFS,1,4,0.25,0.0,0.0,0.0,0.0,0.0,1.0,0.0,0.0,0.0,0.5,0.25,0.0,0.0,0.0,0.5,0.0,0.25,0.0,0.0,0.0,0.0,1.0,0.0,0.0,0.0,0.0,0.0,0.0,0.5
AAVKKMYDIQAKK,1,0,0.384615,0.0,0.0,0.0,0.0,0.0,1.0,0.0,0.0,0.0,0.307692,0.076923,0.0,0.0,0.083333,0.461538,0.076923,0.230769,0.0,0.0,0.0,0.0,0.846154,0.0,0.0,0.076923,0.076923,0.0,0.0,0.230769
LDYE,1,1,0.25,0.25,0.0,0.0,0.0,0.0,1.0,0.0,0.0,0.0,0.25,0.0,0.0,0.0,0.0,0.25,0.0,0.75,0.0,0.0,0.0,0.0,0.75,0.0,0.0,0.0,0.0,0.0,0.0,0.25
IPIQYVL,1,2,0.714286,0.142857,0.0,0.0,0.0,0.142857,1.0,0.0,0.0,0.0,0.285714,0.142857,0.0,0.0,0.0,0.571429,0.0,0.285714,0.0,0.0,0.0,0.0,1.0,0.0,0.0,0.285714,0.142857,0.0,0.0,0.571429
FDTADLPSGKGYL,1,3,0.461538,0.153846,0.0,0.0,0.0,0.076923,1.0,0.0,0.0,0.0,0.538462,0.153846,0.0,0.0,0.0,0.307692,0.0,0.384615,0.0,0.0,0.0,0.0,1.0,0.0,0.0,0.0,0.0,0.0,0.083333,0.230769
LEI,1,4,0.666667,0.333333,0.0,0.0,0.0,0.0,1.0,0.0,0.0,0.0,0.0,0.0,0.0,0.0,0.0,0.666667,0.0,0.333333,0.0,0.0,0.0,0.0,1.0,0.0,0.0,0.333333,0.0,0.0,0.0,0.666667
VKP,1,0,0.666667,0.0,0.0,0.0,0.0,0.333333,1.0,0.0,0.0,0.0,0.333333,0.0,0.0,0.0,0.0,0.333333,0.0,0.0,0.0,0.0,0.0,0.0,1.0,0.0,0.0,0.0,0.0,0.0,0.0,0.333333
VPLSPT,1,1,0.666667,0.166667,0.0,0.0,0.0,0.333333,1.0,0.0,0.0,0.0,0.666667,0.333333,0.0,0.0,0.0,0.333333,0.0,0.333333,0.0,0.0,0.0,0.0,1.0,0.0,0.0,0.0,0.0,0.0,0.0,0.333333
IPAGV,1,2,1.0,0.0,0.0,0.0,0.0,0.2,1.0,0.0,0.0,0.0,0.6,0.0,0.0,0.0,0.0,0.6,0.0,0.0,0.0,0.0,0.0,0.0,1.0,0.0,0.0,0.2,0.0,0.0,0.0,0.4
GGRLDSGKQPPRQ,1,3,0.461538,0.076923,0.0,0.0,0.0,0.153846,1.0,0.0,0.0,0.0,0.461538,0.230769,0.0,0.0,0.0,0.076923,0.0,0.307692,0.0,0.090909,0.111111,0.0,1.0,0.142857,0.0,0.0,0.153846,0.0,0.0,0.076923
LSGNK,1,4,0.4,0.2,0.0,0.0,0.0,0.0,1.0,0.0,0.0,0.0,0.4,0.4,0.0,0.0,0.0,0.2,0.0,0.4,0.0,0.0,0.0,0.0,0.8,0.0,0.0,0.0,0.0,0.0,0.0,0.2
DTD,1,0,0.0,0.0,0.0,0.0,0.0,0.0,1.0,0.0,0.0,0.0,0.333333,0.333333,0.0,0.0,0.0,0.0,0.0,1.0,0.0,0.0,0.0,0.0,0.666667,0.0,0.0,0.0,0.0,0.0,0.0,0.0
LDT,1,1,0.333333,0.333333,0.0,0.0,0.0,0.0,1.0,0.0,0.0,0.0,0.333333,0.333333,0.0,0.0,0.0,0.333333,0.0,0.666667,0.0,0.0,0.0,0.0,1.0,0.0,0.0,0.0,0.0,0.0,0.0,0.333333
CLL,1,2,0.666667,0.666667,0.0,0.0,0.0,0.0,1.0,0.0,0.0,0.0,0.0,0.333333,0.0,0.0,0.0,1.0,0.0,0.0,0.0,0.0,0.0,0.0,1.0,0.0,0.0,0.0,0.0,0.0,0.0,1.0
QVVPYPQ,1,3,0.571429,0.0,0.0,0.0,0.0,0.285714,1.0,0.0,0.0,0.0,0.428571,0.285714,0.0,0.0,0.0,0.285714,0.0,0.428571,0.0,0.0,0.0,0.0,1.0,1.0,0.0,0.0,0.285714,0.0,0.0,0.285714
GEQQQQPGMTR,1,4,0.272727,0.0,0.0,0.0,0.0,0.090909,1.0,0.0,0.0,0.0,0.363636,0.454545,0.0,0.0,0.0,0.090909,0.090909,0.545455,0.0,0.0,0.0,0.0,0.909091,0.0,0.0,0.0,0.363636,0.0,0.0,0.090909
YPSPV,1,0,0.6,0.0,0.0,0.0,0.0,0.4,1.0,0.0,0.0,0.0,0.8,0.2,0.0,0.0,0.0,0.2,0.0,0.4,0.0,0.0,0.0,0.0,1.0,0.0,0.0,0.0,0.0,0.0,0.25,0.2
NVNYVELLVAPNVDL,1,1,0.6,0.2,0.0,0.0,0.0,0.066667,1.0,0.0,0.0,0.0,0.2,0.2,0.0,0.0,0.0,0.533333,0.0,0.4,0.0,0.0,0.0,0.0,1.0,0.0,0.0,0.0,0.0,0.0,0.0,0.466667
NPT,1,2,0.333333,0.0,0.0,0.0,0.0,0.333333,1.0,0.0,0.0,0.0,0.666667,0.666667,0.0,0.0,0.0,0.0,0.0,0.666667,0.0,0.0,0.0,0.0,1.0,0.0,0.0,0.0,0.0,0.0,0.0,0.0
LQGMP,1,3,0.6,0.2,0.0,0.0,0.0,0.2,1.0,0.0,0.0,0.0,0.4,0.2,0.0,0.0,0.0,0.4,0.2,0.2,0.0,0.0,0.0,0.0,1.0,0.0,0.0,0.0,0.2,0.0,0.0,0.4
YQKF,1,4,0.0,0.0,0.0,0.0,0.0,0.0,0.75,0.0,0.0,0.0,0.25,0.25,0.0,0.0,0.0,0.25,0.0,0.5,0.0,0.0,0.0,0.0,1.0,0.0,0.0,0.0,0.25,0.0,0.0,0.25
ALE,1,0,0.666667,0.333333,0.0,0.0,0.0,0.0,1.0,0.0,0.0,0.0,0.333333,0.0,0.0,0.0,0.0,0.666667,0.0,0.333333,0.0,0.0,0.0,0.0,0.666667,0.0,0.0,0.0,0.0,0.0,0.0,0.333333
ASPAPAGLSY,1,1,0.7,0.1,0.0,0.0,0.0,0.2,0.9,0.0,0.0,0.0,0.9,0.2,0.0,0.0,0.0,0.4,0.0,0.3,0.0,0.0,0.0,0.0,1.0,0.0,0.0,0.0,0.0,0.0,0.0,0.1
YFY,1,2,0.0,0.0,0.0,0.0,0.0,0.0,0.0,0.0,0.0,0.0,0.666667,0.0,0.0,0.0,0.0,0.333333,0.0,0.666667,0.0,0.0,0.0,0.0,1.0,0.0,0.0,0.0,0.0,0.0,0.0,0.333333
ISL,1,3,0.666667,0.333333,0.0,0.0,0.0,0.0,1.0,0.0,0.0,0.0,0.333333,0.333333,0.0,0.0,0.0,0.666667,0.0,0.333333,0.0,0.0,0.0,0.0,1.0,0.0,0.0,0.333333,0.0,0.0,0.0,0.666667
FLDALLKTVDCN,1,4,0.416667,0.25,0.0,0.0,0.0,0.0,1.0,0.0,0.0,0.0,0.166667,0.25,0.0,0.0,0.0,0.583333,0.0,0.333333,0.0,0.0,0.0,0.0,1.0,0.0,0.0,0.0,0.0,0.0,0.0,0.5
EQS,1,0,0.0,0.0,0.0,0.0,0.0,0.0,1.0,0.0,0.0,0.0,0.333333,0.666667,0.0,0.0,0.0,0.0,0.0,1.0,0.0,0.0,0.0,0.0,1.0,0.0,0.0,0.0,0.333333,0.0,0.0,0.0
EIL,1,1,0.666667,0.333333,0.0,0.0,0.0,0.0,1.0,0.0,0.0,0.0,0.0,0.0,0.0,0.0,0.0,0.666667,0.0,0.333333,0.0,0.0,0.0,0.0,1.0,0.0,0.0,0.333333,0.0,0.0,0.0,0.666667
YVNDAATLLPR,1,2,0.545455,0.181818,0.0,0.0,0.0,0.090909,1.0,0.0,0.0,0.0,0.454545,0.181818,0.0,0.0,0.0,0.454545,0.0,0.363636,0.0,0.0,0.0,0.0,0.909091,0.0,0.0,0.0,0.0,0.0,0.0,0.272727
MCYPAST,1,3,0.285714,0.0,0.0,0.0,0.0,0.142857,1.0,0.0,0.0,0.0,0.714286,0.428571,0.0,0.0,0.0,0.428571,0.142857,0.428571,0.0,0.0,0.0,0.0,1.0,0.0,0.0,0.0,0.0,0.0,0.0,0.285714
TPE,1,4,0.333333,0.0,0.0,0.0,0.0,0.333333,1.0,0.0,0.0,0.0,0.666667,0.333333,0.0,0.0,0.0,0.0,0.0,0.666667,0.0,0.0,0.0,0.0,0.666667,0.0,0.0,0.0,0.0,0.0,0.0,0.0
YYM,1,0,0.0,0.0,0.0,0.0,0.0,0.0,1.0,0.0,0.0,0.0,0.666667,0.0,0.0,0.0,0.0,0.333333,0.333333,0.666667,0.0,0.0,0.0,0.0,1.0,0.0,0.0,0.0,0.0,0.0,0.0,0.333333
GFGPEL,1,1,0.666667,0.166667,0.0,0.0,0.0,0.166667,1.0,0.0,0.0,0.0,0.5,0.0,0.0,0.0,0.0,0.333333,0.0,0.166667,0.0,0.0,0.0,0.0,1.0,0.0,0.0,0.0,0.0,0.0,0.0,0.333333
LLF,1,2,0.666667,0.666667,0.0,0.0,0.0,0.0,0.666667,0.0,0.0,0.0,0.0,0.0,0.0,0.0,0.0,1.0,0.0,0.0,0.0,0.0,0.0,0.0,1.0,0.0,0.0,0.0,0.0,0.0,0.0,1.0
HAEIN,1,3,0.4,0.0,0.0,0.0,0.0,0.0,1.0,0.0,0.0,0.0,0.4,0.2,0.0,0.0,0.0,0.4,0.0,0.4,0.0,0.0,0.0,0.0,1.0,0.0,0.0,0.2,0.0,0.0,0.0,0.2
CGA,1,4,0.666667,0.0,0.0,0.0,0.0,0.0,1.0,0.0,0.0,0.0,0.666667,0.333333,0.0,0.0,0.0,0.666667,0.0,0.0,0.0,0.0,0.0,0.0,1.0,0.0,0.0,0.0,0.0,0.0,0.0,0.333333
THH,1,0,0.0,0.0,0.0,0.0,0.0,0.0,0.333333,0.0,0.0,0.0,1.0,0.333333,0.0,0.0,0.0,0.0,0.0,0.333333,0.0,0.0,0.0,0.0,0.333333,0.0,0.0,0.0,0.0,0.0,0.0,0.0
VLPVPQK,1,1,0.714286,0.142857,0.0,0.0,0.0,0.285714,1.0,0.0,0.0,0.0,0.285714,0.142857,0.0,0.0,0.0,0.428571,0.0,0.142857,0.0,0.0,0.0,0.0,0.857143,0.0,0.0,0.0,0.142857,0.0,0.0,0.428571
KY,1,2,0.0,0.0,0.0,0.0,0.0,0.0,0.5,0.0,0.0,0.0,0.5,0.0,0.0,0.0,0.0,0.0,0.0,0.5,0.0,0.0,0.0,0.0,1.0,0.0,0.0,0.0,0.0,0.0,0.0,0.0
KVA,1,3,0.666667,0.0,0.0,0.0,0.0,0.0,1.0,0.0,0.0,0.0,0.333333,0.0,0.0,0.0,0.0,0.666667,0.0,0.0,0.0,0.0,0.0,0.0,1.0,0.0,0.0,0.0,0.0,0.0,0.0,0.333333
NMGPLLPQ,1,4,0.625,0.25,0.0,0.0,0.0,0.25,1.0,0.0,0.0,0.0,0.375,0.25,0.0,0.0,0.0,0.375,0.125,0.25,0.0,0.0,0.25,0.0,1.0,0.0,0.0,0.0,0.125,0.0,0.0,0.375
ISELGY,1,0,0.5,0.166667,0.0,0.0,0.0,0.0,0.833333,0.0,0.0,0.0,0.5,0.166667,0.0,0.0,0.0,0.333333,0.0,0.5,0.0,0.0,0.0,0.0,1.0,0.0,0.0,0.166667,0.0,0.0,0.0,0.333333
SPFLQSAAFQLRN,1,1,0.384615,0.153846,0.0,0.0,0.0,0.076923,1.0,0.0,0.0,0.0,0.384615,0.384615,0.0,0.0,0.0,0.461538,0.0,0.384615,0.083333,0.0,0.0,0.0,1.0,0.142857,0.0,0.0,0.153846,0.0,0.0,0.307692
QL,1,2,0.5,0.5,0.0,0.0,0.0,0.0,1.0,0.0,0.0,0.0,0.0,0.5,0.0,0.0,0.0,0.5,0.0,0.5,0.0,0.0,0.0,0.0,1.0,0.0,0.0,0.0,0.5,0.0,0.0,0.5
QKV,1,3,0.333333,0.0,0.0,0.0,0.0,0.0,1.0,0.0,0.0,0.0,0.0,0.333333,0.0,0.0,0.0,0.333333,0.0,0.333333,0.0,0.0,0.0,0.0,1.0,0.0,0.0,0.0,0.333333,0.0,0.0,0.333333
LDA,1,4,0.666667,0.333333,0.0,0.0,0.0,0.0,1.0,0.0,0.0,0.0,0.333333,0.0,0.0,0.0,0.0,0.666667,0.0,0.333333,0.0,0.0,0.0,0.0,1.0,0.0,0.0,0.0,0.0,0.0,0.0,0.333333
MDATALHYENQK,1,0,0.25,0.083333,0.0,0.090909,0.0,0.0,1.0,0.0,0.0,0.0,0.416667,0.25,0.0,0.0,0.0,0.333333,0.083333,0.5,0.0,0.0,0.0,0.0,0.916667,0.0,0.0,0.0,0.083333,0.0,0.0,0.166667
DHHK,1,1,0.0,0.0,0.0,0.0,0.0,0.0,1.0,0.0,0.0,0.0,0.5,0.0,0.0,0.0,0.0,0.0,0.0,0.25,0.0,0.0,0.0,0.0,0.0,0.0,0.0,0.0,0.0,0.0,0.0,0.0
GDRFQDQHQ,1,2,0.111111,0.0,0.0,0.0,0.0,0.0,1.0,0.0,0.0,0.0,0.222222,0.333333,0.0,0.0,0.0,0.111111,0.0,0.555556,0.0,0.142857,0.0,0.0,1.0,0.0,0.0,0.0,0.333333,0.0,0.0,0.111111
VVYFDQTQAQA,1,3,0.363636,0.0,0.0,0.0,0.0,0.0,1.0,0.0,0.0,0.0,0.363636,0.363636,0.0,0.0,0.0,0.454545,0.0,0.545455,0.0,0.0,0.0,0.0,1.0,0.0,0.0,0.0,0.272727,0.0,0.0,0.272727
VVALALI,1,4,1.0,0.285714,0.0,0.0,0.0,0.0,1.0,0.0,0.0,0.0,0.285714,0.0,0.0,0.0,0.0,1.0,0.0,0.0,0.0,0.0,0.0,0.0,1.0,0.0,0.0,0.142857,0.0,0.0,0.0,0.714286
SVPQPK,1,0,0.5,0.0,0.0,0.0,0.0,0.333333,1.0,0.0,0.0,0.0,0.5,0.333333,0.0,0.0,0.0,0.166667,0.0,0.333333,0.0,0.0,0.0,0.0,0.833333,0.0,0.0,0.0,0.166667,0.0,0.0,0.166667
ALPMHIR,1,1,0.571429,0.142857,0.0,0.0,0.0,0.142857,1.0,0.0,0.0,0.0,0.428571,0.0,0.0,0.0,0.0,0.571429,0.142857,0.0,0.0,0.0,0.0,0.0,0.857143,0.0,0.0,0.142857,0.0,0.0,0.0,0.428571
VLPVP,1,2,1.0,0.2,0.0,0.0,0.0,0.4,1.0,0.0,0.0,0.0,0.4,0.0,0.0,0.0,0.0,0.6,0.0,0.0,0.0,0.0,0.0,0.0,1.0,0.0,0.0,0.0,0.0,0.0,0.0,0.6
LER,1,3,0.333333,0.333333,0.0,0.0,0.0,0.0,1.0,0.0,0.0,0.0,0.0,0.0,0.0,0.0,0.0,0.333333,0.0,0.333333,0.0,0.0,0.0,0.0,0.333333,0.0,0.0,0.0,0.0,0.0,0.0,0.333333
GPPGPPGPPGPPG,1,4,1.0,0.0,0.0,0.0,0.0,0.615385,1.0,0.0,0.0,0.0,1.0,0.0,0.0,0.0,0.0,0.0,0.0,0.0,0.0,0.0,0.333333,0.0,1.0,1.0,0.0,0.0,0.0,0.0,0.0,0.0
AVF,1,0,0.666667,0.0,0.0,0.0,0.0,0.0,0.666667,0.0,0.0,0.0,0.333333,0.0,0.0,0.0,0.0,1.0,0.0,0.0,0.0,0.0,0.0,0.0,1.0,0.0,0.0,0.0,0.0,0.0,0.0,0.666667
GQFNDKRWIPFG,1,1,0.333333,0.0,0.0,0.0,0.0,0.083333,1.0,0.0,0.0,0.0,0.25,0.166667,0.0,0.0,0.0,0.25,0.0,0.25,0.090909,0.0,0.0,0.0,1.0,0.0,0.0,0.083333,0.083333,0.0,0.0,0.333333
DAHK,1,2,0.25,0.0,0.0,0.0,0.0,0.0,1.0,0.0,0.0,0.0,0.5,0.0,0.0,0.0,0.0,0.25,0.0,0.25,0.0,0.0,0.0,0.0,0.5,0.0,0.0,0.0,0.0,0.0,0.0,0.0
LGFEY,1,3,0.4,0.2,0.0,0.0,0.0,0.0,0.8,0.0,0.0,0.0,0.4,0.0,0.0,0.0,0.0,0.4,0.0,0.4,0.0,0.0,0.0,0.0,1.0,0.0,0.0,0.0,0.0,0.0,0.0,0.4
IVAGPQ,1,4,0.833333,0.0,0.0,0.0,0.0,0.166667,1.0,0.0,0.0,0.0,0.5,0.166667,0.0,0.0,0.0,0.5,0.0,0.166667,0.0,0.0,0.0,0.0,1.0,0.0,0.0,0.166667,0.166667,0.0,0.0,0.333333
LSF,1,0,0.333333,0.333333,0.0,0.0,0.0,0.0,0.666667,0.0,0.0,0.0,0.333333,0.333333,0.0,0.0,0.0,0.666667,0.0,0.333333,0.0,0.0,0.0,0.0,1.0,0.0,0.0,0.0,0.0,0.0,0.0,0.666667
ALSAF,1,1,0.6,0.2,0.0,0.0,0.0,0.0,0.8,0.0,0.0,0.0,0.6,0.2,0.0,0.0,0.0,0.8,0.0,0.2,0.0,0.0,0.0,0.0,1.0,0.0,0.0,0.0,0.0,0.0,0.0,0.4
VVSNFGKTVFDGVL,1,2,0.5,0.071429,0.0,0.0,0.0,0.0,1.0,0.0,0.0,0.0,0.285714,0.214286,0.0,0.0,0.0,0.5,0.0,0.285714,0.0,0.0,0.0,0.0,1.0,0.125,0.0,0.0,0.0,0.0,0.0,0.5
YQKFP,1,3,0.2,0.0,0.0,0.0,0.0,0.2,1.0,0.0,0.0,0.0,0.4,0.2,0.0,0.0,0.0,0.2,0.0,0.4,0.0,0.0,0.0,0.0,1.0,0.0,0.0,0.0,0.2,0.0,0.0,0.2
ACNLPRMC,1,4,0.375,0.125,0.0,0.0,0.0,0.125,1.0,0.0,0.0,0.0,0.25,0.375,0.0,0.0,0.0,0.625,0.125,0.125,0.0,0.0,0.0,0.0,1.0,0.5,0.0,0.0,0.0,0.0,0.0,0.5
KPYVFRATGAL,1,0,0.545455,0.090909,0.0,0.0,0.0,0.090909,1.0,0.0,0.0,0.0,0.545455,0.090909,0.0,0.0,0.0,0.454545,0.0,0.181818,0.0,0.0,0.0,0.0,1.0,0.0,0.0,0.0,0.0,0.0,0.0,0.272727
MLELDPLNNLPRM,1,1,0.461538,0.307692,0.0,0.0,0.0,0.153846,1.0,0.0,0.0,0.0,0.153846,0.153846,0.0,0.0,0.0,0.461538,0.153846,0.307692,0.0,0.0,0.0,0.0,1.0,0.142857,0.0,0.0,0.0,0.0,0.0,0.461538
LAGNPHQQQQN,1,2,0.363636,0.090909,0.0,0.0,0.0,0.090909,1.0,0.1,0.0,0.0,0.363636,0.545455,0.0,0.0,0.0,0.181818,0.0,0.545455,0.0,0.0,0.0,0.0,1.0,0.0,0.0,0.0,0.363636,0.0,0.0,0.090909
NYPSD,1,3,0.2,0.0,0.0,0.0,0.0,0.2,1.0,0.0,0.0,0.0,0.6,0.4,0.0,0.0,0.0,0.0,0.0,0.8,0.0,0.0,0.0,0.0,0.8,0.0,0.0,0.0,0.0,0.0,0.25,0.0
QKK,1,4,0.0,0.0,0.0,0.0,0.0,0.0,1.0,0.0,0.0,0.0,0.0,0.333333,0.0,0.0,0.0,0.0,0.0,0.333333,0.0,0.0,0.0,0.0,0.333333,0.0,0.0,0.0,0.333333,0.0,0.0,0.0
HYVPV,1,0,0.6,0.0,0.0,0.0,0.0,0.2,1.0,0.0,0.0,0.0,0.6,0.0,0.0,0.0,0.0,0.4,0.0,0.2,0.0,0.0,0.0,0.0,1.0,0.0,0.0,0.0,0.0,0.0,0.0,0.4
TQL,1,1,0.333333,0.333333,0.0,0.0,0.0,0.0,1.0,0.0,0.0,0.0,0.333333,0.666667,0.0,0.0,0.0,0.333333,0.0,0.666667,0.0,0.0,0.0,0.0,1.0,0.0,0.0,0.0,0.333333,0.0,0.0,0.333333
VLVPK,1,2,0.8,0.2,0.0,0.0,0.0,0.2,1.0,0.0,0.0,0.0,0.2,0.0,0.0,0.0,0.0,0.6,0.0,0.0,0.0,0.0,0.0,0.0,0.8,0.0,0.0,0.0,0.0,0.0,0.0,0.6
HLPLP,1,3,0.8,0.4,0.0,0.0,0.0,0.4,1.0,0.0,0.0,0.0,0.6,0.0,0.0,0.0,0.0,0.4,0.0,0.0,0.0,0.0,0.0,0.0,1.0,0.0,0.0,0.0,0.0,0.0,0.0,0.4
HIR,1,4,0.333333,0.0,0.0,0.0,0.0,0.0,1.0,0.0,0.0,0.0,0.333333,0.0,0.0,0.0,0.0,0.333333,0.0,0.0,0.0,0.0,0.0,0.0,0.666667,0.0,0.0,0.333333,0.0,0.0,0.0,0.333333
EYNNHGSFREAHPGA,1,0,0.333333,0.0,0.0,0.0,0.0,0.066667,1.0,0.0,0.0,0.0,0.6,0.2,0.0,0.0,0.0,0.2,0.0,0.4,0.0,0.0,0.0,0.0,1.0,0.0,0.0,0.0,0.0,0.0,0.0,0.066667
SVL,1,1,0.666667,0.333333,0.0,0.0,0.0,0.0,1.0,0.0,0.0,0.0,0.333333,0.333333,0.0,0.0,0.0,0.666667,0.0,0.333333,0.0,0.0,0.0,0.0,1.0,0.0,0.0,0.0,0.0,0.0,0.0,0.666667
FGERR,1,2,0.2,0.0,0.0,0.0,0.0,0.0,1.0,0.0,0.0,0.0,0.2,0.0,0.0,0.0,0.0,0.2,0.0,0.2,0.0,0.333333,0.0,0.0,0.4,0.0,0.0,0.0,0.0,0.0,0.0,0.2
DSAIDLGD,1,3,0.5,0.125,0.0,0.0,0.0,0.0,1.0,0.0,0.0,0.0,0.375,0.125,0.0,0.0,0.0,0.375,0.0,0.5,0.0,0.0,0.0,0.0,0.875,0.0,0.0,0.125,0.0,0.0,0.0,0.25
EIPT,1,4,0.5,0.0,0.0,0.0,0.0,0.25,1.0,0.0,0.0,0.0,0.5,0.25,0.0,0.0,0.0,0.25,0.0,0.5,0.0,0.0,0.0,0.0,1.0,0.0,0.0,0.25,0.0,0.0,0.0,0.25
FDGLPAKPAKKEETR,1,0,0.4,0.066667,0.0,0.0,0.0,0.133333,1.0,0.0,0.0,0.0,0.4,0.066667,0.0,0.0,0.0,0.266667,0.0,0.266667,0.0,0.0,0.0,0.0,0.933333,0.0,0.0,0.0,0.0,0.0,0.0,0.133333
WPRGYFL,1,1,0.428571,0.142857,0.0,0.0,0.0,0.142857,1.0,0.0,0.0,0.0,0.428571,0.0,0.0,0.0,0.0,0.285714,0.0,0.142857,0.0,0.0,0.0,0.0,1.0,0.0,0.0,0.0,0.0,0.0,0.0,0.428571
LEQQVDDLEGSLEQEKK,1,2,0.294118,0.176471,0.0,0.0,0.0,0.0,1.0,0.0,0.0,0.0,0.117647,0.235294,0.0,0.0,0.0,0.235294,0.0,0.588235,0.0,0.0,0.0,0.0,0.823529,0.090909,0.0,0.0,0.176471,0.0,0.0,0.235294
LVL,1,3,1.0,0.666667,0.0,0.0,0.0,0.0,1.0,0.0,0.0,0.0,0.0,0.0,0.0,0.0,0.0,1.0,0.0,0.0,0.0,0.0,0.0,0.0,1.0,0.0,0.0,0.0,0.0,0.0,0.0,1.0
FNP,1,4,0.333333,0.0,0.0,0.0,0.0,0.333333,1.0,0.0,0.0,0.0,0.333333,0.333333,0.0,0.0,0.0,0.333333,0.0,0.333333,0.0,0.0,0.0,0.0,1.0,0.0,0.0,0.0,0.0,0.0,0.0,0.333333
AGLAPY,1,0,0.833333,0.166667,0.0,0.0,0.0,0.166667,0.833333,0.0,0.0,0.0,0.833333,0.0,0.0,0.0,0.0,0.5,0.0,0.166667,0.0,0.0,0.0,0.0,1.0,0.0,0.0,0.0,0.0,0.0,0.0,0.166667
SGGY,1,1,0.5,0.0,0.0,0.0,0.0,0.0,0.75,0.0,0.0,0.0,1.0,0.25,0.0,0.0,0.0,0.0,0.0,0.5,0.0,0.0,0.0,0.0,1.0,0.0,0.0,0.0,0.0,0.0,0.0,0.0
GLAGA,1,2,1.0,0.2,0.0,0.0,0.0,0.0,1.0,0.0,0.0,0.0,0.8,0.0,0.0,0.0,0.0,0.6,0.0,0.0,0.0,0.0,0.0,0.0,1.0,0.0,0.0,0.0,0.0,0.0,0.0,0.2
KHDRGDEF,1,3,0.125,0.0,0.0,0.0,0.0,0.0,0.875,0.0,0.0,0.0,0.25,0.0,0.0,0.0,0.0,0.125,0.0,0.375,0.0,0.0,0.0,0.0,1.0,0.0,0.0,0.0,0.0,0.0,0.0,0.125
ALK,1,4,0.666667,0.333333,0.0,0.0,0.0,0.0,1.0,0.0,0.0,0.0,0.333333,0.0,0.0,0.0,0.0,0.666667,0.0,0.0,0.0,0.0,0.0,0.0,0.666667,0.0,0.0,0.0,0.0,0.0,0.0,0.333333
LTC,1,0,0.333333,0.333333,0.0,0.0,0.0,0.0,1.0,0.0,0.0,0.0,0.333333,0.666667,0.0,0.0,0.0,0.666667,0.0,0.333333,0.0,0.0,0.0,0.0,1.0,0.0,0.0,0.0,0.0,0.0,0.0,0.666667
GPPGPPGPPG,1,1,1.0,0.0,0.0,0.0,0.0,0.6,1.0,0.0,0.0,0.0,1.0,0.0,0.0,0.0,0.0,0.0,0.0,0.0,0.0,0.0,0.333333,0.0,1.0,1.0,0.0,0.0,0.0,0.0,0.0,0.0
KYL,1,2,0.333333,0.333333,0.0,0.0,0.0,0.0,1.0,0.0,0.0,0.0,0.333333,0.0,0.0,0.0,0.0,0.333333,0.0,0.333333,0.0,0.0,0.0,0.0,1.0,0.0,0.0,0.0,0.0,0.0,0.0,0.333333
LDIQKEV,1,3,0.428571,0.142857,0.0,0.0,0.0,0.0,1.0,0.0,0.0,0.0,0.0,0.142857,0.0,0.0,0.0,0.428571,0.0,0.428571,0.0,0.0,0.0,0.0,1.0,0.0,0.0,0.142857,0.142857,0.0,0.0,0.428571
PLAQPA,1,4,0.833333,0.166667,0.0,0.0,0.0,0.333333,1.0,0.0,0.0,0.0,0.666667,0.166667,0.0,0.0,0.0,0.5,0.0,0.166667,0.0,0.0,0.0,0.0,1.0,0.0,0.0,0.0,0.166667,0.0,0.0,0.166667
MVPYPQR,1,0,0.428571,0.0,0.0,0.0,0.0,0.285714,1.0,0.0,0.0,0.0,0.428571,0.142857,0.0,0.0,0.0,0.285714,0.142857,0.285714,0.0,0.0,0.0,0.0,0.857143,0.0,0.0,0.0,0.142857,0.0,0.0,0.285714
SSDEEVREEKELDLSSNE,1,1,0.166667,0.111111,0.0,0.0,0.0,0.0,1.0,0.0,0.0,0.0,0.222222,0.277778,0.0,0.0,0.0,0.166667,0.0,0.722222,0.0,0.0,0.0,0.0,0.944444,0.083333,0.0,0.0,0.0,0.0,0.0,0.166667
WALKGYK,1,2,0.428571,0.142857,0.0,0.0,0.0,0.0,1.0,0.0,0.0,0.0,0.428571,0.0,0.0,0.0,0.0,0.285714,0.0,0.142857,0.0,0.0,0.0,0.0,0.857143,0.0,0.0,0.0,0.0,0.0,0.0,0.285714
LK,1,3,0.5,0.5,0.0,0.0,0.0,0.0,1.0,0.0,0.0,0.0,0.0,0.0,0.0,0.0,0.0,0.5,0.0,0.0,0.0,0.0,0.0,0.0,0.5,0.0,0.0,0.0,0.0,0.0,0.0,0.5
HGPL,1,4,0.75,0.25,0.0,0.0,0.0,0.25,1.0,0.0,0.0,0.0,0.75,0.0,0.0,0.0,0.0,0.25,0.0,0.0,0.0,0.0,0.0,0.0,1.0,0.0,0.0,0.0,0.0,0.0,0.0,0.25
FSDKIAK,1,0,0.285714,0.0,0.0,0.0,0.0,0.0,1.0,0.0,0.0,0.0,0.285714,0.142857,0.0,0.0,0.0,0.428571,0.0,0.285714,0.0,0.0,0.0,0.0,0.857143,0.0,0.0,0.142857,0.0,0.0,0.0,0.285714
RVPSLM,1,1,0.5,0.166667,0.0,0.0,0.0,0.166667,1.0,0.0,0.0,0.0,0.333333,0.166667,0.0,0.0,0.0,0.5,0.166667,0.166667,0.0,0.0,0.0,0.0,1.0,0.0,0.0,0.0,0.0,0.0,0.2,0.5
PHA,1,2,0.666667,0.0,0.0,0.0,0.0,0.333333,1.0,0.5,0.0,0.0,1.0,0.0,0.0,0.0,0.0,0.333333,0.0,0.0,0.0,0.0,0.0,0.0,1.0,0.0,0.0,0.0,0.0,0.0,0.0,0.0
AEDKKLIQ,1,3,0.375,0.125,0.0,0.0,0.0,0.0,1.0,0.0,0.0,0.0,0.125,0.125,0.0,0.0,0.0,0.375,0.0,0.375,0.0,0.0,0.0,0.0,1.0,0.0,0.0,0.125,0.125,0.0,0.0,0.25
LVEKGDVAFI,1,4,0.6,0.1,0.0,0.0,0.0,0.0,1.0,0.0,0.0,0.0,0.2,0.0,0.0,0.0,0.0,0.6,0.0,0.2,0.0,0.0,0.0,0.0,1.0,0.0,0.0,0.1,0.0,0.0,0.0,0.5
LPWRPATNVF,1,0,0.5,0.1,0.0,0.0,0.0,0.2,0.9,0.0,0.0,0.0,0.4,0.2,0.0,0.0,0.0,0.4,0.0,0.2,0.0,0.0,0.0,0.0,1.0,0.0,0.0,0.0,0.0,0.0,0.0,0.4
KEEKFE,1,1,0.0,0.0,0.0,0.0,0.0,0.0,1.0,0.0,0.0,0.0,0.0,0.0,0.0,0.0,0.0,0.166667,0.0,0.5,0.0,0.0,0.0,0.0,0.833333,0.0,0.0,0.0,0.0,0.0,0.0,0.166667
EEEKNRLTKKTKLT,1,2,0.142857,0.142857,0.0,0.0,0.0,0.0,1.0,0.0,0.0,0.0,0.214286,0.285714,0.0,0.0,0.0,0.142857,0.0,0.5,0.0,0.0,0.0,0.0,1.0,0.375,0.0,0.0,0.0,0.076923,0.0,0.142857
LSSLEMGSLGALFVCM,1,3,0.5,0.25,0.0,0.0,0.0,0.0,1.0,0.0,0.0,0.0,0.375,0.25,0.0,0.0,0.0,0.625,0.125,0.25,0.0,0.0,0.0,0.0,1.0,0.1,0.0,0.0,0.0,0.0,0.0,0.5625
VAW,1,4,0.666667,0.0,0.0,0.0,0.0,0.0,0.666667,0.0,0.0,0.0,0.333333,0.0,0.0,0.0,0.0,0.666667,0.0,0.0,0.0,0.0,0.0,0.0,1.0,0.0,0.0,0.0,0.0,0.0,0.0,0.666667
FGER,1,0,0.25,0.0,0.0,0.0,0.0,0.0,1.0,0.0,0.0,0.0,0.25,0.0,0.0,0.0,0.0,0.25,0.0,0.25,0.0,0.5,0.0,0.0,0.5,0.0,0.0,0.0,0.0,0.0,0.0,0.25
YVE,1,1,0.333333,0.0,0.0,0.0,0.0,0.0,1.0,0.0,0.0,0.0,0.333333,0.0,0.0,0.0,0.0,0.333333,0.0,0.666667,0.0,0.0,0.0,0.0,0.666667,0.0,0.0,0.0,0.0,0.0,0.0,0.333333
PDLVF,1,2,0.6,0.2,0.0,0.0,0.0,0.2,0.8,0.0,0.0,0.0,0.2,0.0,0.0,0.0,0.0,0.6,0.0,0.2,0.0,0.0,0.0,0.0,1.0,0.0,0.0,0.0,0.0,0.0,0.0,0.6
QQFQQSGQAQLTE,1,3,0.230769,0.076923,0.0,0.0,0.0,0.0,1.0,0.0,0.0,0.0,0.307692,0.615385,0.0,0.0,0.0,0.230769,0.0,0.692308,0.0,0.0,0.0,0.0,0.923077,0.285714,0.0,0.0,0.461538,0.0,0.0,0.153846
GPAGPAG,1,4,1.0,0.0,0.0,0.0,0.0,0.285714,1.0,0.0,0.0,0.0,1.0,0.0,0.0,0.0,0.0,0.285714,0.0,0.0,0.0,0.0,0.333333,0.0,1.0,1.0,0.0,0.0,0.0,0.0,0.0,0.0
GFPSG,1,0,0.6,0.0,0.0,0.0,0.0,0.2,1.0,0.0,0.0,0.0,0.8,0.2,0.0,0.0,0.0,0.2,0.0,0.2,0.0,0.0,0.0,0.0,1.0,0.0,0.0,0.0,0.0,0.0,0.25,0.2
LKP,1,1,0.666667,0.333333,0.0,0.0,0.0,0.333333,1.0,0.0,0.0,0.0,0.333333,0.0,0.0,0.0,0.0,0.333333,0.0,0.0,0.0,0.0,0.0,0.0,1.0,0.0,0.0,0.0,0.0,0.0,0.0,0.333333
EKF,1,2,0.0,0.0,0.0,0.0,0.0,0.0,0.666667,0.0,0.0,0.0,0.0,0.0,0.0,0.0,0.0,0.333333,0.0,0.333333,0.0,0.0,0.0,0.0,1.0,0.0,0.0,0.0,0.0,0.0,0.0,0.333333
HIAGKSSIFRA,1,3,0.454545,0.0,0.0,0.0,0.0,0.0,1.0,0.0,0.0,0.0,0.545455,0.181818,0.0,0.0,0.0,0.454545,0.0,0.181818,0.0,0.0,0.0,0.0,1.0,0.2,0.0,0.181818,0.0,0.0,0.0,0.272727
APL,1,4,1.0,0.333333,0.0,0.0,0.0,0.333333,1.0,0.0,0.0,0.0,0.666667,0.0,0.0,0.0,0.0,0.666667,0.0,0.0,0.0,0.0,0.0,0.0,1.0,0.0,0.0,0.0,0.0,0.0,0.0,0.333333
IIA,1,0,1.0,0.0,0.0,0.0,0.0,0.0,1.0,0.0,0.0,0.0,0.333333,0.0,0.0,0.0,0.0,1.0,0.0,0.0,0.0,0.0,0.0,0.0,1.0,0.0,0.0,0.666667,0.0,0.0,0.0,0.666667
YHY,1,1,0.0,0.0,0.0,0.0,0.0,0.0,0.0,0.0,0.0,0.0,1.0,0.0,0.0,0.0,0.0,0.0,0.0,0.666667,0.0,0.0,0.0,0.0,1.0,0.0,0.0,0.0,0.0,0.0,0.0,0.0
APGAPGPVG,1,2,1.0,0.0,0.0,0.0,0.0,0.333333,1.0,0.0,0.0,0.0,0.888889,0.0,0.0,0.0,0.0,0.333333,0.0,0.0,0.0,0.0,0.2,0.0,1.0,0.333333,0.0,0.0,0.0,0.0,0.0,0.111111
PMH,1,3,0.333333,0.0,0.0,0.0,0.0,0.333333,0.666667,0.0,0.0,0.0,0.666667,0.0,0.0,0.0,0.0,0.333333,0.333333,0.0,0.0,0.0,0.0,0.0,0.666667,0.0,0.0,0.0,0.0,0.0,0.0,0.333333
WSVWEQELEDR,1,4,0.181818,0.090909,0.0,0.0,0.0,0.0,1.0,0.0,0.0,0.0,0.090909,0.181818,0.0,0.0,0.0,0.181818,0.0,0.545455,0.0,0.0,0.0,0.0,0.727273,0.0,0.0,0.0,0.090909,0.0,0.0,0.363636
SEALGVSSQVARQ,1,0,0.461538,0.076923,0.0,0.0,0.0,0.0,1.0,0.0,0.0,0.0,0.461538,0.384615,0.0,0.0,0.0,0.384615,0.0,0.461538,0.0,0.0,0.0,0.0,1.0,0.142857,0.0,0.0,0.153846,0.0,0.0,0.230769
TY,1,1,0.0,0.0,0.0,0.0,0.0,0.0,0.5,0.0,0.0,0.0,1.0,0.5,0.0,0.0,0.0,0.0,0.0,1.0,0.0,0.0,0.0,0.0,1.0,0.0,0.0,0.0,0.0,0.0,0.0,0.0
ETTL,1,2,0.25,0.25,0.0,0.0,0.0,0.0,1.0,0.0,0.0,0.0,0.5,0.5,0.0,0.0,0.0,0.25,0.0,0.75,0.0,0.0,0.0,0.0,1.0,0.0,0.0,0.0,0.0,0.0,0.0,0.25
VAMVPPFET,1,3,0.555556,0.0,0.0,0.0,0.0,0.222222,1.0,0.0,0.0,0.0,0.444444,0.111111,0.0,0.0,0.0,0.555556,0.111111,0.222222,0.125,0.0,0.0,0.0,1.0,0.0,0.0,0.0,0.0,0.0,0.0,0.444444
EYLARKGGVEVN,1,4,0.5,0.083333,0.0,0.0,0.0,0.0,1.0,0.0,0.0,0.0,0.333333,0.083333,0.0,0.0,0.0,0.333333,0.0,0.333333,0.0,0.0,0.0,0.0,1.0,0.0,0.0,0.0,0.0,0.0,0.0,0.25
RGY,1,0,0.333333,0.0,0.0,0.0,0.0,0.0,0.666667,0.0,0.0,0.0,0.666667,0.0,0.0,0.0,0.0,0.0,0.0,0.333333,0.0,0.0,0.0,0.0,1.0,0.0,0.0,0.0,0.0,0.0,0.0,0.0
EEL,1,1,0.333333,0.333333,0.0,0.0,0.0,0.0,1.0,0.0,0.0,0.0,0.0,0.0,0.0,0.0,0.0,0.333333,0.0,0.666667,0.0,0.0,0.0,0.0,1.0,0.0,0.0,0.0,0.0,0.0,0.0,0.333333
QQRQQQGL,1,2,0.25,0.125,0.0,0.0,0.0,0.0,1.0,0.0,0.0,0.0,0.125,0.625,0.0,0.0,0.0,0.125,0.0,0.625,0.0,0.0,0.0,0.0,1.0,0.0,0.0,0.0,0.625,0.0,0.0,0.125
HL,1,3,0.5,0.5,0.0,0.0,0.0,0.0,1.0,0.0,0.0,0.0,0.5,0.0,0.0,0.0,0.0,0.5,0.0,0.0,0.0,0.0,0.0,0.0,1.0,0.0,0.0,0.0,0.0,0.0,0.0,0.5
ACGNLPRMC,1,4,0.444444,0.111111,0.0,0.0,0.0,0.111111,1.0,0.0,0.0,0.0,0.333333,0.333333,0.0,0.0,0.0,0.555556,0.111111,0.111111,0.0,0.0,0.0,0.0,1.0,0.0,0.0,0.0,0.0,0.0,0.0,0.444444
LEK,1,0,0.333333,0.333333,0.0,0.0,0.0,0.0,1.0,0.0,0.0,0.0,0.0,0.0,0.0,0.0,0.0,0.333333,0.0,0.333333,0.0,0.0,0.0,0.0,0.333333,0.0,0.0,0.0,0.0,0.0,0.0,0.333333
PGVPWP,1,1,0.833333,0.0,0.0,0.0,0.0,0.5,1.0,0.0,0.0,0.0,0.666667,0.0,0.0,0.0,0.0,0.166667,0.0,0.0,0.0,0.0,0.5,0.0,1.0,0.0,0.0,0.0,0.0,0.0,0.0,0.333333
LAGKPQQEHSGEHQ,1,2,0.357143,0.071429,0.0,0.0,0.0,0.071429,1.0,0.0,0.0,0.0,0.5,0.285714,0.0,0.0,0.0,0.142857,0.0,0.428571,0.0,0.0,0.0,0.0,1.0,0.0,0.0,0.0,0.214286,0.0,0.0,0.071429
NGE,1,3,0.333333,0.0,0.0,0.0,0.0,0.0,1.0,0.0,0.0,0.0,0.333333,0.333333,0.0,0.0,0.0,0.0,0.0,0.666667,0.0,0.0,0.0,0.0,0.666667,0.0,0.0,0.0,0.0,0.0,0.0,0.0
ENS,1,4,0.0,0.0,0.0,0.0,0.0,0.0,1.0,0.0,0.0,0.0,0.333333,0.666667,0.0,0.0,0.0,0.0,0.0,1.0,0.0,0.0,0.0,0.0,1.0,0.0,0.0,0.0,0.0,0.0,0.0,0.0
ASD,1,0,0.333333,0.0,0.0,0.0,0.0,0.0,1.0,0.0,0.0,0.0,0.666667,0.333333,0.0,0.0,0.0,0.333333,0.0,0.666667,0.0,0.0,0.0,0.0,0.666667,0.0,0.0,0.0,0.0,0.0,0.0,0.0
GP,1,1,1.0,0.0,0.0,0.0,0.0,0.5,1.0,0.0,0.0,0.0,1.0,0.0,0.0,0.0,0.0,0.0,0.0,0.0,0.0,0.0,0.0,0.0,1.0,0.0,0.0,0.0,0.0,0.0,0.0,0.0
SLL,1,2,0.666667,0.666667,0.0,0.0,0.0,0.0,1.0,0.0,0.0,0.0,0.333333,0.333333,0.0,0.0,0.0,0.666667,0.0,0.333333,0.0,0.0,0.0,0.0,1.0,0.0,0.0,0.0,0.0,0.0,0.0,0.666667
LPENAKVDQVK,1,3,0.454545,0.090909,0.0,0.0,0.0,0.090909,1.0,0.0,0.0,0.0,0.181818,0.181818,0.0,0.0,0.0,0.363636,0.0,0.363636,0.0,0.0,0.0,0.0,0.909091,0.0,0.0,0.0,0.090909,0.0,0.0,0.272727
VHLKP,1,4,0.6,0.2,0.0,0.0,0.0,0.2,1.0,0.0,0.0,0.0,0.4,0.0,0.0,0.0,0.0,0.4,0.0,0.0,0.0,0.0,0.0,0.0,1.0,0.0,0.0,0.0,0.0,0.0,0.0,0.4
AGT,1,0,0.666667,0.0,0.0,0.0,0.0,0.0,1.0,0.0,0.0,0.0,1.0,0.333333,0.0,0.0,0.0,0.333333,0.0,0.333333,0.0,0.0,0.0,0.0,1.0,0.0,0.0,0.0,0.0,0.0,0.0,0.0
VDHDHPE,1,1,0.285714,0.0,0.0,0.0,0.0,0.142857,1.0,0.0,0.0,0.0,0.428571,0.0,0.0,0.0,0.0,0.142857,0.0,0.428571,0.0,0.0,0.0,0.0,0.857143,0.0,0.0,0.0,0.0,0.0,0.0,0.142857
SGGSYADELVSTAK,1,2,0.428571,0.071429,0.0,0.0,0.0,0.0,1.0,0.0,0.0,0.0,0.642857,0.285714,0.0,0.0,0.0,0.285714,0.0,0.5,0.0,0.0,0.0,0.0,0.928571,0.0,0.0,0.0,0.0,0.0,0.0,0.142857
VGGIDEVIAK,1,3,0.7,0.0,0.0,0.0,0.0,0.0,1.0,0.0,0.0,0.0,0.3,0.0,0.0,0.0,0.0,0.5,0.0,0.2,0.0,0.0,0.0,0.0,0.9,0.25,0.0,0.2,0.0,0.0,0.0,0.4
WDR,1,4,0.0,0.0,0.0,0.0,0.0,0.0,1.0,0.0,0.0,0.0,0.0,0.0,0.0,0.0,0.0,0.0,0.0,0.333333,0.0,0.0,0.0,0.0,0.333333,0.0,0.0,0.0,0.0,0.0,0.0,0.333333
YYK,1,0,0.0,0.0,0.0,0.0,0.0,0.0,1.0,0.0,0.0,0.0,0.666667,0.0,0.0,0.0,0.0,0.0,0.0,0.666667,0.0,0.0,0.0,0.0,0.666667,0.0,0.0,0.0,0.0,0.0,0.0,0.0
EAL,1,1,0.666667,0.333333,0.0,0.0,0.0,0.0,1.0,0.0,0.0,0.0,0.333333,0.0,0.0,0.0,0.0,0.666667,0.0,0.333333,0.0,0.0,0.0,0.0,1.0,0.0,0.0,0.0,0.0,0.0,0.0,0.333333
GFVG,1,2,0.75,0.0,0.0,0.0,0.0,0.0,1.0,0.0,0.0,0.0,0.5,0.0,0.0,0.0,0.0,0.5,0.0,0.0,0.0,0.0,0.0,0.0,1.0,0.0,0.0,0.0,0.0,0.0,0.0,0.5
ADVFNPR,1,3,0.428571,0.0,0.0,0.0,0.0,0.142857,1.0,0.0,0.0,0.0,0.285714,0.142857,0.0,0.0,0.0,0.428571,0.0,0.285714,0.0,0.0,0.0,0.0,0.857143,0.0,0.0,0.0,0.0,0.0,0.0,0.285714
ENK,1,4,0.0,0.0,0.0,0.0,0.0,0.0,1.0,0.0,0.0,0.0,0.0,0.333333,0.0,0.0,0.0,0.0,0.0,0.666667,0.0,0.0,0.0,0.0,0.666667,0.0,0.0,0.0,0.0,0.0,0.0,0.0
ISQAVHAHAEINEAGR,1,0,0.5,0.0,0.0,0.0,0.0,0.0,1.0,0.0,0.0,0.0,0.5,0.1875,0.0,0.0,0.0,0.4375,0.0,0.3125,0.0,0.0,0.0,0.0,0.9375,0.0,0.0,0.125,0.0625,0.0,0.0,0.1875
DAL,1,1,0.666667,0.333333,0.0,0.0,0.0,0.0,1.0,0.0,0.0,0.0,0.333333,0.0,0.0,0.0,0.0,0.666667,0.0,0.333333,0.0,0.0,0.0,0.0,1.0,0.0,0.0,0.0,0.0,0.0,0.0,0.333333
IIAEK,1,2,0.6,0.0,0.0,0.0,0.0,0.0,1.0,0.0,0.0,0.0,0.2,0.0,0.0,0.0,0.0,0.6,0.0,0.2,0.0,0.0,0.0,0.0,0.6,0.0,0.0,0.4,0.0,0.0,0.0,0.4
TQT,1,3,0.0,0.0,0.0,0.0,0.0,0.0,1.0,0.0,0.0,0.0,0.666667,1.0,0.0,0.0,0.0,0.0,0.0,1.0,0.0,0.0,0.0,0.0,1.0,0.0,0.0,0.0,0.333333,0.0,0.0,0.0
SFN,1,4,0.0,0.0,0.0,0.0,0.0,0.0,1.0,0.0,0.0,0.0,0.333333,0.666667,0.0,0.0,0.0,0.333333,0.0,0.666667,0.0,0.0,0.0,0.0,1.0,0.0,0.0,0.0,0.0,0.0,0.0,0.333333
YGNWLYK,1,0,0.285714,0.142857,0.0,0.0,0.0,0.0,1.0,0.0,0.0,0.0,0.428571,0.142857,0.0,0.0,0.0,0.142857,0.0,0.428571,0.0,0.0,0.0,0.0,0.857143,0.0,0.0,0.0,0.0,0.0,0.0,0.285714
LW,1,1,0.5,0.5,1.0,0.0,0.0,0.0,0.5,0.0,0.0,0.0,0.0,0.0,0.0,0.0,0.0,0.5,0.0,0.0,0.0,0.0,0.0,0.0,1.0,0.0,0.0,0.0,0.0,0.0,0.0,1.0
HDHAERFSGHDNED,1,2,0.142857,0.0,0.0,0.0,0.0,0.0,1.0,0.0,0.0,0.0,0.428571,0.142857,0.0,0.0,0.0,0.142857,0.0,0.5,0.0,0.0,0.0,0.0,0.857143,0.0,0.0,0.0,0.0,0.0,0.0,0.071429
SAE,1,3,0.333333,0.0,0.0,0.0,0.0,0.0,1.0,0.0,0.0,0.0,0.666667,0.333333,0.0,0.0,0.0,0.333333,0.0,0.666667,0.0,0.0,0.0,0.0,0.666667,0.0,0.0,0.0,0.0,0.0,0.0,0.0
VLD,1,4,0.666667,0.333333,0.0,0.0,0.0,0.0,1.0,0.0,0.0,0.0,0.0,0.0,0.0,0.0,0.0,0.666667,0.0,0.333333,0.0,0.0,0.0,0.0,0.666667,0.0,0.0,0.0,0.0,0.0,0.0,0.666667
VEGNLQVLRPR,1,0,0.545455,0.181818,0.0,0.0,0.0,0.090909,1.0,0.0,0.0,0.0,0.181818,0.181818,0.0,0.0,0.0,0.363636,0.0,0.272727,0.0,0.0,0.0,0.0,0.909091,0.2,0.0,0.0,0.090909,0.0,0.0,0.363636
KPT,1,1,0.333333,0.0,0.0,0.0,0.0,0.333333,1.0,0.0,0.0,0.0,0.666667,0.333333,0.0,0.0,0.0,0.0,0.0,0.333333,0.0,0.0,0.0,0.0,1.0,0.0,0.0,0.0,0.0,0.0,0.0,0.0
KYY,1,2,0.0,0.0,0.0,0.0,0.0,0.0,0.333333,0.0,0.0,0.0,0.666667,0.0,0.0,0.0,0.0,0.0,0.0,0.666667,0.0,0.0,0.0,0.0,1.0,0.0,0.0,0.0,0.0,0.0,0.0,0.0
VYV,1,3,0.666667,0.0,0.0,0.0,0.0,0.0,1.0,0.0,0.0,0.0,0.333333,0.0,0.0,0.0,0.0,0.666667,0.0,0.333333,0.0,0.0,0.0,0.0,1.0,0.0,0.0,0.0,0.0,0.0,0.0,0.666667
EVPKA,1,4,0.6,0.0,0.0,0.0,0.0,0.2,1.0,0.0,0.0,0.0,0.4,0.0,0.0,0.0,0.0,0.4,0.0,0.2,0.0,0.0,0.0,0.0,1.0,0.0,0.0,0.0,0.0,0.0,0.0,0.2
ALN,1,0,0.666667,0.333333,0.0,0.0,0.0,0.0,1.0,0.0,0.0,0.0,0.333333,0.333333,0.0,0.0,0.0,0.666667,0.0,0.333333,0.0,0.0,0.0,0.0,1.0,0.0,0.0,0.0,0.0,0.0,0.0,0.333333
DLSDGEQGVL,1,1,0.5,0.2,0.0,0.0,0.0,0.0,1.0,0.0,0.0,0.0,0.3,0.2,0.0,0.0,0.0,0.3,0.0,0.5,0.0,0.0,0.0,0.0,1.0,0.0,0.0,0.0,0.1,0.0,0.0,0.3
TPEVDDEALKE,1,2,0.363636,0.090909,0.0,0.0,0.0,0.090909,1.0,0.0,0.0,0.0,0.272727,0.090909,0.0,0.0,0.0,0.272727,0.0,0.545455,0.0,0.0,0.0,0.0,0.818182,0.0,0.0,0.0,0.0,0.0,0.0,0.181818
IQK,1,3,0.333333,0.0,0.0,0.0,0.0,0.0,1.0,0.0,0.0,0.0,0.0,0.333333,0.0,0.0,0.0,0.333333,0.0,0.333333,0.0,0.0,0.0,0.0,0.666667,0.0,0.0,0.333333,0.333333,0.0,0.0,0.333333
MNGEKKKAPLGDE,1,4,0.384615,0.076923,0.0,0.0,0.0,0.076923,1.0,0.0,0.0,0.0,0.307692,0.076923,0.0,0.0,0.0,0.230769,0.076923,0.307692,0.0,0.0,0.0,0.0,0.846154,0.0,0.0,0.0,0.0,0.0,0.0,0.153846
RGQVIYVL,1,0,0.625,0.125,0.0,0.0,0.0,0.0,1.0,0.0,0.0,0.0,0.25,0.125,0.0,0.0,0.0,0.5,0.0,0.25,0.0,0.0,0.0,0.0,1.0,0.0,0.0,0.125,0.125,0.0,0.0,0.5
IRL,1,1,0.666667,0.333333,0.0,0.0,0.0,0.0,1.0,0.0,0.0,0.0,0.0,0.0,0.0,0.0,0.0,0.666667,0.0,0.0,0.0,0.0,0.0,0.0,1.0,0.0,0.0,0.333333,0.0,0.0,0.0,0.666667
CVPEVDPLLLRAE,1,2,0.615385,0.230769,0.0,0.0,0.0,0.153846,1.0,0.0,0.0,0.0,0.230769,0.076923,0.0,0.0,0.0,0.538462,0.0,0.230769,0.0,0.0,0.0,0.0,0.923077,0.0,0.0,0.0,0.0,0.0,0.0,0.461538
WP,1,3,0.5,0.0,0.0,0.0,0.0,0.5,1.0,0.0,0.0,0.0,0.5,0.0,0.0,0.0,0.0,0.0,0.0,0.0,0.0,0.0,0.0,0.0,1.0,0.0,0.0,0.0,0.0,0.0,0.0,0.5
LT,1,4,0.5,0.5,0.0,0.0,0.0,0.0,1.0,0.0,0.0,0.0,0.5,0.5,0.0,0.0,0.0,0.5,0.0,0.5,0.0,0.0,0.0,0.0,1.0,0.0,0.0,0.0,0.0,0.0,0.0,0.5
YY,1,0,0.0,0.0,0.0,0.0,0.0,0.0,0.0,0.0,0.0,0.0,1.0,0.0,0.0,0.0,0.0,0.0,0.0,1.0,0.0,0.0,0.0,0.0,1.0,0.0,0.0,0.0,0.0,0.0,0.0,0.0
YPELF,1,1,0.4,0.2,0.0,0.0,0.0,0.2,0.8,0.0,0.0,0.0,0.4,0.0,0.0,0.0,0.0,0.4,0.0,0.4,0.0,0.0,0.0,0.0,1.0,0.0,0.0,0.0,0.0,0.0,0.0,0.4
GLD,1,2,0.666667,0.333333,0.0,0.0,0.0,0.0,1.0,0.0,0.0,0.0,0.333333,0.0,0.0,0.0,0.0,0.333333,0.0,0.333333,0.0,0.0,0.0,0.0,0.666667,0.0,0.0,0.0,0.0,0.0,0.0,0.333333
ASPKPSSA,1,3,0.5,0.0,0.0,0.0,0.0,0.25,1.0,0.0,0.0,0.0,0.875,0.375,0.0,0.0,0.0,0.25,0.0,0.375,0.0,0.0,0.0,0.0,1.0,0.0,0.0,0.0,0.0,0.0,0.142857,0.0
PQFYW,1,4,0.2,0.0,0.0,0.0,0.0,0.2,0.4,0.0,0.0,0.0,0.4,0.2,0.0,0.0,0.0,0.2,0.0,0.4,0.0,0.0,0.0,0.0,1.0,0.0,0.0,0.0,0.2,0.0,0.0,0.4
LELPLK,1,0,0.666667,0.5,0.0,0.0,0.0,0.166667,1.0,0.0,0.0,0.0,0.166667,0.0,0.0,0.0,0.0,0.5,0.0,0.166667,0.0,0.0,0.0,0.0,0.833333,0.0,0.0,0.0,0.0,0.0,0.0,0.5
TEFHLL,1,1,0.333333,0.333333,0.0,0.0,0.0,0.0,1.0,0.0,0.0,0.0,0.333333,0.166667,0.0,0.0,0.0,0.5,0.0,0.333333,0.0,0.0,0.0,0.0,1.0,0.0,0.0,0.0,0.0,0.0,0.0,0.5
QYP,1,2,0.333333,0.0,0.0,0.0,0.0,0.333333,1.0,0.0,0.0,0.0,0.666667,0.333333,0.0,0.0,0.0,0.0,0.0,0.666667,0.0,0.0,0.0,0.0,1.0,0.0,0.0,0.0,0.333333,0.0,0.0,0.0
LH,1,3,0.5,0.5,0.0,1.0,0.0,0.0,0.5,0.0,0.0,0.0,0.5,0.0,0.0,0.0,0.0,0.5,0.0,0.0,0.0,0.0,0.0,0.0,0.5,0.0,0.0,0.0,0.0,0.0,0.0,0.5
EPDRY,1,4,0.2,0.0,0.0,0.0,0.0,0.2,0.8,0.0,0.0,0.0,0.4,0.0,0.0,0.0,0.0,0.0,0.0,0.6,0.0,0.0,0.0,0.0,1.0,0.0,0.0,0.0,0.0,0.0,0.0,0.0
YAY,1,0,0.333333,0.0,0.0,0.0,0.0,0.0,0.666667,0.0,0.0,0.0,1.0,0.0,0.0,0.0,0.0,0.333333,0.0,0.666667,0.0,0.0,0.0,0.0,1.0,0.0,0.0,0.0,0.0,0.0,0.0,0.0
PP,1,1,1.0,0.0,0.0,0.0,0.0,1.0,1.0,0.0,0.0,0.0,1.0,0.0,0.0,0.0,0.0,0.0,0.0,0.0,0.0,0.0,0.0,0.0,1.0,0.0,0.0,0.0,0.0,0.0,0.0,0.0
VLLPDEVSGL,1,2,0.7,0.3,0.0,0.0,0.0,0.1,1.0,0.0,0.0,0.0,0.3,0.1,0.0,0.0,0.0,0.5,0.0,0.3,0.0,0.0,0.0,0.0,1.0,0.25,0.0,0.0,0.0,0.0,0.0,0.5
SDI,1,3,0.333333,0.0,0.0,0.0,0.0,0.0,1.0,0.0,0.0,0.0,0.333333,0.333333,0.0,0.0,0.0,0.333333,0.0,0.666667,0.0,0.0,0.0,0.0,1.0,0.0,0.0,0.333333,0.0,0.0,0.0,0.333333
TVGGAPAGRIVME,1,4,0.692308,0.0,0.0,0.0,0.0,0.076923,1.0,0.0,0.0,0.0,0.538462,0.076923,0.0,0.0,0.0,0.461538,0.076923,0.153846,0.0,0.0,0.0,0.0,0.923077,0.0,0.0,0.076923,0.0,0.0,0.0,0.307692
IVT,1,0,0.666667,0.0,0.0,0.0,0.0,0.0,1.0,0.0,0.0,0.0,0.333333,0.333333,0.0,0.0,0.0,0.666667,0.0,0.333333,0.0,0.0,0.0,0.0,1.0,0.0,0.0,0.333333,0.0,0.0,0.0,0.666667
WGLETAGSVVLLDLQ,1,1,0.6,0.266667,0.0,0.0,0.0,0.0,1.0,0.0,0.0,0.0,0.333333,0.2,0.0,0.0,0.0,0.466667,0.0,0.333333,0.0,0.0,0.0,0.0,1.0,0.0,0.0,0.0,0.066667,0.0,0.0,0.466667
IPA,1,2,1.0,0.0,0.0,0.0,0.0,0.333333,1.0,0.0,0.0,0.0,0.666667,0.0,0.0,0.0,0.0,0.666667,0.0,0.0,0.0,0.0,0.0,0.0,1.0,0.0,0.0,0.333333,0.0,0.0,0.0,0.333333
HYEG,1,3,0.25,0.0,0.0,0.0,0.0,0.0,1.0,0.0,0.0,0.0,0.75,0.0,0.0,0.0,0.0,0.0,0.0,0.5,0.0,0.0,0.0,0.0,1.0,0.0,0.0,0.0,0.0,0.0,0.0,0.0
AP,1,4,1.0,0.0,0.0,0.0,0.0,0.5,1.0,0.0,0.0,0.0,1.0,0.0,0.0,0.0,0.0,0.5,0.0,0.0,0.0,0.0,0.0,0.0,1.0,0.0,0.0,0.0,0.0,0.0,0.0,0.0
SVDSQTAF,1,0,0.25,0.0,0.0,0.0,0.0,0.0,0.875,0.0,0.0,0.0,0.5,0.5,0.0,0.0,0.0,0.375,0.0,0.625,0.0,0.0,0.0,0.0,1.0,0.0,0.0,0.0,0.125,0.0,0.0,0.25
QGAR,1,1,0.5,0.0,0.0,0.0,0.0,0.0,1.0,0.0,0.0,0.0,0.5,0.25,0.0,0.0,0.0,0.25,0.0,0.25,0.0,0.5,0.0,0.0,0.75,0.0,0.0,0.0,0.25,0.0,0.0,0.0
YGIKVGYAIP,1,2,0.7,0.0,0.0,0.0,0.0,0.1,1.0,0.0,0.0,0.0,0.6,0.0,0.0,0.0,0.0,0.4,0.0,0.2,0.0,0.0,0.166667,0.0,1.0,0.5,0.0,0.2,0.0,0.0,0.0,0.3
KKSKADLTEVTHK,1,3,0.230769,0.076923,0.0,0.0,0.0,0.0,1.0,0.0,0.0,0.0,0.384615,0.230769,0.0,0.0,0.0,0.230769,0.0,0.384615,0.0,0.0,0.0,0.0,0.846154,0.0,0.0,0.0,0.0,0.0,0.0,0.153846
HLHP,1,4,0.5,0.25,0.0,0.333333,0.0,0.25,1.0,0.0,0.0,0.0,0.75,0.0,0.0,0.0,0.0,0.25,0.0,0.0,0.0,0.0,0.0,0.0,1.0,0.0,0.0,0.0,0.0,0.0,0.0,0.25
HQP,1,0,0.333333,0.0,0.0,0.0,0.0,0.333333,1.0,0.0,0.0,0.0,0.666667,0.333333,0.0,0.0,0.0,0.0,0.0,0.333333,0.0,0.0,0.0,0.0,1.0,0.0,0.0,0.0,0.333333,0.0,0.0,0.0
VGAPSVS,1,1,0.714286,0.0,0.0,0.0,0.0,0.142857,1.0,0.0,0.0,0.0,0.714286,0.285714,0.0,0.0,0.0,0.428571,0.0,0.285714,0.0,0.0,0.0,0.0,1.0,0.0,0.0,0.0,0.0,0.0,0.166667,0.285714
LDK,1,2,0.333333,0.333333,0.0,0.0,0.0,0.0,1.0,0.0,0.0,0.0,0.0,0.0,0.0,0.0,0.0,0.333333,0.0,0.333333,0.0,0.0,0.0,0.0,0.333333,0.0,0.0,0.0,0.0,0.0,0.0,0.333333
DLVKVEA,1,3,0.571429,0.142857,0.0,0.0,0.0,0.0,1.0,0.0,0.0,0.0,0.142857,0.0,0.0,0.0,0.0,0.571429,0.0,0.285714,0.0,0.0,0.0,0.0,1.0,0.0,0.0,0.0,0.0,0.0,0.0,0.428571
FVSACSVAG,1,4,0.555556,0.0,0.0,0.0,0.0,0.0,1.0,0.0,0.0,0.0,0.555556,0.333333,0.0,0.0,0.0,0.666667,0.0,0.222222,0.0,0.0,0.0,0.0,1.0,0.0,0.0,0.0,0.0,0.0,0.0,0.444444
VKELY,1,0,0.4,0.2,0.0,0.0,0.0,0.0,0.8,0.0,0.0,0.0,0.2,0.0,0.0,0.0,0.0,0.4,0.0,0.4,0.0,0.0,0.0,0.0,1.0,0.0,0.0,0.0,0.0,0.0,0.0,0.4
HK,1,1,0.0,0.0,0.0,0.0,0.0,0.0,1.0,0.0,0.0,0.0,0.5,0.0,0.0,0.0,0.0,0.0,0.0,0.0,0.0,0.0,0.0,0.0,0.0,0.0,0.0,0.0,0.0,0.0,0.0,0.0
AGNDGFEYVTLK,1,2,0.416667,0.083333,0.0,0.0,0.0,0.0,1.0,0.0,0.0,0.0,0.416667,0.166667,0.0,0.0,0.0,0.333333,0.0,0.416667,0.0,0.0,0.0,0.0,0.916667,0.0,0.0,0.0,0.0,0.0,0.0,0.25
NGPLLPSDEMDRA,1,3,0.461538,0.153846,0.0,0.0,0.0,0.153846,1.0,0.0,0.0,0.0,0.384615,0.153846,0.0,0.0,0.0,0.307692,0.076923,0.384615,0.0,0.0,0.111111,0.0,1.0,0.0,0.0,0.0,0.0,0.0,0.083333,0.230769
AYFYPE,1,4,0.333333,0.0,0.0,0.0,0.0,0.166667,1.0,0.0,0.0,0.0,0.666667,0.0,0.0,0.0,0.0,0.333333,0.0,0.5,0.0,0.0,0.0,0.0,0.833333,0.0,0.0,0.0,0.0,0.0,0.0,0.166667
IAE,1,0,0.666667,0.0,0.0,0.0,0.0,0.0,1.0,0.0,0.0,0.0,0.333333,0.0,0.0,0.0,0.0,0.666667,0.0,0.333333,0.0,0.0,0.0,0.0,0.666667,0.0,0.0,0.333333,0.0,0.0,0.0,0.333333
LVYIIQGR,1,1,0.625,0.125,0.0,0.0,0.0,0.0,1.0,0.0,0.0,0.0,0.25,0.125,0.0,0.0,0.0,0.5,0.0,0.25,0.0,0.0,0.0,0.0,0.875,0.0,0.0,0.25,0.125,0.0,0.0,0.5
LEE,1,2,0.333333,0.333333,0.0,0.0,0.0,0.0,1.0,0.0,0.0,0.0,0.0,0.0,0.0,0.0,0.0,0.333333,0.0,0.666667,0.0,0.0,0.0,0.0,0.333333,0.0,0.0,0.0,0.0,0.0,0.0,0.333333
AYFYPEL,1,3,0.428571,0.142857,0.0,0.0,0.0,0.142857,1.0,0.0,0.0,0.0,0.571429,0.0,0.0,0.0,0.0,0.428571,0.0,0.428571,0.0,0.0,0.0,0.0,1.0,0.0,0.0,0.0,0.0,0.0,0.0,0.285714
GGNYVGVP,1,4,0.75,0.0,0.0,0.0,0.0,0.125,1.0,0.0,0.0,0.0,0.625,0.125,0.0,0.0,0.0,0.25,0.0,0.25,0.0,0.0,0.0,0.0,1.0,0.0,0.0,0.0,0.0,0.0,0.0,0.25
LHF,1,0,0.333333,0.333333,0.0,0.5,0.0,0.0,0.333333,0.0,0.0,0.0,0.333333,0.0,0.0,0.0,0.0,0.666667,0.0,0.0,0.0,0.0,0.0,0.0,1.0,0.0,0.0,0.0,0.0,0.0,0.0,0.666667
RADHPF,1,1,0.333333,0.0,0.0,0.0,0.0,0.166667,0.833333,0.0,0.0,0.0,0.5,0.0,0.0,0.0,0.0,0.333333,0.0,0.166667,0.2,0.0,0.0,0.0,1.0,0.0,0.0,0.0,0.0,0.0,0.0,0.166667
RYQKF,1,2,0.0,0.0,0.0,0.0,0.0,0.0,0.8,0.0,0.0,0.0,0.2,0.2,0.0,0.0,0.0,0.2,0.0,0.4,0.0,0.0,0.0,0.0,1.0,0.0,0.0,0.0,0.2,0.0,0.0,0.2
YRGGLEPINF,1,3,0.5,0.1,0.0,0.0,0.0,0.1,0.9,0.0,0.0,0.0,0.4,0.1,0.0,0.0,0.0,0.3,0.0,0.3,0.0,0.0,0.166667,0.0,1.0,0.0,0.0,0.1,0.0,0.0,0.0,0.3
YPIL,1,4,0.75,0.25,0.0,0.0,0.0,0.25,1.0,0.0,0.0,0.0,0.5,0.0,0.0,0.0,0.0,0.5,0.0,0.25,0.0,0.0,0.0,0.0,1.0,0.0,0.0,0.25,0.0,0.0,0.0,0.5
FSGGE,1,0,0.4,0.0,0.0,0.0,0.0,0.0,1.0,0.0,0.0,0.0,0.6,0.2,0.0,0.0,0.0,0.2,0.0,0.4,0.0,0.0,0.0,0.0,0.8,0.0,0.0,0.0,0.0,0.0,0.0,0.2
LGNTDYAVH,1,1,0.444444,0.111111,0.0,0.0,0.0,0.0,0.888889,0.0,0.0,0.0,0.555556,0.222222,0.0,0.0,0.0,0.333333,0.0,0.444444,0.0,0.0,0.0,0.0,0.888889,0.0,0.0,0.0,0.0,0.0,0.0,0.222222
LWHTH,1,2,0.2,0.2,0.25,0.0,0.0,0.0,0.8,0.0,0.0,0.0,0.6,0.2,0.0,0.0,0.0,0.2,0.0,0.2,0.0,0.0,0.0,0.0,0.8,0.0,0.0,0.0,0.0,0.0,0.0,0.4
FPGLADR,1,3,0.571429,0.142857,0.0,0.0,0.0,0.142857,1.0,0.0,0.0,0.0,0.428571,0.0,0.0,0.0,0.0,0.428571,0.0,0.142857,0.0,0.0,0.0,0.0,0.714286,0.0,0.0,0.0,0.0,0.0,0.0,0.285714
LLPH,1,4,0.75,0.5,0.0,0.0,0.0,0.25,0.75,0.333333,0.0,0.0,0.5,0.0,0.0,0.0,0.0,0.5,0.0,0.0,0.0,0.0,0.0,0.0,0.75,0.0,0.0,0.0,0.0,0.0,0.0,0.5
LQK,1,0,0.333333,0.333333,0.0,0.0,0.0,0.0,1.0,0.0,0.0,0.0,0.0,0.333333,0.0,0.0,0.0,0.333333,0.0,0.333333,0.0,0.0,0.0,0.0,0.666667,0.0,0.0,0.0,0.333333,0.0,0.0,0.333333
LPM,1,1,0.666667,0.333333,0.0,0.0,0.0,0.333333,1.0,0.0,0.0,0.0,0.333333,0.0,0.0,0.0,0.0,0.666667,0.333333,0.0,0.0,0.0,0.0,0.0,1.0,0.0,0.0,0.0,0.0,0.0,0.0,0.666667
PTGPNNGLSY,1,2,0.5,0.1,0.0,0.0,0.0,0.2,0.9,0.0,0.0,0.0,0.7,0.4,0.0,0.0,0.0,0.1,0.0,0.5,0.0,0.0,0.0,0.0,1.0,0.0,0.0,0.0,0.0,0.0,0.0,0.1
SSAPGGGRP,1,3,0.666667,0.0,0.0,0.0,0.0,0.222222,1.0,0.0,0.0,0.0,0.888889,0.222222,0.0,0.0,0.0,0.111111,0.0,0.222222,0.0,0.142857,0.2,0.0,1.0,0.0,0.0,0.0,0.0,0.0,0.0,0.0
KVR,1,4,0.333333,0.0,0.0,0.0,0.0,0.0,1.0,0.0,0.0,0.0,0.0,0.0,0.0,0.0,0.0,0.333333,0.0,0.0,0.0,0.0,0.0,0.0,0.666667,0.0,0.0,0.0,0.0,0.0,0.0,0.333333
TTYY,1,0,0.0,0.0,0.0,0.0,0.0,0.0,0.5,0.0,0.0,0.0,1.0,0.5,0.0,0.0,0.0,0.0,0.0,1.0,0.0,0.0,0.0,0.0,1.0,0.0,0.0,0.0,0.0,0.0,0.0,0.0
QSL,1,1,0.333333,0.333333,0.0,0.0,0.0,0.0,1.0,0.0,0.0,0.0,0.333333,0.666667,0.0,0.0,0.0,0.333333,0.0,0.666667,0.0,0.0,0.0,0.0,1.0,0.0,0.0,0.0,0.333333,0.0,0.0,0.333333
LAPSLPGKPKPD,1,2,0.666667,0.166667,0.0,0.0,0.0,0.333333,1.0,0.0,0.0,0.0,0.583333,0.083333,0.0,0.0,0.0,0.25,0.0,0.166667,0.0,0.0,0.125,0.0,0.916667,0.166667,0.0,0.0,0.0,0.0,0.090909,0.166667
FIMGPY,1,3,0.5,0.0,0.0,0.0,0.0,0.166667,0.833333,0.0,0.0,0.0,0.5,0.0,0.0,0.0,0.0,0.5,0.166667,0.166667,0.0,0.0,0.0,0.0,1.0,0.0,0.0,0.166667,0.0,0.0,0.0,0.5
DLDLRKDLYAN,1,4,0.363636,0.272727,0.0,0.0,0.0,0.0,1.0,0.0,0.0,0.0,0.181818,0.090909,0.0,0.0,0.0,0.363636,0.0,0.454545,0.0,0.0,0.0,0.0,1.0,0.4,0.0,0.0,0.0,0.0,0.0,0.272727
GKGEGGGGLA,1,0,0.8,0.1,0.0,0.0,0.0,0.0,1.0,0.0,0.0,0.0,0.7,0.0,0.0,0.0,0.0,0.2,0.0,0.1,0.0,0.0,0.0,0.0,1.0,0.25,0.0,0.0,0.0,0.0,0.0,0.1
PLPLHMLP,1,1,0.75,0.375,0.0,0.142857,0.0,0.375,1.0,0.0,0.0,0.0,0.5,0.0,0.0,0.0,0.0,0.5,0.125,0.0,0.0,0.0,0.0,0.0,1.0,0.0,0.0,0.0,0.0,0.0,0.0,0.5
SAGNPN,1,2,0.5,0.0,0.0,0.0,0.0,0.166667,1.0,0.0,0.0,0.0,0.666667,0.5,0.0,0.0,0.0,0.166667,0.0,0.5,0.0,0.0,0.0,0.0,1.0,0.0,0.0,0.0,0.0,0.0,0.0,0.0
FSL,1,3,0.333333,0.333333,0.0,0.0,0.0,0.0,1.0,0.0,0.0,0.0,0.333333,0.333333,0.0,0.0,0.0,0.666667,0.0,0.333333,0.0,0.0,0.0,0.0,1.0,0.0,0.0,0.0,0.0,0.0,0.0,0.666667
LAM,1,4,0.666667,0.333333,0.0,0.0,0.0,0.0,1.0,0.0,0.0,0.0,0.333333,0.0,0.0,0.0,0.0,1.0,0.333333,0.0,0.0,0.0,0.0,0.0,1.0,0.0,0.0,0.0,0.0,0.0,0.0,0.666667
SV,1,0,0.5,0.0,0.0,0.0,0.0,0.0,1.0,0.0,0.0,0.0,0.5,0.5,0.0,0.0,0.0,0.5,0.0,0.5,0.0,0.0,0.0,0.0,1.0,0.0,0.0,0.0,0.0,0.0,0.0,0.5
KAQYPYV,1,1,0.428571,0.0,0.0,0.0,0.0,0.142857,1.0,0.0,0.0,0.0,0.571429,0.142857,0.0,0.0,0.0,0.285714,0.0,0.428571,0.0,0.0,0.0,0.0,1.0,0.0,0.0,0.0,0.142857,0.0,0.0,0.142857
IPAVFK,1,2,0.666667,0.0,0.0,0.0,0.0,0.166667,1.0,0.0,0.0,0.0,0.333333,0.0,0.0,0.0,0.0,0.666667,0.0,0.0,0.0,0.0,0.0,0.0,0.833333,0.0,0.0,0.166667,0.0,0.0,0.0,0.5
LGY,1,3,0.666667,0.333333,0.0,0.0,0.0,0.0,0.666667,0.0,0.0,0.0,0.666667,0.0,0.0,0.0,0.0,0.333333,0.0,0.333333,0.0,0.0,0.0,0.0,1.0,0.0,0.0,0.0,0.0,0.0,0.0,0.333333
ADHP,1,4,0.5,0.0,0.0,0.0,0.0,0.25,1.0,0.0,0.0,0.0,0.75,0.0,0.0,0.0,0.0,0.25,0.0,0.25,0.0,0.0,0.0,0.0,1.0,0.0,0.0,0.0,0.0,0.0,0.0,0.0
VAG,1,0,1.0,0.0,0.0,0.0,0.0,0.0,1.0,0.0,0.0,0.0,0.666667,0.0,0.0,0.0,0.0,0.666667,0.0,0.0,0.0,0.0,0.0,0.0,1.0,0.0,0.0,0.0,0.0,0.0,0.0,0.333333
GGLEPINFN,1,1,0.555556,0.111111,0.0,0.0,0.0,0.111111,1.0,0.0,0.0,0.0,0.333333,0.222222,0.0,0.0,0.0,0.333333,0.0,0.333333,0.0,0.0,0.2,0.0,1.0,0.0,0.0,0.111111,0.0,0.0,0.0,0.333333
NP,1,2,0.5,0.0,0.0,0.0,0.0,0.5,1.0,0.0,0.0,0.0,0.5,0.5,0.0,0.0,0.0,0.0,0.0,0.5,0.0,0.0,0.0,0.0,1.0,0.0,0.0,0.0,0.0,0.0,0.0,0.0
DIQ,1,3,0.333333,0.0,0.0,0.0,0.0,0.0,1.0,0.0,0.0,0.0,0.0,0.333333,0.0,0.0,0.0,0.333333,0.0,0.666667,0.0,0.0,0.0,0.0,1.0,0.0,0.0,0.333333,0.333333,0.0,0.0,0.333333
NHK,1,4,0.0,0.0,0.0,0.0,0.0,0.0,1.0,0.0,0.0,0.0,0.333333,0.333333,0.0,0.0,0.0,0.0,0.0,0.333333,0.0,0.0,0.0,0.0,0.333333,0.0,0.0,0.0,0.0,0.0,0.0,0.0
KII,1,0,0.666667,0.0,0.0,0.0,0.0,0.0,1.0,0.0,0.0,0.0,0.0,0.0,0.0,0.0,0.0,0.666667,0.0,0.0,0.0,0.0,0.0,0.0,1.0,0.0,0.0,0.666667,0.0,0.0,0.0,0.666667
HLPLPLL,1,1,0.857143,0.571429,0.0,0.0,0.0,0.285714,1.0,0.0,0.0,0.0,0.428571,0.0,0.0,0.0,0.0,0.571429,0.0,0.0,0.0,0.0,0.0,0.0,1.0,0.0,0.0,0.0,0.0,0.0,0.0,0.571429
RINK,1,2,0.25,0.0,0.0,0.0,0.0,0.0,1.0,0.0,0.0,0.0,0.0,0.25,0.0,0.0,0.0,0.25,0.0,0.25,0.0,0.0,0.0,0.0,0.75,0.0,0.0,0.25,0.0,0.0,0.0,0.25
HVAGTVA,1,3,0.714286,0.0,0.0,0.0,0.0,0.0,1.0,0.0,0.0,0.0,0.714286,0.142857,0.0,0.0,0.0,0.571429,0.0,0.142857,0.0,0.0,0.0,0.0,1.0,0.0,0.0,0.0,0.0,0.0,0.0,0.285714
TAGTGGGQFQPMR,1,4,0.461538,0.0,0.0,0.0,0.0,0.076923,1.0,0.0,0.0,0.0,0.615385,0.307692,0.0,0.0,0.0,0.230769,0.076923,0.307692,0.0,0.0,0.111111,0.0,0.923077,0.0,0.0,0.0,0.153846,0.0,0.0,0.153846
ALT,1,0,0.666667,0.333333,0.0,0.0,0.0,0.0,1.0,0.0,0.0,0.0,0.666667,0.333333,0.0,0.0,0.0,0.666667,0.0,0.333333,0.0,0.0,0.0,0.0,1.0,0.0,0.0,0.0,0.0,0.0,0.0,0.333333
FL,1,1,0.5,0.5,0.0,0.0,0.0,0.0,1.0,0.0,0.0,0.0,0.0,0.0,0.0,0.0,0.0,1.0,0.0,0.0,0.0,0.0,0.0,0.0,1.0,0.0,0.0,0.0,0.0,0.0,0.0,1.0
AVYVYDVNNNANQ,1,2,0.384615,0.0,0.0,0.0,0.0,0.0,1.0,0.0,0.0,0.0,0.307692,0.384615,0.0,0.0,0.0,0.384615,0.0,0.615385,0.0,0.0,0.0,0.0,1.0,0.0,0.0,0.0,0.076923,0.0,0.0,0.230769
YFPVGGDRPESF,1,3,0.416667,0.0,0.0,0.0,0.0,0.166667,0.916667,0.0,0.0,0.0,0.5,0.083333,0.0,0.0,0.0,0.25,0.0,0.333333,0.0,0.1,0.125,0.0,1.0,0.166667,0.0,0.0,0.0,0.0,0.0,0.25
FNVVLK,1,4,0.5,0.166667,0.0,0.0,0.0,0.0,1.0,0.0,0.0,0.0,0.0,0.166667,0.0,0.0,0.0,0.666667,0.0,0.166667,0.0,0.0,0.0,0.0,0.833333,0.0,0.0,0.0,0.0,0.0,0.0,0.666667
KFD,1,0,0.0,0.0,0.0,0.0,0.0,0.0,1.0,0.0,0.0,0.0,0.0,0.0,0.0,0.0,0.0,0.333333,0.0,0.333333,0.0,0.0,0.0,0.0,0.666667,0.0,0.0,0.0,0.0,0.0,0.0,0.333333
WLLYLDGPPMGLT,1,1,0.615385,0.307692,0.0,0.0,0.0,0.153846,1.0,0.0,0.0,0.0,0.461538,0.076923,0.0,0.0,0.0,0.384615,0.076923,0.230769,0.0,0.0,0.0,0.0,1.0,0.0,0.0,0.0,0.0,0.0,0.0,0.461538
WYSL,1,2,0.25,0.25,0.0,0.0,0.0,0.0,1.0,0.0,0.0,0.0,0.5,0.25,0.0,0.0,0.0,0.25,0.0,0.5,0.0,0.0,0.0,0.0,1.0,0.0,0.0,0.0,0.0,0.0,0.0,0.5
AQQQEQAQQQEQ,1,3,0.166667,0.0,0.0,0.0,0.0,0.0,1.0,0.0,0.0,0.0,0.166667,0.666667,0.0,0.0,0.0,0.166667,0.0,0.833333,0.0,0.0,0.0,0.0,1.0,1.0,0.0,0.0,0.666667,0.0,0.0,0.0
EEQ,1,4,0.0,0.0,0.0,0.0,0.0,0.0,1.0,0.0,0.0,0.0,0.0,0.333333,0.0,0.0,0.0,0.0,0.0,1.0,0.0,0.0,0.0,0.0,1.0,0.0,0.0,0.0,0.333333,0.0,0.0,0.0
YGGFM,1,0,0.4,0.0,0.0,0.0,0.0,0.0,1.0,0.0,0.0,0.0,0.6,0.0,0.0,0.0,0.0,0.4,0.2,0.2,0.0,0.0,0.0,0.0,1.0,0.0,0.0,0.0,0.0,0.0,0.0,0.4
QAGTGAGAGGGAGTKTSS,1,1,0.611111,0.0,0.0,0.0,0.0,0.0,1.0,0.0,0.0,0.0,0.888889,0.333333,0.0,0.0,0.0,0.222222,0.0,0.333333,0.0,0.0,0.0,0.0,1.0,0.416667,0.0,0.0,0.055556,0.0,0.0,0.0
TIIPLPV,1,2,0.857143,0.142857,0.0,0.0,0.0,0.285714,1.0,0.0,0.0,0.0,0.428571,0.142857,0.0,0.0,0.0,0.571429,0.0,0.142857,0.0,0.0,0.0,0.0,1.0,0.0,0.0,0.285714,0.0,0.0,0.0,0.571429
QPSSVDSQTAM,1,3,0.272727,0.0,0.0,0.0,0.0,0.090909,1.0,0.0,0.0,0.0,0.545455,0.545455,0.0,0.0,0.0,0.272727,0.090909,0.636364,0.0,0.0,0.0,0.0,1.0,0.0,0.0,0.0,0.181818,0.0,0.1,0.181818
RY,1,4,0.0,0.0,0.0,0.0,0.0,0.0,0.5,0.0,0.0,0.0,0.5,0.0,0.0,0.0,0.0,0.0,0.0,0.5,0.0,0.0,0.0,0.0,1.0,0.0,0.0,0.0,0.0,0.0,0.0,0.0
QTDSHGNDRLLLT,1,0,0.307692,0.230769,0.0,0.0,0.0,0.0,1.0,0.0,0.0,0.0,0.384615,0.384615,0.0,0.0,0.0,0.230769,0.0,0.538462,0.0,0.0,0.0,0.0,1.0,0.0,0.0,0.0,0.076923,0.0,0.0,0.230769
YLY,1,1,0.333333,0.333333,0.0,0.0,0.0,0.0,0.666667,0.0,0.0,0.0,0.666667,0.0,0.0,0.0,0.0,0.333333,0.0,0.666667,0.0,0.0,0.0,0.0,1.0,0.0,0.0,0.0,0.0,0.0,0.0,0.333333
LLL,1,2,1.0,1.0,0.0,0.0,0.0,0.0,1.0,0.0,0.0,0.0,0.0,0.0,0.0,0.0,0.0,1.0,0.0,0.0,0.0,0.0,0.0,0.0,1.0,0.0,0.0,0.0,0.0,0.0,0.0,1.0
SVNVPL,1,3,0.666667,0.166667,0.0,0.0,0.0,0.166667,1.0,0.0,0.0,0.0,0.333333,0.333333,0.0,0.0,0.0,0.5,0.0,0.333333,0.0,0.0,0.0,0.0,1.0,0.0,0.0,0.0,0.0,0.0,0.0,0.5
IR,1,4,0.5,0.0,0.0,0.0,0.0,0.0,1.0,0.0,0.0,0.0,0.0,0.0,0.0,0.0,0.0,0.5,0.0,0.0,0.0,0.0,0.0,0.0,0.5,0.0,0.0,0.5,0.0,0.0,0.0,0.5
VAPFPEVF,1,0,0.625,0.0,0.0,0.0,0.0,0.25,0.875,0.0,0.0,0.0,0.375,0.0,0.0,0.0,0.0,0.625,0.0,0.125,0.142857,0.0,0.0,0.0,1.0,0.5,0.0,0.0,0.0,0.0,0.0,0.5
AAAAG,1,1,1.0,0.0,0.0,0.0,0.0,0.0,1.0,0.0,0.0,0.0,1.0,0.0,0.0,0.0,0.0,0.8,0.0,0.0,0.0,0.0,0.0,0.0,1.0,0.0,0.0,0.0,0.0,0.0,0.0,0.0
VVLYR,1,2,0.6,0.2,0.0,0.0,0.0,0.0,1.0,0.0,0.0,0.0,0.2,0.0,0.0,0.0,0.0,0.6,0.0,0.2,0.0,0.0,0.0,0.0,0.8,0.0,0.0,0.0,0.0,0.0,0.0,0.6
KGL,1,3,0.666667,0.333333,0.0,0.0,0.0,0.0,1.0,0.0,0.0,0.0,0.333333,0.0,0.0,0.0,0.0,0.333333,0.0,0.0,0.0,0.0,0.0,0.0,1.0,0.0,0.0,0.0,0.0,0.0,0.0,0.333333
GNPIPREPGQVPAY,1,4,0.642857,0.0,0.0,0.0,0.0,0.285714,0.928571,0.0,0.0,0.0,0.571429,0.142857,0.0,0.0,0.0,0.214286,0.0,0.285714,0.0,0.0,0.1,0.0,1.0,0.0,0.0,0.071429,0.071429,0.0,0.0,0.142857
INY,1,0,0.333333,0.0,0.0,0.0,0.0,0.0,0.666667,0.0,0.0,0.0,0.333333,0.333333,0.0,0.0,0.0,0.333333,0.0,0.666667,0.0,0.0,0.0,0.0,1.0,0.0,0.0,0.333333,0.0,0.0,0.0,0.333333
GWNI,1,1,0.5,0.0,0.0,0.0,0.0,0.0,1.0,0.0,0.0,0.0,0.25,0.25,0.0,0.0,0.0,0.25,0.0,0.25,0.0,0.0,0.0,0.0,1.0,0.0,0.0,0.25,0.0,0.0,0.0,0.5
HLH,1,2,0.333333,0.333333,0.0,0.5,0.0,0.0,0.666667,0.0,0.0,0.0,0.666667,0.0,0.0,0.0,0.0,0.333333,0.0,0.0,0.0,0.0,0.0,0.0,0.666667,0.0,0.0,0.0,0.0,0.0,0.0,0.333333
VALDGGL,1,3,0.857143,0.285714,0.0,0.0,0.0,0.0,1.0,0.0,0.0,0.0,0.428571,0.0,0.0,0.0,0.0,0.571429,0.0,0.142857,0.0,0.0,0.0,0.0,1.0,0.0,0.0,0.0,0.0,0.0,0.0,0.428571
SPFWNINAHS,1,4,0.3,0.0,0.0,0.0,0.0,0.1,1.0,0.0,0.0,0.0,0.5,0.4,0.0,0.0,0.0,0.3,0.0,0.4,0.111111,0.0,0.0,0.0,1.0,0.0,0.0,0.1,0.0,0.0,0.0,0.3
AQS,1,0,0.333333,0.0,0.0,0.0,0.0,0.0,1.0,0.0,0.0,0.0,0.666667,0.666667,0.0,0.0,0.0,0.333333,0.0,0.666667,0.0,0.0,0.0,0.0,1.0,0.0,0.0,0.0,0.333333,0.0,0.0,0.0
LVR,1,1,0.666667,0.333333,0.0,0.0,0.0,0.0,1.0,0.0,0.0,0.0,0.0,0.0,0.0,0.0,0.0,0.666667,0.0,0.0,0.0,0.0,0.0,0.0,0.666667,0.0,0.0,0.0,0.0,0.0,0.0,0.666667
ACSNHSPLGWRGH,1,2,0.384615,0.076923,0.0,0.0,0.0,0.076923,0.923077,0.0,0.0,0.0,0.615385,0.307692,0.0,0.0,0.0,0.230769,0.0,0.230769,0.0,0.090909,0.0,0.0,0.923077,0.0,0.0,0.0,0.0,0.0,0.0,0.230769
PWG,1,3,0.666667,0.0,0.0,0.0,0.0,0.333333,1.0,0.0,0.0,0.0,0.666667,0.0,0.0,0.0,0.0,0.0,0.0,0.0,0.0,0.0,0.0,0.0,1.0,0.0,0.0,0.0,0.0,0.0,0.0,0.333333
TERGY,1,4,0.2,0.0,0.0,0.0,0.0,0.0,0.8,0.0,0.0,0.0,0.6,0.2,0.0,0.0,0.0,0.0,0.0,0.6,0.0,0.0,0.0,0.0,1.0,0.0,0.0,0.0,0.0,0.0,0.0,0.0
NM,1,0,0.0,0.0,0.0,0.0,0.0,0.0,1.0,0.0,0.0,0.0,0.0,0.5,0.0,0.0,0.0,0.5,0.5,0.5,0.0,0.0,0.0,0.0,1.0,0.0,0.0,0.0,0.0,0.0,0.0,0.5
VE,1,1,0.5,0.0,0.0,0.0,0.0,0.0,1.0,0.0,0.0,0.0,0.0,0.0,0.0,0.0,0.0,0.5,0.0,0.5,0.0,0.0,0.0,0.0,0.5,0.0,0.0,0.0,0.0,0.0,0.0,0.5
KP,1,2,0.5,0.0,0.0,0.0,0.0,0.5,1.0,0.0,0.0,0.0,0.5,0.0,0.0,0.0,0.0,0.0,0.0,0.0,0.0,0.0,0.0,0.0,1.0,0.0,0.0,0.0,0.0,0.0,0.0,0.0
SY,1,3,0.0,0.0,0.0,0.0,0.0,0.0,0.5,0.0,0.0,0.0,1.0,0.5,0.0,0.0,0.0,0.0,0.0,1.0,0.0,0.0,0.0,0.0,1.0,0.0,0.0,0.0,0.0,0.0,0.0,0.0
HC,1,4,0.0,0.0,0.0,0.0,0.0,0.0,1.0,0.0,0.0,0.0,0.5,0.5,0.0,0.0,0.0,0.5,0.0,0.0,0.0,0.0,0.0,0.0,1.0,0.0,0.0,0.0,0.0,0.0,0.0,0.5
DW,1,0,0.0,0.0,0.0,0.0,0.0,0.0,0.5,0.0,0.0,0.0,0.0,0.0,0.0,0.0,0.0,0.0,0.0,0.5,0.0,0.0,0.0,0.0,1.0,0.0,0.0,0.0,0.0,0.0,0.0,0.5
GEY,1,1,0.333333,0.0,0.0,0.0,0.0,0.0,0.666667,0.0,0.0,0.0,0.666667,0.0,0.0,0.0,0.0,0.0,0.0,0.666667,0.0,0.0,0.0,0.0,1.0,0.0,0.0,0.0,0.0,0.0,0.0,0.0
FND,1,2,0.0,0.0,0.0,0.0,0.0,0.0,1.0,0.0,0.0,0.0,0.0,0.333333,0.0,0.0,0.0,0.333333,0.0,0.666667,0.0,0.0,0.0,0.0,0.666667,0.0,0.0,0.0,0.0,0.0,0.0,0.333333
AQA,1,3,0.666667,0.0,0.0,0.0,0.0,0.0,1.0,0.0,0.0,0.0,0.666667,0.333333,0.0,0.0,0.0,0.666667,0.0,0.333333,0.0,0.0,0.0,0.0,1.0,0.0,0.0,0.0,0.333333,0.0,0.0,0.0
GEC,1,4,0.333333,0.0,0.0,0.0,0.0,0.0,1.0,0.0,0.0,0.0,0.333333,0.333333,0.0,0.0,0.0,0.333333,0.0,0.333333,0.0,0.0,0.0,0.0,1.0,0.0,0.0,0.0,0.0,0.0,0.0,0.333333
CME,1,0,0.0,0.0,0.0,0.0,0.0,0.0,1.0,0.0,0.0,0.0,0.0,0.333333,0.0,0.0,0.0,0.666667,0.333333,0.333333,0.0,0.0,0.0,0.0,0.666667,0.0,0.0,0.0,0.0,0.0,0.0,0.666667
LAF,1,1,0.666667,0.333333,0.0,0.0,0.0,0.0,0.666667,0.0,0.0,0.0,0.333333,0.0,0.0,0.0,0.0,1.0,0.0,0.0,0.0,0.0,0.0,0.0,1.0,0.0,0.0,0.0,0.0,0.0,0.0,0.666667
GPE,1,2,0.666667,0.0,0.0,0.0,0.0,0.333333,1.0,0.0,0.0,0.0,0.666667,0.0,0.0,0.0,0.0,0.0,0.0,0.333333,0.0,0.0,0.0,0.0,0.666667,0.0,0.0,0.0,0.0,0.0,0.0,0.0
WIR,1,3,0.333333,0.0,0.0,0.0,0.0,0.0,1.0,0.0,0.0,0.0,0.0,0.0,0.0,0.0,0.0,0.333333,0.0,0.0,0.0,0.0,0.0,0.0,0.666667,0.0,0.0,0.333333,0.0,0.0,0.0,0.666667
KYP,1,4,0.333333,0.0,0.0,0.0,0.0,0.333333,1.0,0.0,0.0,0.0,0.666667,0.0,0.0,0.0,0.0,0.0,0.0,0.333333,0.0,0.0,0.0,0.0,1.0,0.0,0.0,0.0,0.0,0.0,0.0,0.0
KCL,1,0,0.333333,0.333333,0.0,0.0,0.0,0.0,1.0,0.0,0.0,0.0,0.0,0.333333,0.0,0.0,0.0,0.666667,0.0,0.0,0.0,0.0,0.0,0.0,1.0,0.0,0.0,0.0,0.0,0.0,0.0,0.666667
LLA,1,1,1.0,0.666667,0.0,0.0,0.0,0.0,1.0,0.0,0.0,0.0,0.333333,0.0,0.0,0.0,0.0,1.0,0.0,0.0,0.0,0.0,0.0,0.0,1.0,0.0,0.0,0.0,0.0,0.0,0.0,0.666667
TCG,1,2,0.333333,0.0,0.0,0.0,0.0,0.0,1.0,0.0,0.0,0.0,0.666667,0.666667,0.0,0.0,0.0,0.333333,0.0,0.333333,0.0,0.0,0.0,0.0,1.0,0.0,0.0,0.0,0.0,0.0,0.0,0.333333
ALI,1,3,1.0,0.333333,0.0,0.0,0.0,0.0,1.0,0.0,0.0,0.0,0.333333,0.0,0.0,0.0,0.0,1.0,0.0,0.0,0.0,0.0,0.0,0.0,1.0,0.0,0.0,0.333333,0.0,0.0,0.0,0.666667
LIV,1,4,1.0,0.333333,0.0,0.0,0.0,0.0,1.0,0.0,0.0,0.0,0.0,0.0,0.0,0.0,0.0,1.0,0.0,0.0,0.0,0.0,0.0,0.0,1.0,0.0,0.0,0.333333,0.0,0.0,0.0,1.0
TMK,1,0,0.0,0.0,0.0,0.0,0.0,0.0,1.0,0.0,0.0,0.0,0.333333,0.333333,0.0,0.0,0.0,0.333333,0.333333,0.333333,0.0,0.0,0.0,0.0,0.666667,0.0,0.0,0.0,0.0,0.0,0.0,0.333333
MKG,1,1,0.333333,0.0,0.0,0.0,0.0,0.0,1.0,0.0,0.0,0.0,0.333333,0.0,0.0,0.0,0.0,0.333333,0.333333,0.0,0.0,0.0,0.0,0.0,1.0,0.0,0.0,0.0,0.0,0.0,0.0,0.333333
TWY,1,2,0.0,0.0,0.0,0.0,0.0,0.0,0.333333,0.0,0.0,0.0,0.666667,0.333333,0.0,0.0,0.0,0.0,0.0,0.666667,0.0,0.0,0.0,0.0,1.0,0.0,0.0,0.0,0.0,0.0,0.0,0.333333
YSL,1,3,0.333333,0.333333,0.0,0.0,0.0,0.0,1.0,0.0,0.0,0.0,0.666667,0.333333,0.0,0.0,0.0,0.333333,0.0,0.666667,0.0,0.0,0.0,0.0,1.0,0.0,0.0,0.0,0.0,0.0,0.0,0.333333
MAA,1,4,0.666667,0.0,0.0,0.0,0.0,0.0,1.0,0.0,0.0,0.0,0.666667,0.0,0.0,0.0,0.0,1.0,0.333333,0.0,0.0,0.0,0.0,0.0,1.0,0.0,0.0,0.0,0.0,0.0,0.0,0.333333
AAS,1,0,0.666667,0.0,0.0,0.0,0.0,0.0,1.0,0.0,0.0,0.0,1.0,0.333333,0.0,0.0,0.0,0.666667,0.0,0.333333,0.0,0.0,0.0,0.0,1.0,0.0,0.0,0.0,0.0,0.0,0.0,0.0
DIS,1,1,0.333333,0.0,0.0,0.0,0.0,0.0,1.0,0.0,0.0,0.0,0.333333,0.333333,0.0,0.0,0.0,0.333333,0.0,0.666667,0.0,0.0,0.0,0.0,1.0,0.0,0.0,0.333333,0.0,0.0,0.0,0.333333
LLD,1,2,0.666667,0.666667,0.0,0.0,0.0,0.0,1.0,0.0,0.0,0.0,0.0,0.0,0.0,0.0,0.0,0.666667,0.0,0.333333,0.0,0.0,0.0,0.0,0.666667,0.0,0.0,0.0,0.0,0.0,0.0,0.666667
VEE,1,3,0.333333,0.0,0.0,0.0,0.0,0.0,1.0,0.0,0.0,0.0,0.0,0.0,0.0,0.0,0.0,0.333333,0.0,0.666667,0.0,0.0,0.0,0.0,0.333333,0.0,0.0,0.0,0.0,0.0,0.0,0.333333
LLQ,1,4,0.666667,0.666667,0.0,0.0,0.0,0.0,1.0,0.0,0.0,0.0,0.0,0.333333,0.0,0.0,0.0,0.666667,0.0,0.333333,0.0,0.0,0.0,0.0,1.0,0.0,0.0,0.0,0.333333,0.0,0.0,0.666667
KWE,1,0,0.0,0.0,0.0,0.0,0.0,0.0,1.0,0.0,0.0,0.0,0.0,0.0,0.0,0.0,0.0,0.0,0.0,0.333333,0.0,0.0,0.0,0.0,0.666667,0.0,0.0,0.0,0.0,0.0,0.0,0.333333
EKT,1,1,0.0,0.0,0.0,0.0,0.0,0.0,1.0,0.0,0.0,0.0,0.333333,0.333333,0.0,0.0,0.0,0.0,0.0,0.666667,0.0,0.0,0.0,0.0,1.0,0.0,0.0,0.0,0.0,0.0,0.0,0.0
KTK,1,2,0.0,0.0,0.0,0.0,0.0,0.0,1.0,0.0,0.0,0.0,0.333333,0.333333,0.0,0.0,0.0,0.0,0.0,0.333333,0.0,0.0,0.0,0.0,0.666667,0.0,0.0,0.0,0.0,0.0,0.0,0.0
VFK,1,3,0.333333,0.0,0.0,0.0,0.0,0.0,1.0,0.0,0.0,0.0,0.0,0.0,0.0,0.0,0.0,0.666667,0.0,0.0,0.0,0.0,0.0,0.0,0.666667,0.0,0.0,0.0,0.0,0.0,0.0,0.666667
KID,1,4,0.333333,0.0,0.0,0.0,0.0,0.0,1.0,0.0,0.0,0.0,0.0,0.0,0.0,0.0,0.0,0.333333,0.0,0.333333,0.0,0.0,0.0,0.0,0.666667,0.0,0.0,0.333333,0.0,0.0,0.0,0.333333
NKV,1,0,0.333333,0.0,0.0,0.0,0.0,0.0,1.0,0.0,0.0,0.0,0.0,0.333333,0.0,0.0,0.0,0.333333,0.0,0.333333,0.0,0.0,0.0,0.0,1.0,0.0,0.0,0.0,0.0,0.0,0.0,0.333333
MEN,1,1,0.0,0.0,0.0,0.0,0.0,0.0,1.0,0.0,0.0,0.0,0.0,0.333333,0.0,0.0,0.0,0.333333,0.333333,0.666667,0.0,0.0,0.0,0.0,1.0,0.0,0.0,0.0,0.0,0.0,0.0,0.333333
NSA,1,2,0.333333,0.0,0.0,0.0,0.0,0.0,1.0,0.0,0.0,0.0,0.666667,0.666667,0.0,0.0,0.0,0.333333,0.0,0.666667,0.0,0.0,0.0,0.0,1.0,0.0,0.0,0.0,0.0,0.0,0.0,0.0
EPE,1,3,0.333333,0.0,0.0,0.0,0.0,0.333333,1.0,0.0,0.0,0.0,0.333333,0.0,0.0,0.0,0.0,0.0,0.0,0.666667,0.0,0.0,0.0,0.0,0.666667,0.0,0.0,0.0,0.0,0.0,0.0,0.0
PEQ,1,4,0.333333,0.0,0.0,0.0,0.0,0.333333,1.0,0.0,0.0,0.0,0.333333,0.333333,0.0,0.0,0.0,0.0,0.0,0.666667,0.0,0.0,0.0,0.0,1.0,0.0,0.0,0.0,0.333333,0.0,0.0,0.0
QCL,1,0,0.333333,0.333333,0.0,0.0,0.0,0.0,1.0,0.0,0.0,0.0,0.0,0.666667,0.0,0.0,0.0,0.666667,0.0,0.333333,0.0,0.0,0.0,0.0,1.0,0.0,0.0,0.0,0.333333,0.0,0.0,0.666667
EVD,1,1,0.333333,0.0,0.0,0.0,0.0,0.0,1.0,0.0,0.0,0.0,0.0,0.0,0.0,0.0,0.0,0.333333,0.0,0.666667,0.0,0.0,0.0,0.0,0.666667,0.0,0.0,0.0,0.0,0.0,0.0,0.333333
VDD,1,2,0.333333,0.0,0.0,0.0,0.0,0.0,1.0,0.0,0.0,0.0,0.0,0.0,0.0,0.0,0.0,0.333333,0.0,0.666667,0.0,0.0,0.0,0.0,0.333333,0.0,0.0,0.0,0.0,0.0,0.0,0.333333
DEA,1,3,0.333333,0.0,0.0,0.0,0.0,0.0,1.0,0.0,0.0,0.0,0.333333,0.0,0.0,0.0,0.0,0.333333,0.0,0.666667,0.0,0.0,0.0,0.0,1.0,0.0,0.0,0.0,0.0,0.0,0.0,0.0
DKA,1,4,0.333333,0.0,0.0,0.0,0.0,0.0,1.0,0.0,0.0,0.0,0.333333,0.0,0.0,0.0,0.0,0.333333,0.0,0.333333,0.0,0.0,0.0,0.0,1.0,0.0,0.0,0.0,0.0,0.0,0.0,0.0
WAF,1,0,0.333333,0.0,0.0,0.0,0.0,0.0,0.666667,0.0,0.0,0.0,0.333333,0.0,0.0,0.0,0.0,0.666667,0.0,0.0,0.0,0.0,0.0,0.0,1.0,0.0,0.0,0.0,0.0,0.0,0.0,0.666667
CTN,1,1,0.0,0.0,0.0,0.0,0.0,0.0,1.0,0.0,0.0,0.0,0.333333,1.0,0.0,0.0,0.0,0.333333,0.0,0.666667,0.0,0.0,0.0,0.0,1.0,0.0,0.0,0.0,0.0,0.0,0.0,0.333333
CGN,1,2,0.333333,0.0,0.0,0.0,0.0,0.0,1.0,0.0,0.0,0.0,0.333333,0.666667,0.0,0.0,0.0,0.333333,0.0,0.333333,0.0,0.0,0.0,0.0,1.0,0.0,0.0,0.0,0.0,0.0,0.0,0.333333
LAN,1,3,0.666667,0.333333,0.0,0.0,0.0,0.0,1.0,0.0,0.0,0.0,0.333333,0.333333,0.0,0.0,0.0,0.666667,0.0,0.333333,0.0,0.0,0.0,0.0,1.0,0.0,0.0,0.0,0.0,0.0,0.0,0.333333
ERF,1,4,0.0,0.0,0.0,0.0,0.0,0.0,0.666667,0.0,0.0,0.0,0.0,0.0,0.0,0.0,0.0,0.333333,0.0,0.333333,0.0,0.0,0.0,0.0,1.0,0.0,0.0,0.0,0.0,0.0,0.0,0.333333
MKW,1,0,0.0,0.0,0.0,0.0,0.0,0.0,0.666667,0.0,0.0,0.0,0.0,0.0,0.0,0.0,0.0,0.333333,0.333333,0.0,0.0,0.0,0.0,0.0,1.0,0.0,0.0,0.0,0.0,0.0,0.0,0.666667
STW,1,1,0.0,0.0,0.0,0.0,0.0,0.0,0.666667,0.0,0.0,0.0,0.666667,0.666667,0.0,0.0,0.0,0.0,0.0,0.666667,0.0,0.0,0.0,0.0,1.0,0.0,0.0,0.0,0.0,0.0,0.0,0.333333
ETW,1,2,0.0,0.0,0.0,0.0,0.0,0.0,0.666667,0.0,0.0,0.0,0.333333,0.333333,0.0,0.0,0.0,0.0,0.0,0.666667,0.0,0.0,0.0,0.0,1.0,0.0,0.0,0.0,0.0,0.0,0.0,0.333333
SVW,1,3,0.333333,0.0,0.0,0.0,0.0,0.0,0.666667,0.0,0.0,0.0,0.333333,0.333333,0.0,0.0,0.0,0.333333,0.0,0.333333,0.0,0.0,0.0,0.0,1.0,0.0,0.0,0.0,0.0,0.0,0.0,0.666667
CNW,1,4,0.0,0.0,0.0,0.0,0.0,0.0,0.666667,0.0,0.0,0.0,0.0,0.666667,0.0,0.0,0.0,0.333333,0.0,0.333333,0.0,0.0,0.0,0.0,1.0,0.0,0.0,0.0,0.0,0.0,0.0,0.666667
DHW,1,0,0.0,0.0,0.0,0.0,0.0,0.0,0.333333,0.0,0.0,0.0,0.333333,0.0,0.0,0.0,0.0,0.0,0.0,0.333333,0.0,0.0,0.0,0.0,1.0,0.0,0.0,0.0,0.0,0.0,0.0,0.333333
GQW,1,1,0.333333,0.0,0.0,0.0,0.0,0.0,0.666667,0.0,0.0,0.0,0.333333,0.333333,0.0,0.0,0.0,0.0,0.0,0.333333,0.0,0.0,0.0,0.0,1.0,0.0,0.0,0.0,0.333333,0.0,0.0,0.333333
MWC,1,2,0.0,0.0,0.0,0.0,0.0,0.0,1.0,0.0,0.0,0.0,0.0,0.333333,0.0,0.0,0.0,0.666667,0.333333,0.0,0.0,0.0,0.0,0.0,1.0,0.0,0.0,0.0,0.0,0.0,0.0,1.0
RDY,1,3,0.0,0.0,0.0,0.0,0.0,0.0,0.666667,0.0,0.0,0.0,0.333333,0.0,0.0,0.0,0.0,0.0,0.0,0.666667,0.0,0.0,0.0,0.0,1.0,0.0,0.0,0.0,0.0,0.0,0.0,0.0
GSH,1,4,0.333333,0.0,0.0,0.0,0.0,0.0,0.666667,0.0,0.0,0.0,1.0,0.333333,0.0,0.0,0.0,0.0,0.0,0.333333,0.0,0.0,0.0,0.0,0.666667,0.0,0.0,0.0,0.0,0.0,0.0,0.0
ACA,1,0,0.666667,0.0,0.0,0.0,0.0,0.0,1.0,0.0,0.0,0.0,0.666667,0.333333,0.0,0.0,0.0,1.0,0.0,0.0,0.0,0.0,0.0,0.0,1.0,0.0,0.0,0.0,0.0,0.0,0.0,0.333333
TGC,1,1,0.333333,0.0,0.0,0.0,0.0,0.0,1.0,0.0,0.0,0.0,0.666667,0.666667,0.0,0.0,0.0,0.333333,0.0,0.333333,0.0,0.0,0.0,0.0,1.0,0.0,0.0,0.0,0.0,0.0,0.0,0.333333
YPW,1,2,0.333333,0.0,0.0,0.0,0.0,0.333333,0.666667,0.0,0.0,0.0,0.666667,0.0,0.0,0.0,0.0,0.0,0.0,0.333333,0.0,0.0,0.0,0.0,1.0,0.0,0.0,0.0,0.0,0.0,0.0,0.333333
LGF,1,3,0.666667,0.333333,0.0,0.0,0.0,0.0,0.666667,0.0,0.0,0.0,0.333333,0.0,0.0,0.0,0.0,0.666667,0.0,0.0,0.0,0.0,0.0,0.0,1.0,0.0,0.0,0.0,0.0,0.0,0.0,0.666667
LFV,1,4,0.666667,0.333333,0.0,0.0,0.0,0.0,1.0,0.0,0.0,0.0,0.0,0.0,0.0,0.0,0.0,1.0,0.0,0.0,0.0,0.0,0.0,0.0,1.0,0.0,0.0,0.0,0.0,0.0,0.0,1.0
WLP,1,0,0.666667,0.333333,0.0,0.0,0.0,0.333333,1.0,0.0,0.0,0.0,0.333333,0.0,0.0,0.0,0.0,0.333333,0.0,0.0,0.0,0.0,0.0,0.0,1.0,0.0,0.0,0.0,0.0,0.0,0.0,0.666667
ISW,1,1,0.333333,0.0,0.0,0.0,0.0,0.0,0.666667,0.0,0.0,0.0,0.333333,0.333333,0.0,0.0,0.0,0.333333,0.0,0.333333,0.0,0.0,0.0,0.0,1.0,0.0,0.0,0.333333,0.0,0.0,0.0,0.666667
LSW,1,2,0.333333,0.333333,0.0,0.0,0.0,0.0,0.666667,0.0,0.0,0.0,0.333333,0.333333,0.0,0.0,0.0,0.333333,0.0,0.333333,0.0,0.0,0.0,0.0,1.0,0.0,0.0,0.0,0.0,0.0,0.0,0.666667
QAY,1,3,0.333333,0.0,0.0,0.0,0.0,0.0,0.666667,0.0,0.0,0.0,0.666667,0.333333,0.0,0.0,0.0,0.333333,0.0,0.666667,0.0,0.0,0.0,0.0,1.0,0.0,0.0,0.0,0.333333,0.0,0.0,0.0
YSQ,1,4,0.0,0.0,0.0,0.0,0.0,0.0,1.0,0.0,0.0,0.0,0.666667,0.666667,0.0,0.0,0.0,0.0,0.0,1.0,0.0,0.0,0.0,0.0,1.0,0.0,0.0,0.0,0.333333,0.0,0.0,0.0
PHC,1,0,0.333333,0.0,0.0,0.0,0.0,0.333333,1.0,0.5,0.0,0.0,0.666667,0.333333,0.0,0.0,0.0,0.333333,0.0,0.0,0.0,0.0,0.0,0.0,1.0,0.0,0.0,0.0,0.0,0.0,0.0,0.333333
YPQ,1,1,0.333333,0.0,0.0,0.0,0.0,0.333333,1.0,0.0,0.0,0.0,0.666667,0.333333,0.0,0.0,0.0,0.0,0.0,0.666667,0.0,0.0,0.0,0.0,1.0,0.0,0.0,0.0,0.333333,0.0,0.0,0.0
VVH,1,2,0.666667,0.0,0.0,0.0,0.0,0.0,0.666667,0.0,0.0,0.0,0.333333,0.0,0.0,0.0,0.0,0.666667,0.0,0.0,0.0,0.0,0.0,0.0,0.666667,0.0,0.0,0.0,0.0,0.0,0.0,0.666667
LHI,1,3,0.666667,0.333333,0.0,0.5,0.0,0.0,1.0,0.0,0.0,0.0,0.333333,0.0,0.0,0.0,0.0,0.666667,0.0,0.0,0.0,0.0,0.0,0.0,1.0,0.0,0.0,0.333333,0.0,0.0,0.0,0.666667
PHG,1,4,0.666667,0.0,0.0,0.0,0.0,0.333333,1.0,0.5,0.0,0.0,1.0,0.0,0.0,0.0,0.0,0.0,0.0,0.0,0.0,0.0,0.0,0.0,1.0,0.0,0.0,0.0,0.0,0.0,0.0,0.0
PHM,1,0,0.333333,0.0,0.0,0.0,0.0,0.333333,1.0,0.5,0.0,0.0,0.666667,0.0,0.0,0.0,0.0,0.333333,0.333333,0.0,0.0,0.0,0.0,0.0,1.0,0.0,0.0,0.0,0.0,0.0,0.0,0.333333
PHY,1,1,0.333333,0.0,0.0,0.0,0.0,0.333333,0.333333,0.5,0.0,0.0,1.0,0.0,0.0,0.0,0.0,0.0,0.0,0.333333,0.0,0.0,0.0,0.0,1.0,0.0,0.0,0.0,0.0,0.0,0.0,0.0
WHH,1,2,0.0,0.0,0.0,0.0,0.0,0.0,0.0,0.0,0.0,0.0,0.666667,0.0,0.0,0.0,0.0,0.0,0.0,0.0,0.0,0.0,0.0,0.0,0.333333,0.0,0.0,0.0,0.0,0.0,0.0,0.333333
NHH,1,3,0.0,0.0,0.0,0.0,0.0,0.0,0.333333,0.0,0.0,0.0,0.666667,0.333333,0.0,0.0,0.0,0.0,0.0,0.333333,0.0,0.0,0.0,0.0,0.333333,0.0,0.0,0.0,0.0,0.0,0.0,0.0
YEY,1,4,0.0,0.0,0.0,0.0,0.0,0.0,0.666667,0.0,0.0,0.0,0.666667,0.0,0.0,0.0,0.0,0.0,0.0,1.0,0.0,0.0,0.0,0.0,1.0,0.0,0.0,0.0,0.0,0.0,0.0,0.0
YYF,1,0,0.0,0.0,0.0,0.0,0.0,0.0,0.0,0.0,0.0,0.0,0.666667,0.0,0.0,0.0,0.0,0.333333,0.0,0.666667,0.0,0.0,0.0,0.0,1.0,0.0,0.0,0.0,0.0,0.0,0.0,0.333333
YYW,1,1,0.0,0.0,0.0,0.0,0.0,0.0,0.0,0.0,0.0,0.0,0.666667,0.0,0.0,0.0,0.0,0.0,0.0,0.666667,0.0,0.0,0.0,0.0,1.0,0.0,0.0,0.0,0.0,0.0,0.0,0.333333
YYT,1,2,0.0,0.0,0.0,0.0,0.0,0.0,1.0,0.0,0.0,0.0,1.0,0.333333,0.0,0.0,0.0,0.0,0.0,1.0,0.0,0.0,0.0,0.0,1.0,0.0,0.0,0.0,0.0,0.0,0.0,0.0
FDRR,1,3,0.0,0.0,0.0,0.0,0.0,0.0,1.0,0.0,0.0,0.0,0.0,0.0,0.0,0.0,0.0,0.25,0.0,0.25,0.0,0.0,0.0,0.0,0.25,0.0,0.0,0.0,0.0,0.0,0.0,0.25
LDQW,1,4,0.25,0.25,0.0,0.0,0.0,0.0,0.75,0.0,0.0,0.0,0.0,0.25,0.0,0.0,0.0,0.25,0.0,0.5,0.0,0.0,0.0,0.0,1.0,0.0,0.0,0.0,0.25,0.0,0.0,0.5
INYW,1,0,0.25,0.0,0.0,0.0,0.0,0.0,0.5,0.0,0.0,0.0,0.25,0.25,0.0,0.0,0.0,0.25,0.0,0.5,0.0,0.0,0.0,0.0,1.0,0.0,0.0,0.25,0.0,0.0,0.0,0.5
EFQL,1,1,0.25,0.25,0.0,0.0,0.0,0.0,1.0,0.0,0.0,0.0,0.0,0.25,0.0,0.0,0.0,0.5,0.0,0.5,0.0,0.0,0.0,0.0,1.0,0.0,0.0,0.0,0.25,0.0,0.0,0.5
EFIQ,1,2,0.25,0.0,0.0,0.0,0.0,0.0,1.0,0.0,0.0,0.0,0.0,0.25,0.0,0.0,0.0,0.5,0.0,0.5,0.0,0.0,0.0,0.0,1.0,0.0,0.0,0.25,0.25,0.0,0.0,0.5
WIQP,1,3,0.5,0.0,0.0,0.0,0.0,0.25,1.0,0.0,0.0,0.0,0.25,0.25,0.0,0.0,0.0,0.25,0.0,0.25,0.0,0.0,0.0,0.0,1.0,0.0,0.0,0.25,0.25,0.0,0.0,0.5
ELIN,1,4,0.5,0.25,0.0,0.0,0.0,0.0,1.0,0.0,0.0,0.0,0.0,0.25,0.0,0.0,0.0,0.5,0.0,0.5,0.0,0.0,0.0,0.0,1.0,0.0,0.0,0.25,0.0,0.0,0.0,0.5
GAWA,1,0,0.75,0.0,0.0,0.0,0.0,0.0,1.0,0.0,0.0,0.0,0.75,0.0,0.0,0.0,0.0,0.5,0.0,0.0,0.0,0.0,0.0,0.0,1.0,0.0,0.0,0.0,0.0,0.0,0.0,0.25
AWFS,1,1,0.25,0.0,0.0,0.0,0.0,0.0,1.0,0.0,0.0,0.0,0.5,0.25,0.0,0.0,0.0,0.5,0.0,0.25,0.0,0.0,0.0,0.0,1.0,0.0,0.0,0.0,0.0,0.0,0.0,0.5
IVPK,1,2,0.75,0.0,0.0,0.0,0.0,0.25,1.0,0.0,0.0,0.0,0.25,0.0,0.0,0.0,0.0,0.5,0.0,0.0,0.0,0.0,0.0,0.0,0.75,0.0,0.0,0.25,0.0,0.0,0.0,0.5
LVPK,1,3,0.75,0.25,0.0,0.0,0.0,0.25,1.0,0.0,0.0,0.0,0.25,0.0,0.0,0.0,0.0,0.5,0.0,0.0,0.0,0.0,0.0,0.0,0.75,0.0,0.0,0.0,0.0,0.0,0.0,0.5
CSGD,1,4,0.25,0.0,0.0,0.0,0.0,0.0,1.0,0.0,0.0,0.0,0.5,0.5,0.0,0.0,0.0,0.25,0.0,0.5,0.0,0.0,0.0,0.0,0.75,0.0,0.0,0.0,0.0,0.0,0.0,0.25
MMGW,1,0,0.25,0.0,0.0,0.0,0.0,0.0,0.75,0.0,0.0,0.0,0.25,0.0,0.0,0.0,0.0,0.5,0.5,0.0,0.0,0.0,0.0,0.0,1.0,0.0,0.0,0.0,0.0,0.0,0.0,0.75
QFAW,1,1,0.25,0.0,0.0,0.0,0.0,0.0,0.75,0.0,0.0,0.0,0.25,0.25,0.0,0.0,0.0,0.5,0.0,0.25,0.0,0.0,0.0,0.0,1.0,0.0,0.0,0.0,0.25,0.0,0.0,0.5
TSTA,1,2,0.25,0.0,0.0,0.0,0.0,0.0,1.0,0.0,0.0,0.0,1.0,0.75,0.0,0.0,0.0,0.25,0.0,0.75,0.0,0.0,0.0,0.0,1.0,0.0,0.0,0.0,0.0,0.0,0.0,0.0
GGRP,1,3,0.75,0.0,0.0,0.0,0.0,0.25,1.0,0.0,0.0,0.0,0.75,0.0,0.0,0.0,0.0,0.0,0.0,0.0,0.0,0.5,0.0,0.0,1.0,0.0,0.0,0.0,0.0,0.0,0.0,0.0
FLPE,1,4,0.5,0.25,0.0,0.0,0.0,0.25,1.0,0.0,0.0,0.0,0.25,0.0,0.0,0.0,0.0,0.5,0.0,0.25,0.0,0.0,0.0,0.0,0.75,0.0,0.0,0.0,0.0,0.0,0.0,0.5
VVLY,1,0,0.75,0.25,0.0,0.0,0.0,0.0,0.75,0.0,0.0,0.0,0.25,0.0,0.0,0.0,0.0,0.75,0.0,0.25,0.0,0.0,0.0,0.0,1.0,0.0,0.0,0.0,0.0,0.0,0.0,0.75
EAVQ,1,1,0.5,0.0,0.0,0.0,0.0,0.0,1.0,0.0,0.0,0.0,0.25,0.25,0.0,0.0,0.0,0.5,0.0,0.5,0.0,0.0,0.0,0.0,1.0,0.0,0.0,0.0,0.25,0.0,0.0,0.25
FSEY,1,2,0.0,0.0,0.0,0.0,0.0,0.0,0.75,0.0,0.0,0.0,0.5,0.25,0.0,0.0,0.0,0.25,0.0,0.75,0.0,0.0,0.0,0.0,1.0,0.0,0.0,0.0,0.0,0.0,0.0,0.25
MFLG,1,3,0.5,0.25,0.0,0.0,0.0,0.0,1.0,0.0,0.0,0.0,0.25,0.0,0.0,0.0,0.0,0.75,0.25,0.0,0.0,0.0,0.0,0.0,1.0,0.0,0.0,0.0,0.0,0.0,0.0,0.75
YGFL,1,4,0.5,0.25,0.0,0.0,0.0,0.0,1.0,0.0,0.0,0.0,0.5,0.0,0.0,0.0,0.0,0.5,0.0,0.25,0.0,0.0,0.0,0.0,1.0,0.0,0.0,0.0,0.0,0.0,0.0,0.5
YGLF,1,0,0.5,0.25,0.0,0.0,0.0,0.0,0.75,0.0,0.0,0.0,0.5,0.0,0.0,0.0,0.0,0.5,0.0,0.25,0.0,0.0,0.0,0.0,1.0,0.0,0.0,0.0,0.0,0.0,0.0,0.5
PLGG,1,1,1.0,0.25,0.0,0.0,0.0,0.25,1.0,0.0,0.0,0.0,0.75,0.0,0.0,0.0,0.0,0.25,0.0,0.0,0.0,0.0,0.0,0.0,1.0,0.0,0.0,0.0,0.0,0.0,0.0,0.25
VKRP,1,2,0.5,0.0,0.0,0.0,0.0,0.25,1.0,0.0,0.0,0.0,0.25,0.0,0.0,0.0,0.0,0.25,0.0,0.0,0.0,0.0,0.0,0.0,1.0,0.0,0.0,0.0,0.0,0.0,0.0,0.25
MHIRL,1,3,0.4,0.2,0.0,0.0,0.0,0.0,1.0,0.0,0.0,0.0,0.2,0.0,0.0,0.0,0.0,0.6,0.2,0.0,0.0,0.0,0.0,0.0,1.0,0.0,0.0,0.2,0.0,0.0,0.0,0.6
IYLGQ,1,4,0.6,0.2,0.0,0.0,0.0,0.0,1.0,0.0,0.0,0.0,0.4,0.2,0.0,0.0,0.0,0.4,0.0,0.4,0.0,0.0,0.0,0.0,1.0,0.0,0.0,0.2,0.2,0.0,0.0,0.4
YDTQA,1,0,0.2,0.0,0.0,0.0,0.0,0.0,1.0,0.0,0.0,0.0,0.6,0.4,0.0,0.0,0.0,0.2,0.0,0.8,0.0,0.0,0.0,0.0,1.0,0.0,0.0,0.0,0.2,0.0,0.0,0.0
MDGAP,1,1,0.6,0.0,0.0,0.0,0.0,0.2,1.0,0.0,0.0,0.0,0.6,0.0,0.0,0.0,0.0,0.4,0.2,0.2,0.0,0.0,0.0,0.0,1.0,0.0,0.0,0.0,0.0,0.0,0.0,0.2
MGSPT,1,2,0.4,0.0,0.0,0.0,0.0,0.2,1.0,0.0,0.0,0.0,0.8,0.4,0.0,0.0,0.0,0.2,0.2,0.4,0.0,0.0,0.0,0.0,1.0,0.0,0.0,0.0,0.0,0.0,0.0,0.2
VKCFR,1,3,0.2,0.0,0.0,0.0,0.0,0.0,1.0,0.0,0.0,0.0,0.0,0.2,0.0,0.0,0.0,0.6,0.0,0.0,0.0,0.0,0.0,0.0,0.8,0.0,0.0,0.0,0.0,0.0,0.0,0.6
PYFNK,1,4,0.2,0.0,0.0,0.0,0.0,0.2,1.0,0.0,0.0,0.0,0.4,0.2,0.0,0.0,0.0,0.2,0.0,0.4,0.0,0.0,0.0,0.0,0.8,0.0,0.0,0.0,0.0,0.0,0.0,0.2
NRYHE,1,0,0.0,0.0,0.0,0.0,0.0,0.0,1.0,0.0,0.0,0.0,0.4,0.2,0.0,0.0,0.0,0.0,0.0,0.6,0.0,0.0,0.0,0.0,0.6,0.0,0.0,0.0,0.0,0.0,0.0,0.0
FVLPH,1,1,0.6,0.2,0.0,0.0,0.0,0.2,0.8,0.25,0.0,0.0,0.4,0.0,0.0,0.0,0.0,0.6,0.0,0.0,0.0,0.0,0.0,0.0,0.8,0.0,0.0,0.0,0.0,0.0,0.0,0.6
QTPRY,1,2,0.2,0.0,0.0,0.0,0.0,0.2,0.8,0.0,0.0,0.0,0.6,0.4,0.0,0.0,0.0,0.0,0.0,0.6,0.0,0.0,0.0,0.0,1.0,0.0,0.0,0.0,0.2,0.0,0.0,0.0
NGRFY,1,3,0.2,0.0,0.0,0.0,0.0,0.0,0.6,0.0,0.0,0.0,0.4,0.2,0.0,0.0,0.0,0.2,0.0,0.4,0.0,0.0,0.0,0.0,1.0,0.0,0.0,0.0,0.0,0.0,0.0,0.2
QWDRQ,1,4,0.0,0.0,0.0,0.0,0.0,0.0,1.0,0.0,0.0,0.0,0.0,0.4,0.0,0.0,0.0,0.0,0.0,0.6,0.0,0.0,0.0,0.0,1.0,0.0,0.0,0.0,0.4,0.0,0.0,0.2
SHNPF,1,0,0.2,0.0,0.0,0.0,0.0,0.2,0.8,0.0,0.0,0.0,0.6,0.4,0.0,0.0,0.0,0.2,0.0,0.4,0.25,0.0,0.0,0.0,1.0,0.0,0.0,0.0,0.0,0.0,0.0,0.2
REPKW,1,1,0.2,0.0,0.0,0.0,0.0,0.2,0.8,0.0,0.0,0.0,0.2,0.0,0.0,0.0,0.0,0.0,0.0,0.2,0.0,0.0,0.0,0.0,1.0,0.0,0.0,0.0,0.0,0.0,0.0,0.2
LHSMK,1,2,0.2,0.2,0.0,0.25,0.0,0.0,1.0,0.0,0.0,0.0,0.4,0.2,0.0,0.0,0.0,0.4,0.2,0.2,0.0,0.0,0.0,0.0,0.8,0.0,0.0,0.0,0.0,0.0,0.0,0.4
QFAAD,1,3,0.4,0.0,0.0,0.0,0.0,0.0,1.0,0.0,0.0,0.0,0.4,0.2,0.0,0.0,0.0,0.6,0.0,0.4,0.0,0.0,0.0,0.0,0.8,0.0,0.0,0.0,0.2,0.0,0.0,0.2
DNLLN,1,4,0.4,0.4,0.0,0.0,0.0,0.0,1.0,0.0,0.0,0.0,0.0,0.4,0.0,0.0,0.0,0.4,0.0,0.6,0.0,0.0,0.0,0.0,1.0,0.0,0.0,0.0,0.0,0.0,0.0,0.4
NKGPR,1,0,0.4,0.0,0.0,0.0,0.0,0.2,1.0,0.0,0.0,0.0,0.4,0.2,0.0,0.0,0.0,0.0,0.0,0.2,0.0,0.333333,0.0,0.0,0.8,0.0,0.0,0.0,0.0,0.0,0.0,0.0
RGLSK,1,1,0.4,0.2,0.0,0.0,0.0,0.0,1.0,0.0,0.0,0.0,0.4,0.2,0.0,0.0,0.0,0.2,0.0,0.2,0.0,0.0,0.0,0.0,0.8,0.0,0.0,0.0,0.0,0.0,0.0,0.2
WLMSA,1,2,0.4,0.2,0.0,0.0,0.0,0.0,1.0,0.0,0.0,0.0,0.4,0.2,0.0,0.0,0.0,0.6,0.2,0.2,0.0,0.0,0.0,0.0,1.0,0.0,0.0,0.0,0.0,0.0,0.0,0.6
LSNGK,1,3,0.4,0.2,0.0,0.0,0.0,0.0,1.0,0.0,0.0,0.0,0.4,0.4,0.0,0.0,0.0,0.2,0.0,0.4,0.0,0.0,0.0,0.0,0.8,0.0,0.0,0.0,0.0,0.0,0.0,0.2
LKYPI,1,4,0.6,0.2,0.0,0.0,0.0,0.2,1.0,0.0,0.0,0.0,0.4,0.0,0.0,0.0,0.0,0.4,0.0,0.2,0.0,0.0,0.0,0.0,1.0,0.0,0.0,0.2,0.0,0.0,0.0,0.4
YASVV,1,0,0.6,0.0,0.0,0.0,0.0,0.0,1.0,0.0,0.0,0.0,0.6,0.2,0.0,0.0,0.0,0.6,0.0,0.4,0.0,0.0,0.0,0.0,1.0,0.0,0.0,0.0,0.0,0.0,0.0,0.4
NFWWP,1,1,0.2,0.0,0.0,0.0,0.0,0.2,1.0,0.0,0.0,0.0,0.2,0.2,0.0,0.0,0.0,0.2,0.0,0.2,0.0,0.0,0.0,0.0,1.0,0.0,0.0,0.0,0.0,0.0,0.0,0.6
FWKVV,1,2,0.4,0.0,0.0,0.0,0.0,0.0,1.0,0.0,0.0,0.0,0.0,0.0,0.0,0.0,0.0,0.6,0.0,0.0,0.0,0.0,0.0,0.0,1.0,0.0,0.0,0.0,0.0,0.0,0.0,0.8
TWKVV,1,3,0.4,0.0,0.0,0.0,0.0,0.0,1.0,0.0,0.0,0.0,0.2,0.2,0.0,0.0,0.0,0.4,0.0,0.2,0.0,0.0,0.0,0.0,1.0,0.0,0.0,0.0,0.0,0.0,0.0,0.6
FMPLH,1,4,0.4,0.2,0.0,0.25,0.0,0.2,0.8,0.0,0.0,0.0,0.4,0.0,0.0,0.0,0.0,0.6,0.2,0.0,0.0,0.0,0.0,0.0,0.8,0.0,0.0,0.0,0.0,0.0,0.0,0.6
YFLWP,1,0,0.4,0.2,0.25,0.0,0.0,0.2,1.0,0.0,0.0,0.0,0.4,0.0,0.0,0.0,0.0,0.4,0.0,0.2,0.0,0.0,0.0,0.0,1.0,0.0,0.0,0.0,0.0,0.0,0.0,0.6
WVWWW,1,1,0.2,0.0,0.0,0.0,0.0,0.0,0.4,0.0,0.0,0.0,0.0,0.0,0.0,0.0,0.0,0.2,0.0,0.0,0.0,0.0,0.0,0.0,1.0,0.0,0.0,0.0,0.0,0.0,0.0,1.0
VIAPW,1,2,0.8,0.0,0.0,0.0,0.0,0.2,0.8,0.0,0.0,0.0,0.4,0.0,0.0,0.0,0.0,0.6,0.0,0.0,0.0,0.0,0.0,0.0,1.0,0.0,0.0,0.2,0.0,0.0,0.0,0.6
MWKVW,1,3,0.2,0.0,0.0,0.0,0.0,0.0,0.8,0.0,0.0,0.0,0.0,0.0,0.0,0.0,0.0,0.4,0.2,0.0,0.0,0.0,0.0,0.0,1.0,0.0,0.0,0.0,0.0,0.0,0.0,0.8
LPILR,1,4,0.8,0.4,0.0,0.0,0.0,0.2,1.0,0.0,0.0,0.0,0.2,0.0,0.0,0.0,0.0,0.6,0.0,0.0,0.0,0.0,0.0,0.0,0.8,0.0,0.0,0.2,0.0,0.0,0.0,0.6
VIEPR,1,0,0.6,0.0,0.0,0.0,0.0,0.2,1.0,0.0,0.0,0.0,0.2,0.0,0.0,0.0,0.0,0.4,0.0,0.2,0.0,0.0,0.0,0.0,0.8,0.0,0.0,0.2,0.0,0.0,0.0,0.4
YPFVE,1,1,0.4,0.0,0.0,0.0,0.0,0.2,1.0,0.0,0.0,0.0,0.4,0.0,0.0,0.0,0.0,0.4,0.0,0.4,0.25,0.0,0.0,0.0,0.8,0.0,0.0,0.0,0.0,0.0,0.0,0.4
YGFLP,1,2,0.6,0.2,0.0,0.0,0.0,0.2,1.0,0.0,0.0,0.0,0.6,0.0,0.0,0.0,0.0,0.4,0.0,0.2,0.0,0.0,0.0,0.0,1.0,0.0,0.0,0.0,0.0,0.0,0.0,0.4
QIESW,1,3,0.2,0.0,0.0,0.0,0.0,0.0,0.8,0.0,0.0,0.0,0.2,0.4,0.0,0.0,0.0,0.2,0.0,0.6,0.0,0.0,0.0,0.0,1.0,0.0,0.0,0.2,0.2,0.0,0.0,0.4
IPIGP,1,4,1.0,0.0,0.0,0.0,0.0,0.4,1.0,0.0,0.0,0.0,0.6,0.0,0.0,0.0,0.0,0.4,0.0,0.0,0.0,0.0,0.0,0.0,1.0,0.0,0.0,0.4,0.0,0.0,0.0,0.4
YPLDL,1,0,0.6,0.4,0.0,0.0,0.0,0.2,1.0,0.0,0.0,0.0,0.4,0.0,0.0,0.0,0.0,0.4,0.0,0.4,0.0,0.0,0.0,0.0,1.0,0.0,0.0,0.0,0.0,0.0,0.0,0.4
TSNLLT,1,1,0.333333,0.333333,0.0,0.0,0.0,0.0,1.0,0.0,0.0,0.0,0.5,0.666667,0.0,0.0,0.0,0.333333,0.0,0.666667,0.0,0.0,0.0,0.0,1.0,0.0,0.0,0.0,0.0,0.0,0.0,0.333333
LMRWMR,1,2,0.166667,0.166667,0.0,0.0,0.0,0.0,1.0,0.0,0.0,0.0,0.0,0.0,0.0,0.0,0.0,0.5,0.333333,0.0,0.0,0.0,0.0,0.0,0.833333,0.0,0.0,0.0,0.0,0.0,0.0,0.666667
DWMKGQ,1,3,0.166667,0.0,0.0,0.0,0.0,0.0,1.0,0.0,0.0,0.0,0.166667,0.166667,0.0,0.0,0.0,0.166667,0.166667,0.333333,0.0,0.0,0.0,0.0,1.0,0.0,0.0,0.0,0.166667,0.0,0.0,0.333333
WYSLAM,1,4,0.333333,0.166667,0.0,0.0,0.0,0.0,1.0,0.0,0.0,0.0,0.5,0.166667,0.0,0.0,0.0,0.5,0.166667,0.333333,0.0,0.0,0.0,0.0,1.0,0.0,0.0,0.0,0.0,0.0,0.0,0.5
WCTSVS,1,0,0.166667,0.0,0.0,0.0,0.0,0.0,1.0,0.0,0.0,0.0,0.5,0.666667,0.0,0.0,0.0,0.333333,0.0,0.5,0.0,0.0,0.0,0.0,1.0,0.0,0.0,0.0,0.0,0.0,0.0,0.5
DHPFLF,1,1,0.333333,0.166667,0.0,0.0,0.0,0.166667,0.833333,0.0,0.0,0.0,0.333333,0.0,0.0,0.0,0.0,0.5,0.0,0.166667,0.2,0.0,0.0,0.0,1.0,0.0,0.0,0.0,0.0,0.0,0.0,0.5
TMFPSA,1,2,0.333333,0.0,0.0,0.0,0.0,0.166667,1.0,0.0,0.0,0.0,0.666667,0.333333,0.0,0.0,0.0,0.5,0.166667,0.333333,0.0,0.0,0.0,0.0,1.0,0.0,0.0,0.0,0.0,0.0,0.2,0.333333
SDWDRF,1,3,0.0,0.0,0.0,0.0,0.0,0.0,0.833333,0.0,0.0,0.0,0.166667,0.166667,0.0,0.0,0.0,0.166667,0.0,0.5,0.0,0.0,0.0,0.0,1.0,0.0,0.0,0.0,0.0,0.0,0.0,0.333333
WVAPLK,1,4,0.666667,0.166667,0.0,0.0,0.0,0.166667,1.0,0.0,0.0,0.0,0.333333,0.0,0.0,0.0,0.0,0.5,0.0,0.0,0.0,0.0,0.0,0.0,0.833333,0.0,0.0,0.0,0.0,0.0,0.0,0.5
LHDELT,1,0,0.333333,0.333333,0.0,0.2,0.0,0.0,1.0,0.0,0.0,0.0,0.333333,0.166667,0.0,0.0,0.0,0.333333,0.0,0.5,0.0,0.0,0.0,0.0,1.0,0.0,0.0,0.0,0.0,0.0,0.0,0.333333
QRNNPY,1,1,0.166667,0.0,0.0,0.0,0.0,0.166667,0.833333,0.0,0.0,0.0,0.333333,0.5,0.0,0.0,0.0,0.0,0.0,0.666667,0.0,0.0,0.0,0.0,1.0,0.0,0.0,0.0,0.166667,0.0,0.0,0.0
WDTRGQ,1,2,0.166667,0.0,0.0,0.0,0.0,0.0,1.0,0.0,0.0,0.0,0.333333,0.333333,0.0,0.0,0.0,0.0,0.0,0.5,0.0,0.0,0.0,0.0,1.0,0.0,0.0,0.0,0.166667,0.0,0.0,0.166667
VSPHLP,1,3,0.666667,0.166667,0.0,0.0,0.0,0.333333,1.0,0.2,0.0,0.0,0.666667,0.166667,0.0,0.0,0.0,0.333333,0.0,0.166667,0.0,0.0,0.0,0.0,1.0,0.0,0.0,0.0,0.0,0.0,0.0,0.333333
WNMNAH,1,4,0.166667,0.0,0.0,0.0,0.0,0.0,0.833333,0.0,0.0,0.0,0.333333,0.333333,0.0,0.0,0.0,0.333333,0.166667,0.333333,0.0,0.0,0.0,0.0,0.833333,0.0,0.0,0.0,0.0,0.0,0.0,0.333333
SDGFQF,1,0,0.166667,0.0,0.0,0.0,0.0,0.0,0.833333,0.0,0.0,0.0,0.333333,0.333333,0.0,0.0,0.0,0.333333,0.0,0.5,0.0,0.0,0.0,0.0,1.0,0.0,0.0,0.0,0.166667,0.0,0.0,0.333333
TPCPPQ,1,1,0.5,0.0,0.0,0.0,0.0,0.5,1.0,0.0,0.0,0.0,0.666667,0.5,0.0,0.0,0.0,0.166667,0.0,0.333333,0.0,0.0,0.0,0.0,1.0,0.0,0.0,0.0,0.166667,0.0,0.0,0.166667
LLCVAV,1,2,0.833333,0.333333,0.0,0.0,0.0,0.0,1.0,0.0,0.0,0.0,0.166667,0.166667,0.0,0.0,0.0,1.0,0.0,0.0,0.0,0.0,0.0,0.0,1.0,0.0,0.0,0.0,0.0,0.0,0.0,0.833333
YFYPQL,1,3,0.333333,0.166667,0.0,0.0,0.0,0.166667,1.0,0.0,0.0,0.0,0.5,0.166667,0.0,0.0,0.0,0.333333,0.0,0.5,0.0,0.0,0.0,0.0,1.0,0.0,0.0,0.0,0.166667,0.0,0.0,0.333333
GFGPGL,1,4,0.833333,0.166667,0.0,0.0,0.0,0.166667,1.0,0.0,0.0,0.0,0.666667,0.0,0.0,0.0,0.0,0.333333,0.0,0.0,0.0,0.0,0.0,0.0,1.0,0.0,0.0,0.0,0.0,0.0,0.0,0.333333
LTTLDS,1,0,0.333333,0.333333,0.0,0.0,0.0,0.0,1.0,0.0,0.0,0.0,0.5,0.5,0.0,0.0,0.0,0.333333,0.0,0.666667,0.0,0.0,0.0,0.0,1.0,0.0,0.0,0.0,0.0,0.0,0.0,0.333333
MPACGS,1,1,0.5,0.0,0.0,0.0,0.0,0.166667,1.0,0.0,0.0,0.0,0.666667,0.333333,0.0,0.0,0.0,0.5,0.166667,0.166667,0.0,0.0,0.0,0.0,1.0,0.0,0.0,0.0,0.0,0.0,0.0,0.333333
FDPFPK,1,2,0.333333,0.0,0.0,0.0,0.0,0.333333,1.0,0.0,0.0,0.0,0.333333,0.0,0.0,0.0,0.0,0.333333,0.0,0.166667,0.2,0.0,0.0,0.0,0.833333,0.0,0.0,0.0,0.0,0.0,0.0,0.333333
LEDGLK,1,3,0.5,0.333333,0.0,0.0,0.0,0.0,1.0,0.0,0.0,0.0,0.166667,0.0,0.0,0.0,0.0,0.333333,0.0,0.333333,0.0,0.0,0.0,0.0,0.833333,0.0,0.0,0.0,0.0,0.0,0.0,0.333333
IDDVLK,1,4,0.5,0.166667,0.0,0.0,0.0,0.0,1.0,0.0,0.0,0.0,0.0,0.0,0.0,0.0,0.0,0.5,0.0,0.333333,0.0,0.0,0.0,0.0,0.833333,0.0,0.0,0.166667,0.0,0.0,0.0,0.5
MLLFPM,1,0,0.5,0.333333,0.0,0.0,0.0,0.166667,1.0,0.0,0.0,0.0,0.166667,0.0,0.0,0.0,0.0,0.833333,0.333333,0.0,0.0,0.0,0.0,0.0,1.0,0.0,0.0,0.0,0.0,0.0,0.0,0.833333
RDKVYR,1,1,0.166667,0.0,0.0,0.0,0.0,0.0,1.0,0.0,0.0,0.0,0.166667,0.0,0.0,0.0,0.0,0.166667,0.0,0.333333,0.0,0.0,0.0,0.0,0.833333,0.0,0.0,0.0,0.0,0.0,0.0,0.166667
LTEIIP,1,2,0.666667,0.166667,0.0,0.0,0.0,0.166667,1.0,0.0,0.0,0.0,0.333333,0.166667,0.0,0.0,0.0,0.5,0.0,0.333333,0.0,0.0,0.0,0.0,1.0,0.0,0.0,0.333333,0.0,0.0,0.0,0.5
YPFVVN,1,3,0.5,0.0,0.0,0.0,0.0,0.166667,1.0,0.0,0.0,0.0,0.333333,0.166667,0.0,0.0,0.0,0.5,0.0,0.333333,0.2,0.0,0.0,0.0,1.0,0.0,0.0,0.0,0.0,0.0,0.0,0.5
YPLDLF,1,4,0.5,0.333333,0.0,0.0,0.0,0.166667,0.833333,0.0,0.0,0.0,0.333333,0.0,0.0,0.0,0.0,0.5,0.0,0.333333,0.0,0.0,0.0,0.0,1.0,0.0,0.0,0.0,0.0,0.0,0.0,0.5
YLGYLE,1,0,0.5,0.333333,0.0,0.0,0.0,0.0,1.0,0.0,0.0,0.0,0.5,0.0,0.0,0.0,0.0,0.333333,0.0,0.5,0.0,0.0,0.0,0.0,0.833333,0.0,0.0,0.0,0.0,0.0,0.0,0.333333
NWEKIR,1,1,0.166667,0.0,0.0,0.0,0.0,0.0,1.0,0.0,0.0,0.0,0.0,0.166667,0.0,0.0,0.0,0.166667,0.0,0.333333,0.0,0.0,0.0,0.0,0.833333,0.0,0.0,0.166667,0.0,0.0,0.0,0.333333
RWWQLR,1,2,0.166667,0.166667,0.0,0.0,0.0,0.0,1.0,0.0,0.0,0.0,0.0,0.166667,0.0,0.0,0.0,0.166667,0.0,0.166667,0.0,0.0,0.0,0.0,0.833333,0.0,0.0,0.0,0.166667,0.0,0.0,0.5
AIILHQ,1,3,0.666667,0.166667,0.0,0.2,0.0,0.0,1.0,0.0,0.0,0.0,0.333333,0.166667,0.0,0.0,0.0,0.666667,0.0,0.166667,0.0,0.0,0.0,0.0,1.0,0.0,0.0,0.333333,0.166667,0.0,0.0,0.5
DLTDFL,1,4,0.333333,0.333333,0.0,0.0,0.0,0.0,1.0,0.0,0.0,0.0,0.166667,0.166667,0.0,0.0,0.0,0.5,0.0,0.5,0.0,0.0,0.0,0.0,1.0,0.0,0.0,0.0,0.0,0.0,0.0,0.5
VLLHLK,1,0,0.666667,0.5,0.0,0.2,0.0,0.0,1.0,0.0,0.0,0.0,0.166667,0.0,0.0,0.0,0.0,0.666667,0.0,0.0,0.0,0.0,0.0,0.0,0.833333,0.0,0.0,0.0,0.0,0.0,0.0,0.666667
DKIHPF,1,1,0.333333,0.0,0.0,0.0,0.0,0.166667,0.833333,0.0,0.0,0.0,0.333333,0.0,0.0,0.0,0.0,0.333333,0.0,0.166667,0.2,0.0,0.0,0.0,1.0,0.0,0.0,0.166667,0.0,0.0,0.0,0.333333
VPYPQR,1,2,0.5,0.0,0.0,0.0,0.0,0.333333,1.0,0.0,0.0,0.0,0.5,0.166667,0.0,0.0,0.0,0.166667,0.0,0.333333,0.0,0.0,0.0,0.0,0.833333,0.0,0.0,0.0,0.166667,0.0,0.0,0.166667
SGYYMH,1,3,0.166667,0.0,0.0,0.0,0.0,0.0,0.833333,0.0,0.0,0.0,0.833333,0.166667,0.0,0.0,0.0,0.166667,0.166667,0.5,0.0,0.0,0.0,0.0,0.833333,0.0,0.0,0.0,0.0,0.0,0.0,0.166667
LGTFQN,1,4,0.333333,0.166667,0.0,0.0,0.0,0.0,1.0,0.0,0.0,0.0,0.333333,0.5,0.0,0.0,0.0,0.333333,0.0,0.5,0.0,0.0,0.0,0.0,1.0,0.0,0.0,0.0,0.166667,0.0,0.0,0.333333
LHALLL,1,0,0.833333,0.666667,0.0,0.2,0.0,0.0,1.0,0.0,0.0,0.0,0.333333,0.0,0.0,0.0,0.0,0.833333,0.0,0.0,0.0,0.0,0.0,0.0,1.0,0.0,0.0,0.0,0.0,0.0,0.0,0.666667
CYGPNR,1,1,0.333333,0.0,0.0,0.0,0.0,0.166667,1.0,0.0,0.0,0.0,0.5,0.333333,0.0,0.0,0.0,0.166667,0.0,0.333333,0.0,0.0,0.0,0.0,0.833333,0.0,0.0,0.0,0.0,0.0,0.0,0.166667
VLPVPEK,1,2,0.714286,0.142857,0.0,0.0,0.0,0.285714,1.0,0.0,0.0,0.0,0.285714,0.0,0.0,0.0,0.0,0.428571,0.0,0.142857,0.0,0.0,0.0,0.0,0.714286,0.0,0.0,0.0,0.0,0.0,0.0,0.428571
SSGFTMQ,1,3,0.142857,0.0,0.0,0.0,0.0,0.0,1.0,0.0,0.0,0.0,0.571429,0.571429,0.0,0.0,0.0,0.285714,0.142857,0.571429,0.0,0.0,0.0,0.0,1.0,0.0,0.0,0.0,0.142857,0.0,0.0,0.285714
FRDEHKK,1,4,0.0,0.0,0.0,0.0,0.0,0.0,1.0,0.0,0.0,0.0,0.142857,0.0,0.0,0.0,0.0,0.142857,0.0,0.285714,0.0,0.0,0.0,0.0,0.142857,0.0,0.0,0.0,0.0,0.0,0.0,0.142857
EAAVYPL,1,0,0.714286,0.142857,0.0,0.0,0.0,0.142857,1.0,0.0,0.0,0.0,0.571429,0.0,0.0,0.0,0.0,0.571429,0.0,0.285714,0.0,0.0,0.0,0.0,1.0,0.0,0.0,0.0,0.0,0.0,0.0,0.285714
APGAGVY,1,1,0.857143,0.0,0.0,0.0,0.0,0.142857,0.857143,0.0,0.0,0.0,0.857143,0.0,0.0,0.0,0.0,0.428571,0.0,0.142857,0.0,0.0,0.0,0.0,1.0,0.0,0.0,0.0,0.0,0.0,0.0,0.142857
WIRGCRL,1,2,0.428571,0.142857,0.0,0.0,0.0,0.0,1.0,0.0,0.0,0.0,0.142857,0.142857,0.0,0.0,0.0,0.428571,0.0,0.0,0.0,0.2,0.0,0.0,1.0,0.0,0.0,0.142857,0.0,0.0,0.0,0.571429
YYQQKPV,1,3,0.285714,0.0,0.0,0.0,0.0,0.142857,1.0,0.0,0.0,0.0,0.428571,0.285714,0.0,0.0,0.0,0.142857,0.0,0.571429,0.0,0.0,0.0,0.0,1.0,0.0,0.0,0.0,0.285714,0.0,0.0,0.142857
LPDEVSG,1,4,0.571429,0.142857,0.0,0.0,0.0,0.142857,1.0,0.0,0.0,0.0,0.428571,0.142857,0.0,0.0,0.0,0.285714,0.0,0.428571,0.0,0.0,0.0,0.0,1.0,0.0,0.0,0.0,0.0,0.0,0.0,0.285714
QFLLAGR,1,0,0.571429,0.285714,0.0,0.0,0.0,0.0,1.0,0.0,0.0,0.0,0.285714,0.142857,0.0,0.0,0.0,0.571429,0.0,0.142857,0.0,0.0,0.0,0.0,0.857143,0.0,0.0,0.0,0.142857,0.0,0.0,0.428571
NQNGRFY,1,1,0.142857,0.0,0.0,0.0,0.0,0.0,0.714286,0.0,0.0,0.0,0.285714,0.428571,0.0,0.0,0.0,0.142857,0.0,0.571429,0.0,0.0,0.0,0.0,1.0,0.0,0.0,0.0,0.142857,0.0,0.0,0.142857
GSIFVPH,1,2,0.571429,0.0,0.0,0.0,0.0,0.142857,0.857143,0.166667,0.0,0.0,0.571429,0.142857,0.0,0.0,0.0,0.428571,0.0,0.142857,0.0,0.0,0.0,0.0,0.857143,0.0,0.0,0.142857,0.0,0.0,0.0,0.428571
HHQDPPW,1,3,0.285714,0.0,0.0,0.0,0.0,0.285714,0.857143,0.0,0.0,0.0,0.571429,0.142857,0.0,0.0,0.0,0.0,0.0,0.285714,0.0,0.0,0.0,0.0,1.0,0.0,0.0,0.0,0.142857,0.0,0.0,0.142857
VGGDGDV,1,4,0.714286,0.0,0.0,0.0,0.0,0.0,1.0,0.0,0.0,0.0,0.428571,0.0,0.0,0.0,0.0,0.285714,0.0,0.285714,0.0,0.0,0.0,0.0,1.0,1.0,0.0,0.0,0.0,0.0,0.0,0.285714
IIAPPER,1,0,0.714286,0.0,0.0,0.0,0.0,0.285714,1.0,0.0,0.0,0.0,0.428571,0.0,0.0,0.0,0.0,0.428571,0.0,0.142857,0.0,0.0,0.0,0.0,0.714286,0.0,0.0,0.285714,0.0,0.0,0.0,0.285714
LAPSTIK,1,1,0.571429,0.142857,0.0,0.0,0.0,0.142857,1.0,0.0,0.0,0.0,0.571429,0.285714,0.0,0.0,0.0,0.428571,0.0,0.285714,0.0,0.0,0.0,0.0,0.857143,0.0,0.0,0.142857,0.0,0.0,0.166667,0.285714
AGDDAPR,1,2,0.571429,0.0,0.0,0.0,0.0,0.142857,1.0,0.0,0.0,0.0,0.571429,0.0,0.0,0.0,0.0,0.285714,0.0,0.285714,0.0,0.0,0.333333,0.0,0.857143,0.0,0.0,0.0,0.0,0.0,0.0,0.0
FKGPACA,1,3,0.571429,0.0,0.0,0.0,0.0,0.142857,1.0,0.0,0.0,0.0,0.571429,0.142857,0.0,0.0,0.0,0.571429,0.0,0.0,0.0,0.0,0.0,0.0,1.0,0.0,0.0,0.0,0.0,0.0,0.0,0.285714
SVLGTGC,1,4,0.571429,0.142857,0.0,0.0,0.0,0.0,1.0,0.0,0.0,0.0,0.571429,0.428571,0.0,0.0,0.0,0.428571,0.0,0.285714,0.0,0.0,0.0,0.0,1.0,0.0,0.0,0.0,0.0,0.0,0.0,0.428571
YPFPGPI,1,0,0.714286,0.0,0.0,0.0,0.0,0.428571,1.0,0.0,0.0,0.0,0.714286,0.0,0.0,0.0,0.0,0.285714,0.0,0.142857,0.166667,0.0,0.0,0.0,1.0,0.0,0.0,0.142857,0.0,0.0,0.0,0.285714
RYLGYLE,1,1,0.428571,0.285714,0.0,0.0,0.0,0.0,1.0,0.0,0.0,0.0,0.428571,0.0,0.0,0.0,0.0,0.285714,0.0,0.428571,0.0,0.0,0.0,0.0,0.857143,0.0,0.0,0.0,0.0,0.0,0.0,0.285714
IDLGTTY,1,2,0.428571,0.142857,0.0,0.0,0.0,0.0,0.857143,0.0,0.0,0.0,0.571429,0.285714,0.0,0.0,0.0,0.285714,0.0,0.571429,0.0,0.0,0.0,0.0,1.0,0.0,0.0,0.142857,0.0,0.0,0.0,0.285714
GEGFFEM,1,3,0.285714,0.0,0.0,0.0,0.0,0.0,1.0,0.0,0.0,0.0,0.285714,0.0,0.0,0.0,0.0,0.428571,0.142857,0.285714,0.0,0.0,0.0,0.0,1.0,0.0,0.0,0.0,0.0,0.0,0.0,0.428571
APGIIPR,1,4,0.857143,0.0,0.0,0.0,0.0,0.285714,1.0,0.0,0.0,0.0,0.571429,0.0,0.0,0.0,0.0,0.428571,0.0,0.0,0.0,0.0,0.0,0.0,0.857143,0.0,0.0,0.285714,0.0,0.0,0.0,0.285714
AEYVRLY,1,0,0.428571,0.142857,0.0,0.0,0.0,0.0,0.857143,0.0,0.0,0.0,0.428571,0.0,0.0,0.0,0.0,0.428571,0.0,0.428571,0.0,0.0,0.0,0.0,1.0,0.0,0.0,0.0,0.0,0.0,0.0,0.285714
AIILHQQ,1,1,0.571429,0.142857,0.0,0.166667,0.0,0.0,1.0,0.0,0.0,0.0,0.285714,0.285714,0.0,0.0,0.0,0.571429,0.0,0.285714,0.0,0.0,0.0,0.0,1.0,0.0,0.0,0.285714,0.285714,0.0,0.0,0.428571
HQTSEFK,1,2,0.0,0.0,0.0,0.0,0.0,0.0,1.0,0.0,0.0,0.0,0.428571,0.428571,0.0,0.0,0.0,0.142857,0.0,0.571429,0.0,0.0,0.0,0.0,0.857143,0.0,0.0,0.0,0.142857,0.0,0.0,0.142857
IILHQQQ,1,3,0.428571,0.142857,0.0,0.166667,0.0,0.0,1.0,0.0,0.0,0.0,0.142857,0.428571,0.0,0.0,0.0,0.428571,0.0,0.428571,0.0,0.0,0.0,0.0,1.0,0.0,0.0,0.285714,0.428571,0.0,0.0,0.428571
PSIVGRP,1,4,0.714286,0.0,0.0,0.0,0.0,0.285714,1.0,0.0,0.0,0.0,0.571429,0.142857,0.0,0.0,0.0,0.285714,0.0,0.142857,0.0,0.0,0.0,0.0,1.0,1.0,0.0,0.142857,0.0,0.0,0.166667,0.285714
KVLPVPE,1,0,0.714286,0.142857,0.0,0.0,0.0,0.285714,1.0,0.0,0.0,0.0,0.285714,0.0,0.0,0.0,0.0,0.428571,0.0,0.142857,0.0,0.0,0.0,0.0,0.857143,0.0,0.0,0.0,0.0,0.0,0.0,0.428571
KVLPVPQ,1,1,0.714286,0.142857,0.0,0.0,0.0,0.285714,1.0,0.0,0.0,0.0,0.285714,0.142857,0.0,0.0,0.0,0.428571,0.0,0.142857,0.0,0.0,0.0,0.0,1.0,0.0,0.0,0.0,0.142857,0.0,0.0,0.428571
DAQEFKR,1,2,0.142857,0.0,0.0,0.0,0.0,0.0,1.0,0.0,0.0,0.0,0.142857,0.142857,0.0,0.0,0.0,0.285714,0.0,0.428571,0.0,0.0,0.0,0.0,0.714286,0.0,0.0,0.0,0.142857,0.0,0.0,0.142857
KVLPVPEK,1,3,0.625,0.125,0.0,0.0,0.0,0.25,1.0,0.0,0.0,0.0,0.25,0.0,0.0,0.0,0.0,0.375,0.0,0.125,0.0,0.0,0.0,0.0,0.75,0.0,0.0,0.0,0.0,0.0,0.0,0.375
HTVQCMFQ,1,4,0.125,0.0,0.0,0.0,0.0,0.0,1.0,0.0,0.0,0.0,0.25,0.5,0.0,0.0,0.0,0.5,0.125,0.375,0.0,0.0,0.0,0.0,1.0,0.0,0.0,0.0,0.25,0.0,0.0,0.5
YPKLAPNE,1,0,0.5,0.125,0.0,0.0,0.0,0.25,1.0,0.0,0.0,0.0,0.5,0.125,0.0,0.0,0.0,0.25,0.0,0.375,0.0,0.0,0.0,0.0,0.875,0.0,0.0,0.0,0.0,0.0,0.0,0.125
FVAPFPEV,1,1,0.625,0.0,0.0,0.0,0.0,0.25,1.0,0.0,0.0,0.0,0.375,0.0,0.0,0.0,0.0,0.625,0.0,0.125,0.142857,0.0,0.0,0.0,1.0,0.5,0.0,0.0,0.0,0.0,0.0,0.5
FALPQYLK,1,2,0.5,0.25,0.0,0.0,0.0,0.125,1.0,0.0,0.0,0.0,0.375,0.125,0.0,0.0,0.0,0.5,0.0,0.25,0.0,0.0,0.0,0.0,0.875,0.0,0.0,0.0,0.125,0.0,0.0,0.375
GMPGFDVR,1,3,0.5,0.0,0.0,0.0,0.0,0.125,1.0,0.0,0.0,0.0,0.375,0.0,0.0,0.0,0.0,0.375,0.125,0.125,0.0,0.0,0.0,0.0,0.875,0.0,0.0,0.0,0.0,0.0,0.0,0.375
YSNQNGRF,1,4,0.125,0.0,0.0,0.0,0.0,0.0,0.875,0.0,0.0,0.0,0.375,0.5,0.0,0.0,0.0,0.125,0.0,0.625,0.0,0.0,0.0,0.0,1.0,0.0,0.0,0.0,0.125,0.0,0.0,0.125
PQGPIGVP,1,0,0.875,0.0,0.0,0.0,0.0,0.375,1.0,0.0,0.0,0.0,0.625,0.125,0.0,0.0,0.0,0.25,0.0,0.125,0.0,0.0,0.0,0.0,1.0,0.0,0.0,0.125,0.125,0.0,0.0,0.25
SRGLPGME,1,1,0.5,0.125,0.0,0.0,0.0,0.125,1.0,0.0,0.0,0.0,0.5,0.125,0.0,0.0,0.0,0.25,0.125,0.25,0.0,0.0,0.0,0.0,0.875,0.0,0.0,0.0,0.0,0.0,0.0,0.25
PAGLPGPA,1,2,1.0,0.125,0.0,0.0,0.0,0.375,1.0,0.0,0.0,0.0,0.875,0.0,0.0,0.0,0.0,0.375,0.0,0.0,0.0,0.0,0.25,0.0,1.0,1.0,0.0,0.0,0.0,0.0,0.0,0.125
VAPEEHPV,1,3,0.625,0.0,0.0,0.0,0.0,0.25,1.0,0.0,0.0,0.0,0.5,0.0,0.0,0.0,0.0,0.375,0.0,0.25,0.0,0.0,0.0,0.0,1.0,0.0,0.0,0.0,0.0,0.0,0.0,0.25
NYVADGLG,1,4,0.625,0.125,0.0,0.0,0.0,0.0,1.0,0.0,0.0,0.0,0.5,0.125,0.0,0.0,0.0,0.375,0.0,0.375,0.0,0.0,0.0,0.0,1.0,0.0,0.0,0.0,0.0,0.0,0.0,0.25
LQAEQDDR,1,0,0.25,0.125,0.0,0.0,0.0,0.0,1.0,0.0,0.0,0.0,0.125,0.25,0.0,0.0,0.0,0.25,0.0,0.625,0.0,0.0,0.0,0.0,0.625,0.0,0.0,0.0,0.25,0.0,0.0,0.125
FAPVPFDF,1,1,0.5,0.0,0.0,0.0,0.0,0.25,0.875,0.0,0.0,0.0,0.375,0.0,0.0,0.0,0.0,0.625,0.0,0.125,0.142857,0.0,0.0,0.0,1.0,0.0,0.0,0.0,0.0,0.0,0.0,0.5
YPFPGPIP,1,2,0.75,0.0,0.0,0.0,0.0,0.5,1.0,0.0,0.0,0.0,0.75,0.0,0.0,0.0,0.0,0.25,0.0,0.125,0.142857,0.0,0.0,0.0,1.0,0.5,0.0,0.125,0.0,0.0,0.0,0.25
YPFPGPIN,1,3,0.625,0.0,0.0,0.0,0.0,0.375,1.0,0.0,0.0,0.0,0.625,0.125,0.0,0.0,0.0,0.25,0.0,0.25,0.142857,0.0,0.0,0.0,1.0,0.0,0.0,0.125,0.0,0.0,0.0,0.25
IGFLIIWV,1,4,0.75,0.125,0.0,0.0,0.0,0.0,1.0,0.0,0.0,0.0,0.125,0.0,0.0,0.0,0.0,0.75,0.0,0.0,0.0,0.0,0.0,0.0,1.0,0.0,0.0,0.375,0.0,0.0,0.0,0.875
AGWACLVG,1,0,0.75,0.125,0.0,0.0,0.0,0.0,1.0,0.0,0.0,0.0,0.5,0.125,0.0,0.0,0.0,0.625,0.0,0.0,0.0,0.0,0.0,0.0,1.0,0.5,0.0,0.0,0.0,0.0,0.0,0.5
AIILHQQQ,1,1,0.5,0.125,0.0,0.142857,0.0,0.0,1.0,0.0,0.0,0.0,0.25,0.375,0.0,0.0,0.0,0.5,0.0,0.375,0.0,0.0,0.0,0.0,1.0,0.0,0.0,0.25,0.375,0.0,0.0,0.375
GTFLQPHQ,1,2,0.375,0.125,0.0,0.0,0.0,0.125,1.0,0.142857,0.0,0.0,0.5,0.375,0.0,0.0,0.0,0.25,0.0,0.375,0.0,0.0,0.0,0.0,1.0,0.0,0.0,0.0,0.25,0.0,0.0,0.25
LTADILPR,1,3,0.625,0.25,0.0,0.0,0.0,0.125,1.0,0.0,0.0,0.0,0.375,0.125,0.0,0.0,0.0,0.5,0.0,0.25,0.0,0.0,0.0,0.0,0.875,0.0,0.0,0.125,0.0,0.0,0.0,0.375
VAITLTMK,1,4,0.5,0.125,0.0,0.0,0.0,0.0,1.0,0.0,0.0,0.0,0.375,0.25,0.0,0.0,0.0,0.625,0.125,0.25,0.0,0.0,0.0,0.0,0.875,0.0,0.0,0.125,0.0,0.0,0.0,0.5
VLPPQQQY,1,0,0.5,0.125,0.0,0.0,0.0,0.25,0.875,0.0,0.0,0.0,0.375,0.375,0.0,0.0,0.0,0.25,0.0,0.5,0.0,0.0,0.0,0.0,1.0,0.0,0.0,0.0,0.375,0.0,0.0,0.25
VPPSKLSP,1,1,0.625,0.125,0.0,0.0,0.0,0.375,1.0,0.0,0.0,0.0,0.625,0.25,0.0,0.0,0.0,0.25,0.0,0.25,0.0,0.0,0.0,0.0,1.0,0.5,0.0,0.0,0.0,0.0,0.142857,0.25
VSKSVLVK,1,2,0.5,0.125,0.0,0.0,0.0,0.0,1.0,0.0,0.0,0.0,0.25,0.25,0.0,0.0,0.0,0.5,0.0,0.25,0.0,0.0,0.0,0.0,0.875,0.5,0.0,0.0,0.0,0.0,0.0,0.5
DNIPIVIR,1,3,0.625,0.0,0.0,0.0,0.0,0.125,1.0,0.0,0.0,0.0,0.125,0.125,0.0,0.0,0.0,0.5,0.0,0.25,0.0,0.0,0.0,0.0,0.875,0.0,0.0,0.375,0.0,0.0,0.0,0.5
EALEAMFL,1,4,0.5,0.25,0.0,0.0,0.0,0.0,1.0,0.0,0.0,0.0,0.25,0.0,0.0,0.0,0.0,0.75,0.125,0.25,0.0,0.0,0.0,0.0,1.0,0.0,0.0,0.0,0.0,0.0,0.0,0.5
ITFAAYRR,1,0,0.375,0.0,0.0,0.0,0.0,0.0,1.0,0.0,0.0,0.0,0.5,0.125,0.0,0.0,0.0,0.5,0.0,0.25,0.0,0.0,0.0,0.0,0.75,0.0,0.0,0.125,0.0,0.0,0.0,0.25
HPVPPKKK,1,1,0.5,0.0,0.0,0.0,0.0,0.375,1.0,0.0,0.0,0.0,0.5,0.0,0.0,0.0,0.0,0.125,0.0,0.0,0.0,0.0,0.0,0.0,0.625,0.0,0.0,0.0,0.0,0.0,0.0,0.125
GEPGPPGAP,1,2,0.888889,0.0,0.0,0.0,0.0,0.444444,1.0,0.0,0.0,0.0,0.888889,0.0,0.0,0.0,0.0,0.111111,0.0,0.111111,0.0,0.0,0.2,0.0,1.0,0.666667,0.0,0.0,0.0,0.0,0.0,0.0
LARNATPPR,1,3,0.555556,0.111111,0.0,0.0,0.0,0.222222,1.0,0.0,0.0,0.0,0.555556,0.222222,0.0,0.0,0.0,0.333333,0.0,0.222222,0.0,0.0,0.0,0.0,0.888889,0.333333,0.0,0.0,0.0,0.0,0.0,0.111111
LADGVAAPA,1,4,0.888889,0.111111,0.0,0.0,0.0,0.111111,1.0,0.0,0.0,0.0,0.666667,0.0,0.0,0.0,0.0,0.666667,0.0,0.111111,0.0,0.0,0.2,0.0,1.0,0.0,0.0,0.0,0.0,0.0,0.0,0.222222
LSKAQSDFG,1,0,0.333333,0.111111,0.0,0.0,0.0,0.0,1.0,0.0,0.0,0.0,0.444444,0.333333,0.0,0.0,0.0,0.333333,0.0,0.444444,0.0,0.0,0.0,0.0,1.0,0.0,0.0,0.0,0.111111,0.0,0.0,0.222222
VLSPPFTGE,1,1,0.555556,0.111111,0.0,0.0,0.0,0.222222,1.0,0.0,0.0,0.0,0.555556,0.222222,0.0,0.0,0.0,0.333333,0.0,0.333333,0.125,0.0,0.0,0.0,0.888889,0.0,0.0,0.0,0.0,0.0,0.0,0.333333
WIHNENQGF,1,2,0.222222,0.0,0.0,0.0,0.0,0.0,0.888889,0.0,0.0,0.0,0.222222,0.333333,0.0,0.0,0.0,0.222222,0.0,0.444444,0.0,0.0,0.0,0.0,1.0,0.0,0.0,0.111111,0.111111,0.0,0.0,0.333333
QGLQGLPGT,1,3,0.666667,0.222222,0.0,0.0,0.0,0.111111,1.0,0.0,0.0,0.0,0.555556,0.333333,0.0,0.0,0.0,0.222222,0.0,0.333333,0.0,0.0,0.0,0.0,1.0,0.333333,0.0,0.0,0.222222,0.0,0.0,0.222222
KGPPGEIGR,1,4,0.666667,0.0,0.0,0.0,0.0,0.222222,1.0,0.0,0.0,0.0,0.555556,0.0,0.0,0.0,0.0,0.111111,0.0,0.111111,0.0,0.0,0.0,0.0,0.888889,0.333333,0.0,0.111111,0.0,0.0,0.0,0.111111
AAAPVAVAK,1,0,0.888889,0.0,0.0,0.0,0.0,0.111111,1.0,0.0,0.0,0.0,0.666667,0.0,0.0,0.0,0.0,0.777778,0.0,0.0,0.0,0.0,0.0,0.0,0.888889,0.333333,0.0,0.0,0.0,0.0,0.0,0.222222
YDDGSYKPH,1,1,0.222222,0.0,0.0,0.0,0.0,0.111111,0.888889,0.125,0.0,0.0,0.666667,0.111111,0.0,0.0,0.0,0.0,0.0,0.555556,0.0,0.0,0.2,0.0,0.888889,0.0,0.0,0.0,0.0,0.0,0.0,0.0
AIGVGAIER,1,2,0.777778,0.0,0.0,0.0,0.0,0.0,1.0,0.0,0.0,0.0,0.444444,0.0,0.0,0.0,0.0,0.555556,0.0,0.111111,0.0,0.0,0.0,0.0,0.777778,0.0,0.0,0.222222,0.0,0.0,0.0,0.333333
YLAGNQEQE,1,3,0.333333,0.111111,0.0,0.0,0.0,0.0,1.0,0.0,0.0,0.0,0.333333,0.333333,0.0,0.0,0.0,0.222222,0.0,0.666667,0.0,0.0,0.0,0.0,0.888889,0.0,0.0,0.0,0.222222,0.0,0.0,0.111111
VVPPFLQPE,1,4,0.666667,0.111111,0.0,0.0,0.0,0.333333,1.0,0.0,0.0,0.0,0.333333,0.111111,0.0,0.0,0.0,0.444444,0.0,0.222222,0.125,0.0,0.0,0.0,0.888889,0.0,0.0,0.0,0.111111,0.0,0.0,0.444444
PFPEVFGKE,1,0,0.444444,0.0,0.0,0.0,0.0,0.222222,1.0,0.0,0.0,0.0,0.333333,0.0,0.0,0.0,0.0,0.333333,0.0,0.222222,0.125,0.0,0.0,0.0,0.777778,0.0,0.0,0.0,0.0,0.0,0.0,0.333333
SDPPLVFVG,1,1,0.666667,0.111111,0.0,0.0,0.0,0.222222,1.0,0.0,0.0,0.0,0.444444,0.111111,0.0,0.0,0.0,0.444444,0.0,0.222222,0.0,0.0,0.0,0.0,1.0,0.0,0.0,0.0,0.0,0.0,0.0,0.444444
NLNQCQRYM,1,2,0.111111,0.111111,0.0,0.0,0.0,0.0,1.0,0.0,0.0,0.0,0.111111,0.555556,0.0,0.0,0.0,0.333333,0.111111,0.555556,0.0,0.0,0.0,0.0,1.0,0.0,0.0,0.0,0.222222,0.0,0.0,0.333333
WVSPLAGRT,1,3,0.555556,0.111111,0.0,0.0,0.0,0.111111,1.0,0.0,0.0,0.0,0.555556,0.222222,0.0,0.0,0.0,0.333333,0.0,0.222222,0.0,0.0,0.0,0.0,1.0,0.0,0.0,0.0,0.0,0.0,0.0,0.333333
NAVPITPTL,1,4,0.666667,0.111111,0.0,0.0,0.0,0.222222,1.0,0.0,0.0,0.0,0.555556,0.333333,0.0,0.0,0.0,0.444444,0.0,0.333333,0.0,0.0,0.0,0.0,1.0,0.0,0.0,0.111111,0.0,0.0,0.0,0.333333
MYGAVTPVK,1,0,0.555556,0.0,0.0,0.0,0.0,0.111111,1.0,0.0,0.0,0.0,0.555556,0.111111,0.0,0.0,0.0,0.444444,0.111111,0.222222,0.0,0.0,0.2,0.0,0.888889,0.0,0.0,0.0,0.0,0.0,0.0,0.333333
AFDEGPWPK,1,1,0.444444,0.0,0.0,0.0,0.0,0.222222,1.0,0.0,0.0,0.0,0.444444,0.0,0.0,0.0,0.0,0.222222,0.0,0.222222,0.0,0.0,0.0,0.0,0.888889,0.0,0.0,0.0,0.0,0.0,0.0,0.222222
AGLQFPVGR,1,2,0.666667,0.111111,0.0,0.0,0.0,0.111111,1.0,0.0,0.0,0.0,0.444444,0.111111,0.0,0.0,0.0,0.444444,0.0,0.111111,0.0,0.0,0.2,0.0,0.888889,0.333333,0.0,0.0,0.111111,0.0,0.0,0.333333
AMPVEVVQF,1,3,0.555556,0.0,0.0,0.0,0.0,0.111111,0.888889,0.0,0.0,0.0,0.222222,0.111111,0.0,0.0,0.0,0.666667,0.111111,0.222222,0.0,0.0,0.0,0.0,1.0,0.0,0.0,0.0,0.111111,0.0,0.0,0.555556
ENLQNYRLL,1,4,0.333333,0.333333,0.0,0.0,0.0,0.0,1.0,0.0,0.0,0.0,0.111111,0.333333,0.0,0.0,0.0,0.333333,0.0,0.555556,0.0,0.0,0.0,0.0,1.0,0.333333,0.0,0.0,0.111111,0.0,0.0,0.333333
ESTAKQVIR,1,0,0.333333,0.0,0.0,0.0,0.0,0.0,1.0,0.0,0.0,0.0,0.333333,0.333333,0.0,0.0,0.0,0.333333,0.0,0.444444,0.0,0.0,0.0,0.0,0.888889,0.0,0.0,0.111111,0.111111,0.0,0.0,0.222222
ESTLHLVLR,1,1,0.444444,0.333333,0.0,0.125,0.0,0.0,1.0,0.0,0.0,0.0,0.333333,0.222222,0.0,0.0,0.0,0.444444,0.0,0.333333,0.0,0.0,0.0,0.0,0.888889,0.0,0.0,0.0,0.0,0.0,0.0,0.444444
QTVAVGVIK,1,2,0.666667,0.0,0.0,0.0,0.0,0.0,1.0,0.0,0.0,0.0,0.333333,0.222222,0.0,0.0,0.0,0.555556,0.0,0.222222,0.0,0.0,0.0,0.0,0.888889,0.0,0.0,0.111111,0.111111,0.0,0.0,0.444444
VMTVHNTPY,1,3,0.333333,0.0,0.0,0.0,0.0,0.111111,0.888889,0.0,0.0,0.0,0.555556,0.333333,0.0,0.0,0.0,0.333333,0.111111,0.444444,0.0,0.0,0.0,0.0,1.0,0.0,0.0,0.0,0.0,0.0,0.0,0.333333
VIESPPEIN,1,4,0.555556,0.0,0.0,0.0,0.0,0.222222,1.0,0.0,0.0,0.0,0.333333,0.222222,0.0,0.0,0.0,0.333333,0.0,0.444444,0.0,0.0,0.0,0.0,1.0,0.333333,0.0,0.222222,0.0,0.0,0.0,0.333333
ELQDKIHPF,1,0,0.333333,0.111111,0.0,0.0,0.0,0.111111,0.888889,0.0,0.0,0.0,0.222222,0.111111,0.0,0.0,0.0,0.333333,0.0,0.333333,0.125,0.0,0.0,0.0,1.0,0.0,0.0,0.111111,0.111111,0.0,0.0,0.333333
YVAQGEGVVA,1,1,0.7,0.0,0.0,0.0,0.0,0.0,1.0,0.0,0.0,0.0,0.5,0.1,0.0,0.0,0.0,0.5,0.0,0.3,0.0,0.0,0.0,0.0,1.0,0.25,0.0,0.0,0.1,0.0,0.0,0.3
DVCGRDVNGY,1,2,0.4,0.0,0.0,0.0,0.0,0.0,0.9,0.0,0.0,0.0,0.3,0.2,0.0,0.0,0.0,0.3,0.0,0.4,0.0,0.0,0.0,0.0,1.0,0.0,0.0,0.0,0.0,0.0,0.0,0.3
MYVVELMMSF,1,3,0.3,0.1,0.0,0.0,0.0,0.0,0.9,0.0,0.0,0.0,0.2,0.1,0.0,0.0,0.0,0.7,0.3,0.3,0.0,0.0,0.0,0.0,1.0,0.25,0.0,0.0,0.0,0.0,0.0,0.7
AWEEREQGSR,1,4,0.2,0.0,0.0,0.0,0.0,0.0,1.0,0.0,0.0,0.0,0.3,0.2,0.0,0.0,0.0,0.1,0.0,0.5,0.0,0.125,0.0,0.0,0.9,0.0,0.0,0.0,0.1,0.0,0.0,0.1
RVQVVNNNGK,1,0,0.4,0.0,0.0,0.0,0.0,0.0,1.0,0.0,0.0,0.0,0.1,0.4,0.0,0.0,0.0,0.3,0.0,0.4,0.0,0.0,0.0,0.0,0.9,0.0,0.0,0.0,0.1,0.0,0.0,0.3
RQSHFANAQP,1,1,0.3,0.0,0.0,0.0,0.0,0.1,1.0,0.0,0.0,0.0,0.5,0.4,0.0,0.0,0.0,0.3,0.0,0.4,0.0,0.0,0.0,0.0,1.0,0.0,0.0,0.0,0.2,0.0,0.0,0.1
APGPAGARGN,1,2,0.8,0.0,0.0,0.0,0.0,0.2,1.0,0.0,0.0,0.0,0.8,0.1,0.0,0.0,0.0,0.3,0.0,0.1,0.0,0.125,0.0,0.0,1.0,0.5,0.0,0.0,0.0,0.0,0.0,0.0
QGPPGPAGPA,1,3,0.9,0.0,0.0,0.0,0.0,0.4,1.0,0.0,0.0,0.0,0.9,0.1,0.0,0.0,0.0,0.2,0.0,0.1,0.0,0.0,0.333333,0.0,1.0,0.5,0.0,0.0,0.1,0.0,0.0,0.0
FIARNFLLGW,1,4,0.5,0.2,0.0,0.0,0.0,0.0,0.9,0.0,0.0,0.0,0.2,0.1,0.0,0.0,0.0,0.6,0.0,0.1,0.0,0.0,0.0,0.0,1.0,0.0,0.0,0.1,0.0,0.0,0.0,0.6
DEQIPSHPPR,1,0,0.4,0.0,0.0,0.0,0.0,0.3,1.0,0.0,0.0,0.0,0.5,0.2,0.0,0.0,0.0,0.1,0.0,0.4,0.0,0.0,0.0,0.0,0.9,0.0,0.0,0.1,0.1,0.0,0.111111,0.1
AGFAGDDAPR,1,1,0.6,0.0,0.0,0.0,0.0,0.1,1.0,0.0,0.0,0.0,0.6,0.0,0.0,0.0,0.0,0.4,0.0,0.2,0.0,0.0,0.166667,0.0,0.9,0.0,0.0,0.0,0.0,0.0,0.0,0.1
GLLGKNFTSK,1,2,0.4,0.2,0.0,0.0,0.0,0.0,1.0,0.0,0.0,0.0,0.4,0.3,0.0,0.0,0.0,0.3,0.0,0.3,0.0,0.0,0.0,0.0,0.9,0.0,0.0,0.0,0.0,0.111111,0.0,0.3
TSLDLPVLRW,1,3,0.5,0.3,0.0,0.0,0.0,0.1,0.9,0.0,0.0,0.0,0.3,0.2,0.0,0.0,0.0,0.4,0.0,0.3,0.0,0.0,0.0,0.0,1.0,0.0,0.0,0.0,0.0,0.0,0.0,0.5
TSVEIITSSK,1,4,0.3,0.0,0.0,0.0,0.0,0.0,1.0,0.0,0.0,0.0,0.5,0.5,0.0,0.0,0.0,0.3,0.0,0.6,0.0,0.0,0.0,0.0,0.9,0.5,0.0,0.2,0.0,0.0,0.0,0.3
TTAGILLPEK,1,0,0.6,0.2,0.0,0.0,0.0,0.1,1.0,0.0,0.0,0.0,0.5,0.2,0.0,0.0,0.0,0.4,0.0,0.3,0.0,0.0,0.166667,0.0,0.8,0.0,0.0,0.1,0.0,0.0,0.0,0.3
VETGVIKPGM,1,1,0.6,0.0,0.0,0.0,0.0,0.1,1.0,0.0,0.0,0.0,0.4,0.1,0.0,0.0,0.0,0.4,0.1,0.2,0.0,0.0,0.166667,0.0,1.0,0.0,0.0,0.1,0.0,0.0,0.0,0.4
VVVNIPPTLK,1,2,0.7,0.1,0.0,0.0,0.0,0.2,1.0,0.0,0.0,0.0,0.3,0.2,0.0,0.0,0.0,0.5,0.0,0.2,0.0,0.0,0.0,0.0,0.9,0.0,0.0,0.1,0.0,0.0,0.0,0.5
YGVSGYPTLK,1,3,0.5,0.1,0.0,0.0,0.0,0.1,1.0,0.0,0.0,0.0,0.7,0.2,0.0,0.0,0.0,0.2,0.0,0.4,0.0,0.0,0.0,0.0,0.9,0.0,0.0,0.0,0.0,0.0,0.0,0.2
VFGKEKVNEL,1,4,0.4,0.1,0.0,0.0,0.0,0.0,1.0,0.0,0.0,0.0,0.1,0.1,0.0,0.0,0.0,0.4,0.0,0.3,0.0,0.0,0.0,0.0,1.0,0.25,0.0,0.0,0.0,0.0,0.0,0.4
VLNPWDQVKR,1,0,0.4,0.1,0.0,0.0,0.0,0.1,1.0,0.0,0.0,0.0,0.1,0.2,0.0,0.0,0.0,0.3,0.0,0.3,0.0,0.0,0.0,0.0,0.8,0.0,0.0,0.0,0.1,0.0,0.0,0.4
PAGSAAGAAP,1,1,0.9,0.0,0.0,0.0,0.0,0.2,1.0,0.0,0.0,0.0,1.0,0.1,0.0,0.0,0.0,0.5,0.0,0.1,0.0,0.0,0.0,0.0,1.0,0.25,0.0,0.0,0.0,0.0,0.0,0.0
LCPVHRAADL,1,2,0.6,0.2,0.0,0.0,0.0,0.1,1.0,0.0,0.0,0.0,0.4,0.1,0.0,0.0,0.0,0.6,0.0,0.1,0.0,0.0,0.0,0.0,1.0,0.0,0.0,0.0,0.0,0.0,0.0,0.4
QTFQYSRGWTN,1,3,0.090909,0.0,0.0,0.0,0.0,0.0,1.0,0.0,0.0,0.0,0.454545,0.545455,0.0,0.0,0.0,0.090909,0.0,0.636364,0.0,0.0,0.0,0.0,1.0,0.0,0.0,0.0,0.181818,0.0,0.0,0.181818
LVTGDDKTNLK,1,4,0.363636,0.181818,0.0,0.0,0.0,0.0,1.0,0.0,0.0,0.0,0.272727,0.272727,0.0,0.0,0.0,0.272727,0.0,0.454545,0.0,0.0,0.0,0.0,0.909091,0.0,0.0,0.0,0.0,0.0,0.0,0.272727
MPVDVIANAYR,1,0,0.545455,0.0,0.0,0.0,0.0,0.090909,1.0,0.0,0.0,0.0,0.363636,0.090909,0.0,0.0,0.0,0.545455,0.090909,0.272727,0.0,0.0,0.0,0.0,0.909091,0.0,0.0,0.090909,0.0,0.0,0.0,0.363636
HNLDTQTESDV,1,1,0.181818,0.090909,0.0,0.0,0.0,0.0,1.0,0.0,0.0,0.0,0.363636,0.454545,0.0,0.0,0.0,0.181818,0.0,0.727273,0.0,0.0,0.0,0.0,1.0,0.2,0.0,0.0,0.090909,0.0,0.0,0.181818
SCQDQPTTLAR,1,2,0.272727,0.090909,0.0,0.0,0.0,0.090909,1.0,0.0,0.0,0.0,0.454545,0.545455,0.0,0.0,0.0,0.272727,0.0,0.545455,0.0,0.0,0.0,0.0,0.909091,0.0,0.0,0.0,0.181818,0.0,0.0,0.181818
YIQKEDVPSER,1,3,0.272727,0.0,0.0,0.0,0.0,0.090909,1.0,0.0,0.0,0.0,0.272727,0.181818,0.0,0.0,0.0,0.181818,0.0,0.545455,0.0,0.0,0.0,0.0,0.818182,0.0,0.0,0.090909,0.090909,0.0,0.1,0.181818
IGINAENNQRN,1,4,0.363636,0.0,0.0,0.0,0.0,0.0,1.0,0.0,0.0,0.0,0.181818,0.454545,0.0,0.0,0.0,0.272727,0.0,0.545455,0.0,0.0,0.0,0.0,1.0,0.0,0.0,0.181818,0.090909,0.0,0.0,0.181818
EDELQDKIHPF,1,0,0.272727,0.090909,0.0,0.0,0.0,0.090909,0.909091,0.0,0.0,0.0,0.181818,0.090909,0.0,0.0,0.0,0.272727,0.0,0.454545,0.1,0.0,0.0,0.0,1.0,0.0,0.0,0.090909,0.090909,0.0,0.0,0.272727
AVFPSIVGRPR,1,1,0.636364,0.0,0.0,0.0,0.0,0.181818,1.0,0.0,0.0,0.0,0.454545,0.090909,0.0,0.0,0.0,0.454545,0.0,0.090909,0.0,0.0,0.0,0.0,0.909091,0.2,0.0,0.090909,0.0,0.0,0.1,0.363636
GGVLPNINPVL,1,2,0.818182,0.181818,0.0,0.0,0.0,0.181818,1.0,0.0,0.0,0.0,0.363636,0.181818,0.0,0.0,0.0,0.454545,0.0,0.181818,0.0,0.0,0.142857,0.0,1.0,0.0,0.0,0.090909,0.0,0.0,0.0,0.454545
GPIYSNEFGKF,1,3,0.363636,0.0,0.0,0.0,0.0,0.090909,0.909091,0.0,0.0,0.0,0.454545,0.181818,0.0,0.0,0.0,0.272727,0.0,0.363636,0.0,0.0,0.0,0.0,1.0,0.0,0.0,0.090909,0.0,0.0,0.0,0.272727
GTIAGGGVIPH,1,4,0.818182,0.0,0.0,0.0,0.0,0.090909,0.909091,0.1,0.0,0.0,0.727273,0.090909,0.0,0.0,0.0,0.363636,0.0,0.090909,0.0,0.0,0.142857,0.0,0.909091,0.4,0.0,0.181818,0.0,0.0,0.0,0.272727
IGGIGTVPVGR,1,0,0.818182,0.0,0.0,0.0,0.0,0.090909,1.0,0.0,0.0,0.0,0.545455,0.090909,0.0,0.0,0.0,0.363636,0.0,0.090909,0.0,0.0,0.0,0.0,0.909091,0.0,0.0,0.181818,0.0,0.0,0.0,0.363636
LAQGTFLQPHQ,1,1,0.454545,0.181818,0.0,0.0,0.0,0.090909,1.0,0.1,0.0,0.0,0.454545,0.363636,0.0,0.0,0.0,0.363636,0.0,0.363636,0.0,0.0,0.0,0.0,1.0,0.2,0.0,0.0,0.272727,0.0,0.0,0.272727
TKMDEGVVTKK,1,2,0.272727,0.0,0.0,0.0,0.0,0.0,1.0,0.0,0.0,0.0,0.272727,0.181818,0.0,0.0,0.1,0.272727,0.090909,0.363636,0.0,0.0,0.0,0.0,0.818182,0.0,0.0,0.0,0.0,0.0,0.0,0.272727
VLVSGSIHYPR,1,3,0.545455,0.090909,0.0,0.0,0.0,0.090909,1.0,0.0,0.0,0.0,0.545455,0.181818,0.0,0.0,0.0,0.363636,0.0,0.272727,0.0,0.0,0.0,0.0,0.909091,0.0,0.0,0.090909,0.0,0.0,0.0,0.363636
MPFPKYPVQPF,1,4,0.454545,0.0,0.0,0.0,0.0,0.363636,0.909091,0.0,0.0,0.0,0.454545,0.090909,0.0,0.0,0.0,0.363636,0.090909,0.181818,0.2,0.0,0.0,0.0,1.0,0.2,0.0,0.0,0.090909,0.0,0.0,0.363636
NAGPFTPTVNR,1,0,0.454545,0.0,0.0,0.0,0.0,0.181818,1.0,0.0,0.0,0.0,0.545455,0.363636,0.0,0.0,0.0,0.272727,0.0,0.363636,0.1,0.0,0.142857,0.0,0.909091,0.0,0.0,0.0,0.0,0.0,0.0,0.181818
PAEMVAAALDR,1,1,0.636364,0.090909,0.0,0.0,0.0,0.090909,1.0,0.0,0.0,0.0,0.454545,0.0,0.0,0.0,0.0,0.636364,0.090909,0.181818,0.0,0.0,0.0,0.0,0.818182,0.2,0.0,0.0,0.0,0.0,0.0,0.272727
KVALMSAGSMH,1,2,0.454545,0.090909,0.0,0.0,0.0,0.0,0.909091,0.0,0.0,0.0,0.545455,0.181818,0.0,0.0,0.0,0.545455,0.181818,0.181818,0.0,0.0,0.0,0.0,0.909091,0.0,0.0,0.0,0.0,0.0,0.0,0.363636
GTPGLQGMPGER,1,3,0.583333,0.083333,0.0,0.0,0.0,0.166667,1.0,0.0,0.0,0.0,0.583333,0.166667,0.0,0.0,0.0,0.166667,0.083333,0.25,0.0,0.1,0.0,0.0,0.833333,0.5,0.0,0.0,0.083333,0.0,0.0,0.166667
GPAGPTGARGAP,1,4,0.833333,0.0,0.0,0.0,0.0,0.25,1.0,0.0,0.0,0.0,0.916667,0.083333,0.0,0.0,0.0,0.25,0.0,0.083333,0.0,0.1,0.125,0.0,1.0,0.333333,0.0,0.0,0.0,0.0,0.0,0.0
FVDAQPQQKEEG,1,0,0.333333,0.0,0.0,0.0,0.0,0.083333,1.0,0.0,0.0,0.0,0.25,0.25,0.0,0.0,0.0,0.25,0.0,0.5,0.0,0.0,0.0,0.0,1.0,0.0,0.0,0.0,0.25,0.0,0.0,0.166667
VIESPPEINTVQ,1,1,0.5,0.0,0.0,0.0,0.0,0.166667,1.0,0.0,0.0,0.0,0.333333,0.333333,0.0,0.0,0.0,0.333333,0.0,0.5,0.0,0.0,0.0,0.0,1.0,0.166667,0.0,0.166667,0.083333,0.0,0.0,0.333333
FLKKISQRYQKF,1,2,0.166667,0.083333,0.0,0.0,0.0,0.0,0.916667,0.0,0.0,0.0,0.166667,0.25,0.0,0.0,0.0,0.333333,0.0,0.333333,0.0,0.0,0.0,0.0,1.0,0.0,0.0,0.083333,0.166667,0.0,0.0,0.333333
HLQDFGSEILPR,1,3,0.416667,0.166667,0.0,0.0,0.0,0.083333,1.0,0.0,0.0,0.0,0.333333,0.166667,0.0,0.0,0.0,0.333333,0.0,0.333333,0.0,0.0,0.0,0.0,0.916667,0.0,0.0,0.083333,0.083333,0.0,0.0,0.333333
QDAHVPDNFIPK,1,4,0.416667,0.0,0.0,0.0,0.0,0.166667,1.0,0.0,0.0,0.0,0.333333,0.166667,0.0,0.0,0.0,0.333333,0.0,0.333333,0.0,0.0,0.0,0.0,0.916667,0.0,0.0,0.083333,0.083333,0.0,0.0,0.25
AAPFPGQKSLQR,1,0,0.5,0.083333,0.0,0.0,0.0,0.166667,1.0,0.0,0.0,0.0,0.5,0.25,0.0,0.0,0.0,0.333333,0.0,0.25,0.090909,0.0,0.0,0.0,0.916667,0.0,0.0,0.0,0.166667,0.0,0.0,0.166667
TVTSLDLPVLRW,1,1,0.5,0.25,0.0,0.0,0.0,0.083333,0.916667,0.0,0.0,0.0,0.333333,0.25,0.0,0.0,0.0,0.416667,0.0,0.333333,0.0,0.0,0.0,0.0,1.0,0.0,0.0,0.0,0.0,0.0,0.0,0.5
YFPTQALNFAFK,1,2,0.333333,0.083333,0.0,0.0,0.0,0.083333,1.0,0.0,0.0,0.0,0.416667,0.25,0.0,0.0,0.0,0.5,0.0,0.333333,0.0,0.0,0.0,0.0,0.916667,0.0,0.0,0.0,0.083333,0.0,0.0,0.333333
SLVYPFPGPIPN,1,3,0.666667,0.083333,0.0,0.0,0.0,0.333333,1.0,0.0,0.0,0.0,0.583333,0.166667,0.0,0.0,0.0,0.333333,0.0,0.25,0.090909,0.0,0.0,0.0,1.0,0.166667,0.0,0.083333,0.0,0.0,0.0,0.333333
PVLGPVRGPFPI,1,4,0.833333,0.083333,0.0,0.0,0.0,0.333333,1.0,0.0,0.0,0.0,0.5,0.0,0.0,0.0,0.0,0.416667,0.0,0.0,0.090909,0.0,0.0,0.0,1.0,0.166667,0.0,0.083333,0.0,0.0,0.0,0.416667
GNQEKVLELVQR,1,0,0.416667,0.166667,0.0,0.0,0.0,0.0,1.0,0.0,0.0,0.0,0.083333,0.25,0.0,0.0,0.0,0.333333,0.0,0.416667,0.0,0.0,0.0,0.0,0.916667,0.0,0.0,0.0,0.166667,0.0,0.0,0.333333
NADFGLNGLEGLA,1,1,0.615385,0.230769,0.0,0.0,0.0,0.0,1.0,0.0,0.0,0.0,0.384615,0.153846,0.0,0.0,0.0,0.461538,0.0,0.307692,0.0,0.0,0.0,0.0,1.0,0.428571,0.0,0.0,0.0,0.0,0.0,0.307692
GTVFEKKALPGPM,1,2,0.538462,0.076923,0.0,0.0,0.0,0.153846,1.0,0.0,0.0,0.0,0.461538,0.076923,0.0,0.0,0.0,0.384615,0.076923,0.153846,0.0,0.0,0.0,0.0,1.0,0.0,0.0,0.0,0.0,0.0,0.0,0.307692
LRENNKLMLLELK,1,3,0.384615,0.384615,0.0,0.0,0.0,0.0,1.0,0.0,0.0,0.0,0.0,0.153846,0.0,0.0,0.0,0.461538,0.076923,0.307692,0.0,0.0,0.0,0.0,0.923077,0.142857,0.0,0.0,0.0,0.0,0.0,0.461538
TIDMESTEVFTKK,1,4,0.153846,0.0,0.0,0.0,0.0,0.0,1.0,0.0,0.0,0.0,0.307692,0.307692,0.0,0.0,0.0,0.307692,0.076923,0.538462,0.0,0.0,0.0,0.0,0.846154,0.142857,0.0,0.076923,0.0,0.0,0.0,0.307692
QETTGVEGPKGDT,1,0,0.384615,0.0,0.0,0.0,0.0,0.076923,1.0,0.0,0.0,0.0,0.538462,0.307692,0.0,0.0,0.0,0.076923,0.0,0.538462,0.0,0.0,0.111111,0.0,1.0,0.142857,0.0,0.0,0.076923,0.0,0.0,0.076923
GSPGADGPIGAPG,1,1,0.846154,0.0,0.0,0.0,0.0,0.230769,1.0,0.0,0.0,0.0,0.846154,0.076923,0.0,0.0,0.0,0.230769,0.0,0.153846,0.0,0.0,0.111111,0.0,1.0,0.571429,0.0,0.076923,0.0,0.0,0.0,0.076923
ASGLCPEEAVPRR,1,2,0.538462,0.076923,0.0,0.0,0.0,0.153846,1.0,0.0,0.0,0.0,0.461538,0.153846,0.0,0.0,0.0,0.384615,0.0,0.230769,0.0,0.0,0.0,0.0,0.846154,0.0,0.0,0.0,0.0,0.0,0.0,0.230769
MRKPQQEEDDDDE,1,3,0.076923,0.0,0.0,0.0,0.0,0.076923,1.0,0.0,0.0,0.0,0.076923,0.153846,0.0,0.0,0.0,0.076923,0.076923,0.692308,0.0,0.0,0.0,0.0,0.461538,0.142857,0.0,0.0,0.153846,0.0,0.0,0.076923
QNWDFCEAWEPCF,1,4,0.153846,0.0,0.0,0.0,0.0,0.076923,0.923077,0.0,0.0,0.0,0.153846,0.307692,0.0,0.0,0.0,0.384615,0.0,0.384615,0.0,0.0,0.0,0.0,1.0,0.285714,0.0,0.0,0.076923,0.0,0.0,0.461538
IKGTIAGGGVIPH,1,0,0.769231,0.0,0.0,0.0,0.0,0.076923,0.923077,0.083333,0.0,0.0,0.615385,0.076923,0.0,0.0,0.0,0.384615,0.0,0.076923,0.0,0.0,0.111111,0.0,0.923077,0.285714,0.0,0.230769,0.0,0.0,0.0,0.307692
QQPVLGPVRGPFP,1,1,0.692308,0.076923,0.0,0.0,0.0,0.307692,1.0,0.0,0.0,0.0,0.461538,0.153846,0.0,0.0,0.0,0.307692,0.0,0.153846,0.083333,0.0,0.0,0.0,1.0,0.142857,0.0,0.0,0.153846,0.0,0.0,0.307692
MAPKHEMPFPKYP,1,2,0.384615,0.0,0.0,0.0,0.0,0.307692,1.0,0.0,0.0,0.0,0.538462,0.0,0.0,0.0,0.0,0.307692,0.153846,0.153846,0.083333,0.0,0.0,0.0,1.0,0.142857,0.0,0.0,0.0,0.0,0.0,0.230769
GPRGLPGERGRPGA,1,3,0.714286,0.071429,0.0,0.0,0.0,0.214286,1.0,0.0,0.0,0.0,0.642857,0.0,0.0,0.0,0.0,0.142857,0.0,0.071429,0.0,0.166667,0.0,0.0,1.0,0.625,0.0,0.0,0.0,0.0,0.0,0.071429
GKHQQEEENEGGSI,1,4,0.285714,0.0,0.0,0.0,0.0,0.0,1.0,0.0,0.0,0.0,0.357143,0.285714,0.0,0.0,0.0,0.071429,0.0,0.571429,0.0,0.0,0.0,0.0,1.0,0.0,0.0,0.071429,0.142857,0.0,0.0,0.071429
NALEPDHRVESEGG,1,0,0.428571,0.071429,0.0,0.0,0.0,0.071429,1.0,0.0,0.0,0.0,0.428571,0.142857,0.0,0.0,0.0,0.214286,0.0,0.428571,0.0,0.0,0.0,0.0,1.0,0.125,0.0,0.0,0.0,0.0,0.0,0.142857
HEQKEEHEWHRKEE,1,1,0.0,0.0,0.0,0.0,0.0,0.0,1.0,0.0,0.0,0.0,0.214286,0.071429,0.0,0.0,0.0,0.0,0.0,0.5,0.0,0.0,0.0,0.0,0.642857,0.375,0.0,0.0,0.071429,0.0,0.0,0.071429
QGPIVLNPWDQVKR,1,2,0.5,0.071429,0.0,0.0,0.0,0.142857,1.0,0.0,0.0,0.0,0.214286,0.214286,0.0,0.0,0.0,0.285714,0.0,0.285714,0.0,0.0,0.0,0.0,0.857143,0.0,0.0,0.071429,0.142857,0.0,0.0,0.357143
ALPQYLKTVYQHQK,1,3,0.357143,0.142857,0.0,0.0,0.0,0.071429,1.0,0.0,0.0,0.0,0.428571,0.285714,0.0,0.0,0.0,0.285714,0.0,0.428571,0.0,0.0,0.0,0.0,0.928571,0.0,0.0,0.0,0.214286,0.0,0.0,0.214286
IQPKTKVIPYVRYL,1,4,0.5,0.071429,0.0,0.0,0.0,0.142857,1.0,0.0,0.0,0.0,0.357143,0.142857,0.0,0.0,0.0,0.357143,0.0,0.285714,0.0,0.0,0.0,0.0,1.0,0.125,0.0,0.142857,0.071429,0.0,0.0,0.357143
DLGSTGGRGPSAGM,1,0,0.571429,0.071429,0.0,0.0,0.0,0.071429,1.0,0.0,0.0,0.0,0.714286,0.214286,0.0,0.0,0.0,0.214286,0.071429,0.285714,0.0,0.083333,0.1,0.0,1.0,0.25,0.0,0.0,0.0,0.0,0.076923,0.142857
FLPFFAACAITRKC,1,1,0.428571,0.071429,0.0,0.0,0.0,0.071429,1.0,0.0,0.0,0.0,0.357143,0.214286,0.0,0.0,0.0,0.714286,0.0,0.071429,0.076923,0.0,0.0,0.0,1.0,0.125,0.0,0.071429,0.0,0.0,0.0,0.5
NSSYFVEWIPNNVK,1,2,0.285714,0.0,0.0,0.0,0.0,0.071429,1.0,0.0,0.0,0.0,0.285714,0.357143,0.0,0.0,0.0,0.285714,0.0,0.5,0.0,0.0,0.0,0.0,0.928571,0.0,0.0,0.071429,0.0,0.0,0.0,0.357143
HKEMPFPKYPVQPF,1,3,0.357143,0.0,0.0,0.0,0.0,0.285714,0.928571,0.0,0.0,0.0,0.428571,0.071429,0.0,0.0,0.0,0.285714,0.071429,0.214286,0.153846,0.0,0.0,0.0,1.0,0.25,0.0,0.0,0.071429,0.0,0.0,0.285714
QEPVLGPVRGPFPI,1,4,0.714286,0.071429,0.0,0.0,0.0,0.285714,1.0,0.0,0.0,0.0,0.428571,0.071429,0.0,0.0,0.0,0.357143,0.0,0.142857,0.076923,0.0,0.0,0.0,1.0,0.125,0.0,0.071429,0.071429,0.0,0.0,0.357143
IPNPIGSENSGKIT,1,0,0.5,0.0,0.0,0.0,0.0,0.142857,1.0,0.0,0.0,0.0,0.5,0.357143,0.0,0.0,0.0,0.214286,0.0,0.428571,0.0,0.0,0.0,0.0,1.0,0.125,0.0,0.214286,0.0,0.0,0.0,0.214286
MAPAAVAAAEAGSK,1,1,0.714286,0.0,0.0,0.0,0.0,0.071429,1.0,0.0,0.0,0.0,0.714286,0.071429,0.0,0.0,0.0,0.642857,0.071429,0.142857,0.0,0.0,0.0,0.0,0.928571,0.25,0.0,0.0,0.0,0.0,0.0,0.142857
VLPVPQKKVLPVPQK,1,2,0.666667,0.133333,0.0,0.0,0.0,0.266667,1.0,0.0,0.0,0.0,0.266667,0.133333,0.0,0.0,0.0,0.4,0.0,0.133333,0.0,0.0,0.0,0.0,0.933333,0.111111,0.0,0.0,0.133333,0.0,0.0,0.4
NTVPAKSCQAQPTTM,1,3,0.333333,0.0,0.0,0.0,0.0,0.133333,1.0,0.0,0.0,0.0,0.533333,0.533333,0.0,0.0,0.0,0.333333,0.066667,0.466667,0.0,0.0,0.0,0.0,1.0,0.0,0.0,0.0,0.133333,0.0,0.0,0.2
FLTGLIGGLMKALGK,1,4,0.666667,0.266667,0.0,0.0,0.0,0.0,1.0,0.0,0.0,0.0,0.4,0.066667,0.0,0.0,0.0,0.533333,0.066667,0.066667,0.0,0.0,0.0,0.0,0.933333,0.111111,0.0,0.066667,0.0,0.0,0.0,0.466667
VLSLSQSKVLPVPQK,1,0,0.533333,0.2,0.0,0.0,0.0,0.133333,1.0,0.0,0.0,0.0,0.333333,0.333333,0.0,0.0,0.0,0.4,0.0,0.333333,0.0,0.0,0.0,0.0,0.933333,0.111111,0.0,0.0,0.133333,0.0,0.0,0.4
APFPEVFGKEKVNEL,1,1,0.466667,0.066667,0.0,0.0,0.0,0.133333,1.0,0.0,0.0,0.0,0.266667,0.066667,0.0,0.0,0.0,0.4,0.0,0.266667,0.071429,0.0,0.0,0.0,1.0,0.111111,0.0,0.0,0.0,0.0,0.0,0.333333
SKVLPVPQKAVPYPQ,1,2,0.6,0.066667,0.0,0.0,0.0,0.266667,1.0,0.0,0.0,0.0,0.466667,0.2,0.0,0.0,0.0,0.333333,0.0,0.266667,0.0,0.0,0.0,0.0,1.0,0.0,0.0,0.0,0.133333,0.0,0.0,0.266667
GPAGSPGFQGLPGPAG,1,3,0.8125,0.0625,0.0,0.0,0.0,0.25,1.0,0.0,0.0,0.0,0.8125,0.125,0.0,0.0,0.0,0.25,0.0,0.125,0.0,0.0,0.083333,0.0,1.0,0.5,0.0,0.0,0.0625,0.0,0.0,0.125
PGAEGAPGRDGAAGPK,1,4,0.75,0.0,0.0,0.0,0.0,0.1875,1.0,0.0,0.0,0.0,0.75,0.0,0.0,0.0,0.0,0.25,0.0,0.125,0.0,0.0,0.083333,0.0,0.9375,0.5,0.0,0.0,0.0,0.0,0.0,0.0
PGEKGSPGADGPIGAP,1,0,0.75,0.0,0.0,0.0,0.0,0.25,1.0,0.0,0.0,0.0,0.75,0.0625,0.0,0.0,0.0,0.1875,0.0,0.1875,0.0,0.0,0.083333,0.0,1.0,0.5,0.0,0.0625,0.0,0.0,0.0,0.0625
RFIYMKGFGKPRFGKR,1,1,0.3125,0.0,0.0,0.0,0.0,0.0625,1.0,0.0,0.0,0.0,0.3125,0.0,0.0,0.0,0.0,0.3125,0.0625,0.0625,0.0,0.071429,0.083333,0.0,0.875,0.1,0.0,0.0625,0.0,0.0,0.0,0.3125
FLPVLGKVIKLVGGLL,1,2,0.8125,0.3125,0.0,0.0,0.0,0.0625,1.0,0.0,0.0,0.0,0.25,0.0,0.0,0.0,0.0,0.625,0.0,0.0,0.0,0.0,0.0,0.0,1.0,0.1,0.0,0.0625,0.0,0.0,0.0,0.625
EGGDGGYGGGGGGSRW,1,3,0.625,0.0,0.0,0.0,0.0,0.0,0.9375,0.0,0.0,0.0,0.75,0.0625,0.0,0.0,0.0,0.0,0.0,0.25,0.0,0.071429,0.0,0.0,1.0,0.4,0.0,0.0,0.0,0.0,0.0,0.0625
QQPVLGPVRGPFPIIV,1,4,0.75,0.0625,0.0,0.0,0.0,0.25,1.0,0.0,0.0,0.0,0.375,0.125,0.0,0.0,0.0,0.4375,0.0,0.125,0.066667,0.0,0.0,0.0,1.0,0.1,0.0,0.125,0.125,0.0,0.0,0.4375
AAGAAAAARSAGQCGR,1,0,0.6875,0.0,0.0,0.0,0.066667,0.0,1.0,0.0,0.0,0.0,0.75,0.1875,0.0,0.0,0.0,0.5625,0.0,0.125,0.0,0.0,0.0,0.0,0.9375,0.3,0.0,0.0,0.0625,0.0,0.0,0.0625
HKEMQAIFDVYIMFIN,1,1,0.3125,0.0,0.0,0.0,0.0,0.0,1.0,0.0,0.0,0.0,0.1875,0.125,0.0,0.0,0.0,0.5625,0.125,0.3125,0.0,0.0,0.0,0.0,1.0,0.1,0.0,0.1875,0.0625,0.0,0.0,0.5
AKYIPIQYVLSRYPSY,1,2,0.4375,0.0625,0.0,0.0,0.0,0.125,0.9375,0.0,0.0,0.0,0.5625,0.1875,0.0,0.0,0.0,0.3125,0.0,0.4375,0.0,0.0,0.0,0.0,1.0,0.0,0.0,0.125,0.0625,0.0,0.066667,0.25
APSFSDIPNPIGSENSE,1,3,0.411765,0.0,0.0,0.0,0.0,0.176471,1.0,0.0,0.0,0.0,0.529412,0.352941,0.0,0.0,0.0,0.235294,0.0,0.529412,0.0,0.0,0.0,0.0,0.941176,0.181818,0.0,0.117647,0.0,0.0,0.0625,0.176471
SQSKVLPVPQKAVPYPQ,1,4,0.529412,0.058824,0.0,0.0,0.0,0.235294,1.0,0.0,0.0,0.0,0.470588,0.294118,0.0,0.0,0.0,0.294118,0.0,0.352941,0.0,0.0,0.0,0.0,1.0,0.0,0.0,0.0,0.176471,0.0,0.0,0.235294
EGGGGGYGGGGGGYGGR,1,0,0.764706,0.0,0.0,0.0,0.0,0.0,1.0,0.0,0.0,0.0,0.882353,0.0,0.0,0.0,0.0,0.0,0.0,0.176471,0.0,0.066667,0.0,0.0,0.941176,0.636364,0.0,0.0,0.0,0.0,0.0,0.0
GPSSSPDIYNPEAGRIK,1,1,0.470588,0.0,0.0,0.0,0.0,0.176471,1.0,0.0,0.0,0.0,0.588235,0.235294,0.0,0.0,0.0,0.176471,0.0,0.411765,0.0,0.0,0.0,0.0,0.941176,0.0,0.0,0.117647,0.0,0.0,0.0625,0.117647
TVVPPKGGSFYPGETTP,1,2,0.529412,0.0,0.0,0.0,0.0,0.235294,1.0,0.0,0.0,0.0,0.705882,0.235294,0.0,0.0,0.0,0.176471,0.0,0.352941,0.0,0.0,0.153846,0.0,1.0,0.090909,0.0,0.0,0.0,0.0,0.0,0.176471
HKEMPFPKYPVEPFTESQ,1,3,0.277778,0.0,0.0,0.0,0.0,0.222222,1.0,0.0,0.0,0.0,0.444444,0.166667,0.0,0.0,0.0,0.222222,0.055556,0.388889,0.117647,0.0,0.0,0.0,1.0,0.166667,0.0,0.0,0.055556,0.0,0.0,0.222222
IWCKDDQNPHSSNISCDKF,1,4,0.157895,0.0,0.0,0.0,0.0,0.052632,0.947368,0.055556,0.0,0.0,0.263158,0.421053,0.0,0.0,0.0,0.263158,0.0,0.473684,0.0,0.0,0.0,0.0,1.0,0.0,0.0,0.105263,0.052632,0.0,0.0,0.315789
GGGGYGGGGGGYGGGGGGY,1,0,0.842105,0.0,0.0,0.0,0.0,0.0,0.947368,0.0,0.0,0.0,1.0,0.0,0.0,0.0,0.0,0.0,0.0,0.157895,0.0,0.0,0.0,0.0,1.0,0.692308,0.0,0.0,0.0,0.0,0.0,0.0
HQPPQPLPPTVMFPPQSVL,1,1,0.578947,0.105263,0.0,0.0,0.0,0.368421,1.0,0.0,0.0,0.0,0.526316,0.263158,0.0,0.0,0.0,0.315789,0.052632,0.263158,0.0,0.0,0.0,0.0,1.0,0.230769,0.0,0.0,0.157895,0.0,0.0,0.315789
AYLQAQQLLPFNQLVRSPAA,1,2,0.55,0.2,0.0,0.0,0.052632,0.1,1.0,0.0,0.0,0.0,0.4,0.3,0.0,0.0,0.0,0.5,0.0,0.35,0.052632,0.0,0.0,0.0,1.0,0.214286,0.0,0.0,0.2,0.0,0.0,0.3
GWANTLKNVAGGLCKITGAA,1,3,0.6,0.1,0.0,0.0,0.0,0.0,1.0,0.0,0.0,0.0,0.5,0.25,0.0,0.0,0.0,0.45,0.0,0.2,0.0,0.0,0.0,0.0,1.0,0.071429,0.0,0.05,0.0,0.052632,0.0,0.3
GAPKGCWTKSYPPQPCFGKK,1,4,0.4,0.0,0.0,0.0,0.0,0.2,1.0,0.0,0.0,0.0,0.55,0.25,0.0,0.0,0.0,0.2,0.0,0.2,0.0,0.0,0.0,0.0,0.9,0.0,0.0,0.0,0.05,0.0,0.0,0.2
TVVPPKGGSFYPGETTPLQQ,1,0,0.5,0.05,0.0,0.0,0.0,0.2,1.0,0.0,0.0,0.0,0.6,0.3,0.0,0.0,0.0,0.2,0.0,0.4,0.0,0.0,0.125,0.0,1.0,0.071429,0.0,0.0,0.1,0.0,0.0,0.2
NIPPLTQTPVVVPFLQPEVM,1,1,0.6,0.1,0.0,0.0,0.0,0.25,1.0,0.0,0.0,0.0,0.35,0.25,0.0,0.0,0.0,0.45,0.05,0.3,0.052632,0.0,0.0,0.0,1.0,0.071429,0.0,0.05,0.1,0.0,0.0,0.45
THL,0,0,0.333333,0.333333,0.0,0.0,0.0,0.0,1.0,0.0,0.0,0.0,0.666667,0.333333,0.0,0.0,0.0,0.333333,0.0,0.333333,0.0,0.0,0.0,0.0,1.0,0.0,0.0,0.0,0.0,0.0,0.0,0.333333
KGA,0,1,0.666667,0.0,0.0,0.0,0.0,0.0,1.0,0.0,0.0,0.0,0.666667,0.0,0.0,0.0,0.0,0.333333,0.0,0.0,0.0,0.0,0.0,0.0,1.0,0.0,0.0,0.0,0.0,0.0,0.0,0.0
DAQ,0,2,0.333333,0.0,0.0,0.0,0.0,0.0,1.0,0.0,0.0,0.0,0.333333,0.333333,0.0,0.0,0.0,0.333333,0.0,0.666667,0.0,0.0,0.0,0.0,1.0,0.0,0.0,0.0,0.333333,0.0,0.0,0.0
LACQE,0,3,0.4,0.2,0.0,0.0,0.0,0.0,1.0,0.0,0.0,0.0,0.2,0.4,0.0,0.0,0.0,0.6,0.0,0.4,0.0,0.0,0.0,0.0,0.8,0.0,0.0,0.0,0.2,0.0,0.0,0.4
IIKLYIST,0,4,0.5,0.125,0.0,0.0,0.0,0.0,1.0,0.0,0.0,0.0,0.375,0.25,0.0,0.0,0.0,0.5,0.0,0.375,0.0,0.0,0.0,0.0,1.0,0.0,0.0,0.375,0.0,0.0,0.0,0.5
LEG,0,0,0.666667,0.333333,0.0,0.0,0.0,0.0,1.0,0.0,0.0,0.0,0.333333,0.0,0.0,0.0,0.0,0.333333,0.0,0.333333,0.0,0.0,0.0,0.0,1.0,0.0,0.0,0.0,0.0,0.0,0.0,0.333333
KNRATLSPDDQLLFLNP,0,1,0.411765,0.235294,0.0,0.0,0.0,0.117647,1.0,0.0,0.0,0.0,0.294118,0.294118,0.0,0.0,0.0,0.352941,0.0,0.411765,0.0,0.0,0.0,0.0,1.0,0.090909,0.0,0.0,0.058824,0.0625,0.0,0.294118
LQD,0,2,0.333333,0.333333,0.0,0.0,0.0,0.0,1.0,0.0,0.0,0.0,0.0,0.333333,0.0,0.0,0.0,0.333333,0.0,0.666667,0.0,0.0,0.0,0.0,0.666667,0.0,0.0,0.0,0.333333,0.0,0.0,0.333333
VYV,0,3,0.666667,0.0,0.0,0.0,0.0,0.0,1.0,0.0,0.0,0.0,0.333333,0.0,0.0,0.0,0.0,0.666667,0.0,0.333333,0.0,0.0,0.0,0.0,1.0,0.0,0.0,0.0,0.0,0.0,0.0,0.666667
AC,0,4,0.5,0.0,0.0,0.0,0.0,0.0,1.0,0.0,0.0,0.0,0.5,0.5,0.0,0.0,0.0,1.0,0.0,0.0,0.0,0.0,0.0,0.0,1.0,0.0,0.0,0.0,0.0,0.0,0.0,0.5
VRSDF,0,0,0.2,0.0,0.0,0.0,0.25,0.0,0.8,0.0,0.0,0.0,0.2,0.2,0.0,0.0,0.0,0.4,0.0,0.4,0.0,0.0,0.0,0.0,1.0,0.0,0.0,0.0,0.0,0.0,0.0,0.4
PEKNTY,0,1,0.166667,0.0,0.0,0.0,0.0,0.166667,0.833333,0.0,0.0,0.0,0.5,0.333333,0.0,0.0,0.0,0.0,0.0,0.666667,0.0,0.0,0.0,0.0,1.0,0.0,0.0,0.0,0.0,0.2,0.0,0.0
SVLGD,0,2,0.6,0.2,0.0,0.0,0.0,0.0,1.0,0.0,0.0,0.0,0.4,0.2,0.0,0.0,0.0,0.4,0.0,0.4,0.0,0.0,0.0,0.0,0.8,0.0,0.0,0.0,0.0,0.0,0.0,0.4
ESARGDQF,0,3,0.25,0.0,0.0,0.0,0.0,0.0,0.875,0.0,0.0,0.0,0.375,0.25,0.0,0.0,0.0,0.25,0.0,0.5,0.0,0.0,0.0,0.0,1.0,0.0,0.0,0.0,0.125,0.0,0.0,0.125
SRQDRGLE,0,4,0.25,0.125,0.0,0.0,0.0,0.0,1.0,0.0,0.0,0.0,0.25,0.25,0.0,0.0,0.0,0.125,0.0,0.5,0.0,0.0,0.0,0.0,0.875,0.0,0.0,0.0,0.125,0.0,0.0,0.125
AIALAAAKL,0,0,0.888889,0.222222,0.0,0.0,0.0,0.0,1.0,0.0,0.0,0.0,0.555556,0.0,0.0,0.0,0.0,0.888889,0.0,0.0,0.0,0.0,0.0,0.0,1.0,0.333333,0.0,0.111111,0.0,0.0,0.0,0.333333
TCG,0,1,0.333333,0.0,0.0,0.0,0.0,0.0,1.0,0.0,0.0,0.0,0.666667,0.666667,0.0,0.0,0.0,0.333333,0.0,0.333333,0.0,0.0,0.0,0.0,1.0,0.0,0.0,0.0,0.0,0.0,0.0,0.333333
MEKI,0,2,0.25,0.0,0.0,0.0,0.0,0.0,1.0,0.0,0.0,0.0,0.0,0.0,0.0,0.0,0.0,0.5,0.25,0.25,0.0,0.0,0.0,0.0,1.0,0.0,0.0,0.25,0.0,0.0,0.0,0.5
IM,0,3,0.5,0.0,0.0,0.0,0.0,0.0,1.0,0.0,0.0,0.0,0.0,0.0,0.0,0.0,0.0,1.0,0.5,0.0,0.0,0.0,0.0,0.0,1.0,0.0,0.0,0.5,0.0,0.0,0.0,1.0
AFA,0,4,0.666667,0.0,0.0,0.0,0.0,0.0,1.0,0.0,0.0,0.0,0.666667,0.0,0.0,0.0,0.0,1.0,0.0,0.0,0.0,0.0,0.0,0.0,1.0,0.0,0.0,0.0,0.0,0.0,0.0,0.333333
CGA,0,0,0.666667,0.0,0.0,0.0,0.0,0.0,1.0,0.0,0.0,0.0,0.666667,0.333333,0.0,0.0,0.0,0.666667,0.0,0.0,0.0,0.0,0.0,0.0,1.0,0.0,0.0,0.0,0.0,0.0,0.0,0.333333
KAL,0,1,0.666667,0.333333,0.0,0.0,0.0,0.0,1.0,0.0,0.0,0.0,0.333333,0.0,0.0,0.0,0.0,0.666667,0.0,0.0,0.0,0.0,0.0,0.0,1.0,0.0,0.0,0.0,0.0,0.0,0.0,0.333333
DPAQPNYPWTAVLVFRH,0,2,0.470588,0.058824,0.0,0.0,0.0,0.176471,0.941176,0.0,0.0625,0.0,0.470588,0.176471,0.0,0.0,0.0,0.352941,0.0,0.294118,0.0,0.0,0.0,0.0,0.882353,0.090909,0.0,0.0,0.058824,0.0,0.0,0.294118
YSL,0,3,0.333333,0.333333,0.0,0.0,0.0,0.0,1.0,0.0,0.0,0.0,0.666667,0.333333,0.0,0.0,0.0,0.333333,0.0,0.666667,0.0,0.0,0.0,0.0,1.0,0.0,0.0,0.0,0.0,0.0,0.0,0.333333
FQTLF,0,4,0.2,0.2,0.0,0.0,0.0,0.0,0.8,0.0,0.0,0.0,0.2,0.4,0.0,0.0,0.0,0.6,0.0,0.4,0.0,0.0,0.0,0.0,1.0,0.0,0.0,0.0,0.2,0.0,0.0,0.6
WTDVAKDASSL,0,0,0.363636,0.090909,0.0,0.0,0.0,0.0,1.0,0.0,0.0,0.0,0.454545,0.272727,0.0,0.0,0.0,0.363636,0.0,0.454545,0.0,0.0,0.0,0.0,1.0,0.0,0.0,0.0,0.0,0.0,0.0,0.272727
QDIATAPEDKLGAASVSKHIALLRI,0,1,0.56,0.12,0.0,0.0,0.0,0.04,1.0,0.0,0.0,0.0,0.44,0.16,0.0,0.0,0.0,0.48,0.0,0.28,0.0,0.0,0.0,0.0,1.0,0.0,0.0,0.12,0.04,0.0,0.0,0.28
IQVPL,0,2,0.8,0.2,0.0,0.0,0.0,0.2,1.0,0.0,0.0,0.0,0.2,0.2,0.0,0.0,0.0,0.6,0.0,0.2,0.0,0.0,0.0,0.0,1.0,0.0,0.0,0.2,0.2,0.0,0.0,0.6
TWY,0,3,0.0,0.0,0.0,0.0,0.0,0.0,0.333333,0.0,0.0,0.0,0.666667,0.333333,0.0,0.0,0.0,0.0,0.0,0.666667,0.0,0.0,0.0,0.0,1.0,0.0,0.0,0.0,0.0,0.0,0.0,0.333333
YRYTK,0,4,0.0,0.0,0.0,0.0,0.0,0.0,1.0,0.0,0.0,0.0,0.6,0.2,0.0,0.0,0.0,0.0,0.0,0.6,0.0,0.0,0.0,0.0,0.8,0.0,0.0,0.0,0.0,0.0,0.0,0.0
RETSSFLD,0,0,0.125,0.125,0.0,0.0,0.0,0.0,1.0,0.0,0.0,0.0,0.375,0.375,0.0,0.0,0.0,0.25,0.0,0.625,0.0,0.0,0.0,0.0,0.875,0.0,0.0,0.0,0.0,0.0,0.0,0.25
ARTQ,0,1,0.25,0.0,0.0,0.0,0.0,0.0,1.0,0.0,0.0,0.0,0.5,0.5,0.0,0.0,0.0,0.25,0.0,0.5,0.0,0.0,0.0,0.0,1.0,0.0,0.0,0.0,0.25,0.0,0.0,0.0
LGGTQSGSDT,0,2,0.4,0.1,0.0,0.0,0.0,0.0,1.0,0.0,0.0,0.0,0.7,0.5,0.0,0.0,0.0,0.1,0.0,0.6,0.0,0.0,0.0,0.0,1.0,0.25,0.0,0.0,0.1,0.0,0.0,0.1
GTLIGSKDVVF,0,3,0.545455,0.090909,0.0,0.0,0.0,0.0,0.909091,0.0,0.0,0.0,0.363636,0.181818,0.0,0.0,0.0,0.454545,0.0,0.272727,0.0,0.0,0.0,0.0,1.0,0.0,0.0,0.090909,0.0,0.0,0.0,0.454545
FESFFL,0,4,0.166667,0.166667,0.0,0.0,0.0,0.0,1.0,0.0,0.0,0.0,0.166667,0.166667,0.0,0.0,0.0,0.666667,0.0,0.333333,0.0,0.0,0.0,0.0,1.0,0.0,0.0,0.0,0.0,0.0,0.0,0.666667
KAG,0,0,0.666667,0.0,0.0,0.0,0.0,0.0,1.0,0.0,0.0,0.0,0.666667,0.0,0.0,0.0,0.0,0.333333,0.0,0.0,0.0,0.0,0.0,0.0,1.0,0.0,0.0,0.0,0.0,0.0,0.0,0.0
PDLVF,0,1,0.6,0.2,0.0,0.0,0.0,0.2,0.8,0.0,0.0,0.0,0.2,0.0,0.0,0.0,0.0,0.6,0.0,0.2,0.0,0.0,0.0,0.0,1.0,0.0,0.0,0.0,0.0,0.0,0.0,0.6
RSADERENPT,0,2,0.2,0.0,0.0,0.0,0.111111,0.1,1.0,0.0,0.0,0.0,0.4,0.3,0.0,0.0,0.0,0.1,0.0,0.6,0.0,0.0,0.0,0.0,1.0,0.0,0.0,0.0,0.0,0.0,0.0,0.0
LNPREA,0,3,0.5,0.166667,0.0,0.0,0.0,0.166667,1.0,0.0,0.0,0.0,0.333333,0.166667,0.0,0.0,0.0,0.333333,0.0,0.333333,0.0,0.0,0.0,0.0,1.0,0.0,0.0,0.0,0.0,0.0,0.0,0.166667
PAV,0,4,1.0,0.0,0.0,0.0,0.0,0.333333,1.0,0.0,0.0,0.0,0.666667,0.0,0.0,0.0,0.0,0.666667,0.0,0.0,0.0,0.0,0.0,0.0,1.0,0.0,0.0,0.0,0.0,0.0,0.0,0.333333
TFNKPFLSY,0,0,0.222222,0.111111,0.0,0.0,0.0,0.111111,0.888889,0.0,0.0,0.0,0.444444,0.333333,0.0,0.0,0.0,0.333333,0.0,0.444444,0.125,0.0,0.0,0.0,1.0,0.0,0.0,0.0,0.0,0.0,0.0,0.333333
WNLNAN,0,1,0.333333,0.166667,0.0,0.0,0.0,0.0,1.0,0.0,0.0,0.0,0.166667,0.5,0.0,0.0,0.0,0.333333,0.0,0.5,0.0,0.0,0.0,0.0,1.0,0.0,0.0,0.0,0.0,0.0,0.0,0.333333
MAA,0,2,0.666667,0.0,0.0,0.0,0.0,0.0,1.0,0.0,0.0,0.0,0.666667,0.0,0.0,0.0,0.0,1.0,0.333333,0.0,0.0,0.0,0.0,0.0,1.0,0.0,0.0,0.0,0.0,0.0,0.0,0.333333
QNVF,0,3,0.25,0.0,0.0,0.0,0.0,0.0,0.75,0.0,0.0,0.0,0.0,0.5,0.0,0.0,0.0,0.5,0.0,0.5,0.0,0.0,0.0,0.0,1.0,0.0,0.0,0.0,0.25,0.0,0.0,0.5
VD,0,4,0.5,0.0,0.0,0.0,0.0,0.0,1.0,0.0,0.0,0.0,0.0,0.0,0.0,0.0,0.0,0.5,0.0,0.5,0.0,0.0,0.0,0.0,0.5,0.0,0.0,0.0,0.0,0.0,0.0,0.5
SIH,0,0,0.333333,0.0,0.0,0.0,0.0,0.0,0.666667,0.0,0.0,0.0,0.666667,0.333333,0.0,0.0,0.0,0.333333,0.0,0.333333,0.0,0.0,0.0,0.0,0.666667,0.0,0.0,0.333333,0.0,0.0,0.0,0.333333
QSLIT,0,1,0.4,0.2,0.0,0.0,0.0,0.0,1.0,0.0,0.0,0.0,0.4,0.6,0.0,0.0,0.0,0.4,0.0,0.6,0.0,0.0,0.0,0.0,1.0,0.0,0.0,0.2,0.2,0.0,0.0,0.4
SLDI,0,2,0.5,0.25,0.0,0.0,0.0,0.0,1.0,0.0,0.0,0.0,0.25,0.25,0.0,0.0,0.0,0.5,0.0,0.5,0.0,0.0,0.0,0.0,1.0,0.0,0.0,0.25,0.0,0.0,0.0,0.5
DRMVKGL,0,3,0.428571,0.142857,0.0,0.0,0.0,0.0,1.0,0.0,0.0,0.0,0.142857,0.0,0.0,0.0,0.0,0.428571,0.142857,0.142857,0.0,0.0,0.0,0.0,1.0,0.0,0.0,0.0,0.0,0.0,0.0,0.428571
LCSLGGAK,0,4,0.625,0.25,0.0,0.0,0.0,0.0,1.0,0.0,0.0,0.0,0.5,0.25,0.0,0.0,0.0,0.5,0.0,0.125,0.0,0.0,0.0,0.0,0.875,0.0,0.0,0.0,0.0,0.0,0.0,0.375
ALHLIA,0,0,0.833333,0.333333,0.0,0.2,0.0,0.0,1.0,0.0,0.0,0.0,0.5,0.0,0.0,0.0,0.0,0.833333,0.0,0.0,0.0,0.0,0.0,0.0,1.0,0.0,0.0,0.166667,0.0,0.0,0.0,0.5
EDVQ,0,1,0.25,0.0,0.0,0.0,0.0,0.0,1.0,0.0,0.0,0.0,0.0,0.25,0.0,0.0,0.0,0.25,0.0,0.75,0.0,0.0,0.0,0.0,1.0,0.0,0.0,0.0,0.25,0.0,0.0,0.25
ASEED,0,2,0.2,0.0,0.0,0.0,0.0,0.0,1.0,0.0,0.0,0.0,0.4,0.2,0.0,0.0,0.0,0.2,0.0,0.8,0.0,0.0,0.0,0.0,0.4,0.0,0.0,0.0,0.0,0.0,0.0,0.0
ETL,0,3,0.333333,0.333333,0.0,0.0,0.0,0.0,1.0,0.0,0.0,0.0,0.333333,0.333333,0.0,0.0,0.0,0.333333,0.0,0.666667,0.0,0.0,0.0,0.0,1.0,0.0,0.0,0.0,0.0,0.0,0.0,0.333333
KAAI,0,4,0.75,0.0,0.0,0.0,0.0,0.0,1.0,0.0,0.0,0.0,0.5,0.0,0.0,0.0,0.0,0.75,0.0,0.0,0.0,0.0,0.0,0.0,1.0,0.0,0.0,0.25,0.0,0.0,0.0,0.25
PGA,0,0,1.0,0.0,0.0,0.0,0.0,0.333333,1.0,0.0,0.0,0.0,1.0,0.0,0.0,0.0,0.0,0.333333,0.0,0.0,0.0,0.0,0.0,0.0,1.0,0.0,0.0,0.0,0.0,0.0,0.0,0.0
AVRGLL,0,1,0.833333,0.333333,0.0,0.0,0.0,0.0,1.0,0.0,0.0,0.0,0.333333,0.0,0.0,0.0,0.0,0.666667,0.0,0.0,0.0,0.0,0.0,0.0,1.0,0.0,0.0,0.0,0.0,0.0,0.0,0.5
RKQPVNTASFQPLKAGKC,0,2,0.388889,0.055556,0.0,0.0,0.0,0.111111,1.0,0.0,0.0,0.0,0.388889,0.333333,0.0,0.0,0.0,0.333333,0.0,0.277778,0.0,0.0,0.0,0.0,1.0,0.0,0.0,0.0,0.111111,0.0,0.0,0.222222
GGGRW,0,3,0.6,0.0,0.0,0.0,0.0,0.0,0.8,0.0,0.0,0.0,0.6,0.0,0.0,0.0,0.0,0.0,0.0,0.0,0.0,0.333333,0.0,0.0,1.0,0.0,0.0,0.0,0.0,0.0,0.0,0.2
GRMCRQY,0,4,0.142857,0.0,0.0,0.0,0.0,0.0,0.857143,0.0,0.0,0.0,0.285714,0.285714,0.0,0.0,0.0,0.285714,0.142857,0.285714,0.0,0.0,0.0,0.0,1.0,0.0,0.0,0.0,0.142857,0.0,0.0,0.285714
LAGVWHD,0,0,0.571429,0.142857,0.0,0.0,0.0,0.0,1.0,0.0,0.0,0.0,0.428571,0.0,0.0,0.0,0.0,0.428571,0.0,0.142857,0.0,0.0,0.0,0.0,0.714286,0.0,0.0,0.0,0.0,0.0,0.0,0.428571
LVLTLPPRFG,0,1,0.7,0.3,0.0,0.0,0.0,0.2,1.0,0.0,0.0,0.0,0.4,0.1,0.0,0.0,0.0,0.5,0.0,0.1,0.0,0.0,0.0,0.0,1.0,0.0,0.0,0.0,0.0,0.0,0.0,0.5
GES,0,2,0.333333,0.0,0.0,0.0,0.0,0.0,1.0,0.0,0.0,0.0,0.666667,0.333333,0.0,0.0,0.0,0.0,0.0,0.666667,0.0,0.0,0.0,0.0,1.0,0.0,0.0,0.0,0.0,0.0,0.0,0.0
KVE,0,3,0.333333,0.0,0.0,0.0,0.0,0.0,1.0,0.0,0.0,0.0,0.0,0.0,0.0,0.0,0.0,0.333333,0.0,0.333333,0.0,0.0,0.0,0.0,0.666667,0.0,0.0,0.0,0.0,0.0,0.0,0.333333
CVIV,0,4,0.75,0.0,0.0,0.0,0.0,0.0,1.0,0.0,0.0,0.0,0.0,0.25,0.0,0.0,0.0,1.0,0.0,0.0,0.0,0.0,0.0,0.0,1.0,0.0,0.0,0.25,0.0,0.0,0.0,1.0
NTVEKIEIRKNIPFDGAK,0,0,0.388889,0.0,0.0,0.0,0.0,0.055556,1.0,0.0,0.0,0.0,0.222222,0.166667,0.0,0.0,0.0,0.333333,0.0,0.333333,0.058824,0.0,0.0,0.0,0.944444,0.083333,0.0,0.166667,0.0,0.058824,0.0,0.277778
RVLE,0,1,0.5,0.25,0.0,0.0,0.0,0.0,1.0,0.0,0.0,0.0,0.0,0.0,0.0,0.0,0.0,0.5,0.0,0.25,0.0,0.0,0.0,0.0,0.75,0.0,0.0,0.0,0.0,0.0,0.0,0.5
IAE,0,2,0.666667,0.0,0.0,0.0,0.0,0.0,1.0,0.0,0.0,0.0,0.333333,0.0,0.0,0.0,0.0,0.666667,0.0,0.333333,0.0,0.0,0.0,0.0,0.666667,0.0,0.0,0.333333,0.0,0.0,0.0,0.333333
LLD,0,3,0.666667,0.666667,0.0,0.0,0.0,0.0,1.0,0.0,0.0,0.0,0.0,0.0,0.0,0.0,0.0,0.666667,0.0,0.333333,0.0,0.0,0.0,0.0,0.666667,0.0,0.0,0.0,0.0,0.0,0.0,0.666667
RHII,0,4,0.5,0.0,0.0,0.0,0.0,0.0,1.0,0.0,0.333333,0.0,0.25,0.0,0.0,0.0,0.0,0.5,0.0,0.0,0.0,0.0,0.0,0.0,1.0,0.0,0.0,0.5,0.0,0.0,0.0,0.5
TNQ,0,0,0.0,0.0,0.0,0.0,0.0,0.0,1.0,0.0,0.0,0.0,0.333333,1.0,0.0,0.0,0.0,0.0,0.0,1.0,0.0,0.0,0.0,0.0,1.0,0.0,0.0,0.0,0.333333,0.0,0.0,0.0
TMFPSA,0,1,0.333333,0.0,0.0,0.0,0.0,0.166667,1.0,0.0,0.0,0.0,0.666667,0.333333,0.0,0.0,0.0,0.5,0.166667,0.333333,0.0,0.0,0.0,0.0,1.0,0.0,0.0,0.0,0.0,0.0,0.2,0.333333
PTQ,0,2,0.333333,0.0,0.0,0.0,0.0,0.333333,1.0,0.0,0.0,0.0,0.666667,0.666667,0.0,0.0,0.0,0.0,0.0,0.666667,0.0,0.0,0.0,0.0,1.0,0.0,0.0,0.0,0.333333,0.0,0.0,0.0
KIP,0,3,0.666667,0.0,0.0,0.0,0.0,0.333333,1.0,0.0,0.0,0.0,0.333333,0.0,0.0,0.0,0.0,0.333333,0.0,0.0,0.0,0.0,0.0,0.0,1.0,0.0,0.0,0.333333,0.0,0.0,0.0,0.333333
AKNLK,0,4,0.4,0.2,0.0,0.0,0.0,0.0,1.0,0.0,0.0,0.0,0.2,0.2,0.0,0.0,0.0,0.4,0.0,0.2,0.0,0.0,0.0,0.0,0.8,0.0,0.0,0.0,0.0,0.25,0.0,0.2
GDRFQDQHQ,0,0,0.111111,0.0,0.0,0.0,0.0,0.0,1.0,0.0,0.0,0.0,0.222222,0.333333,0.0,0.0,0.0,0.111111,0.0,0.555556,0.0,0.142857,0.0,0.0,1.0,0.0,0.0,0.0,0.333333,0.0,0.0,0.111111
DGYFD,0,1,0.2,0.0,0.0,0.0,0.0,0.0,1.0,0.0,0.0,0.0,0.4,0.0,0.0,0.0,0.0,0.2,0.0,0.6,0.0,0.0,0.0,0.0,0.8,0.0,0.0,0.0,0.0,0.0,0.0,0.2
YGIKVGYAIP,0,2,0.7,0.0,0.0,0.0,0.0,0.1,1.0,0.0,0.0,0.0,0.6,0.0,0.0,0.0,0.0,0.4,0.0,0.2,0.0,0.0,0.166667,0.0,1.0,0.5,0.0,0.2,0.0,0.0,0.0,0.3
VMTSFSCDC,0,3,0.111111,0.0,0.0,0.0,0.0,0.0,1.0,0.0,0.0,0.0,0.333333,0.555556,0.0,0.0,0.0,0.555556,0.111111,0.444444,0.0,0.0,0.0,0.0,1.0,0.0,0.0,0.0,0.0,0.0,0.0,0.555556
FHR,0,4,0.0,0.0,0.0,0.0,0.0,0.0,1.0,0.0,0.0,0.0,0.333333,0.0,0.0,0.0,0.0,0.333333,0.0,0.0,0.0,0.0,0.0,0.0,0.333333,0.0,0.0,0.0,0.0,0.0,0.0,0.333333
SLDFPALW,0,0,0.5,0.25,0.142857,0.0,0.0,0.125,0.875,0.0,0.0,0.0,0.375,0.125,0.0,0.0,0.0,0.5,0.0,0.25,0.0,0.0,0.0,0.0,1.0,0.0,0.0,0.0,0.0,0.0,0.0,0.5
FDK,0,1,0.0,0.0,0.0,0.0,0.0,0.0,1.0,0.0,0.0,0.0,0.0,0.0,0.0,0.0,0.0,0.333333,0.0,0.333333,0.0,0.0,0.0,0.0,0.333333,0.0,0.0,0.0,0.0,0.0,0.0,0.333333
SAE,0,2,0.333333,0.0,0.0,0.0,0.0,0.0,1.0,0.0,0.0,0.0,0.666667,0.333333,0.0,0.0,0.0,0.333333,0.0,0.666667,0.0,0.0,0.0,0.0,0.666667,0.0,0.0,0.0,0.0,0.0,0.0,0.0
LGFL,0,3,0.75,0.5,0.0,0.0,0.0,0.0,1.0,0.0,0.0,0.0,0.25,0.0,0.0,0.0,0.0,0.75,0.0,0.0,0.0,0.0,0.0,0.0,1.0,0.0,0.0,0.0,0.0,0.0,0.0,0.75
VKLSVSELVV,0,4,0.6,0.2,0.0,0.0,0.0,0.0,1.0,0.0,0.0,0.0,0.2,0.2,0.0,0.0,0.0,0.6,0.0,0.3,0.0,0.0,0.0,0.0,1.0,0.0,0.0,0.0,0.0,0.0,0.0,0.6
FDPVQI,0,0,0.5,0.0,0.0,0.0,0.0,0.166667,1.0,0.0,0.0,0.0,0.166667,0.166667,0.0,0.0,0.0,0.5,0.0,0.333333,0.0,0.0,0.0,0.0,1.0,0.0,0.0,0.166667,0.166667,0.0,0.0,0.5
QQNMLA,0,1,0.333333,0.166667,0.0,0.0,0.0,0.0,1.0,0.0,0.0,0.0,0.166667,0.5,0.0,0.0,0.0,0.5,0.166667,0.5,0.0,0.0,0.0,0.0,1.0,0.0,0.0,0.0,0.333333,0.0,0.0,0.333333
LKQT,0,2,0.25,0.25,0.0,0.0,0.0,0.0,1.0,0.0,0.0,0.0,0.25,0.5,0.0,0.0,0.0,0.25,0.0,0.5,0.0,0.0,0.0,0.0,1.0,0.0,0.0,0.0,0.25,0.0,0.0,0.25
KDERMSRT,0,3,0.0,0.0,0.0,0.0,0.0,0.0,1.0,0.0,0.0,0.0,0.25,0.25,0.0,0.0,0.0,0.125,0.125,0.5,0.0,0.0,0.0,0.0,1.0,0.0,0.0,0.0,0.0,0.0,0.0,0.125
VPYRIAP,0,4,0.714286,0.0,0.0,0.0,0.0,0.285714,1.0,0.0,0.0,0.0,0.571429,0.0,0.0,0.0,0.0,0.428571,0.0,0.142857,0.0,0.0,0.0,0.0,1.0,0.0,0.0,0.142857,0.0,0.0,0.0,0.285714
SSL,0,0,0.333333,0.333333,0.0,0.0,0.0,0.0,1.0,0.0,0.0,0.0,0.666667,0.666667,0.0,0.0,0.0,0.333333,0.0,0.666667,0.0,0.0,0.0,0.0,1.0,0.0,0.0,0.0,0.0,0.0,0.0,0.333333
EGK,0,1,0.333333,0.0,0.0,0.0,0.0,0.0,1.0,0.0,0.0,0.0,0.333333,0.0,0.0,0.0,0.0,0.0,0.0,0.333333,0.0,0.0,0.0,0.0,0.666667,0.0,0.0,0.0,0.0,0.0,0.0,0.0
LDT,0,2,0.333333,0.333333,0.0,0.0,0.0,0.0,1.0,0.0,0.0,0.0,0.333333,0.333333,0.0,0.0,0.0,0.333333,0.0,0.666667,0.0,0.0,0.0,0.0,1.0,0.0,0.0,0.0,0.0,0.0,0.0,0.333333
MKC,0,3,0.0,0.0,0.0,0.0,0.0,0.0,1.0,0.0,0.0,0.0,0.0,0.333333,0.0,0.0,0.0,0.666667,0.333333,0.0,0.0,0.0,0.0,0.0,1.0,0.0,0.0,0.0,0.0,0.0,0.0,0.666667
EGQSEMGKNS,0,4,0.2,0.0,0.0,0.0,0.0,0.0,1.0,0.0,0.0,0.0,0.4,0.4,0.0,0.0,0.0,0.1,0.1,0.6,0.0,0.0,0.0,0.0,1.0,0.25,0.0,0.0,0.1,0.111111,0.0,0.1
GDLP,0,0,0.75,0.25,0.0,0.0,0.0,0.25,1.0,0.0,0.0,0.0,0.5,0.0,0.0,0.0,0.0,0.25,0.0,0.25,0.0,0.0,0.0,0.0,1.0,0.0,0.0,0.0,0.0,0.0,0.0,0.25
PWK,0,1,0.333333,0.0,0.0,0.0,0.0,0.333333,1.0,0.0,0.0,0.0,0.333333,0.0,0.0,0.0,0.0,0.0,0.0,0.0,0.0,0.0,0.0,0.0,0.666667,0.0,0.0,0.0,0.0,0.0,0.0,0.333333
CTWHYVP,0,2,0.285714,0.0,0.0,0.0,0.0,0.142857,1.0,0.0,0.0,0.0,0.571429,0.285714,0.0,0.0,0.0,0.285714,0.0,0.285714,0.0,0.0,0.0,0.0,1.0,0.0,0.0,0.0,0.0,0.0,0.0,0.428571
FSL,0,3,0.333333,0.333333,0.0,0.0,0.0,0.0,1.0,0.0,0.0,0.0,0.333333,0.333333,0.0,0.0,0.0,0.666667,0.0,0.333333,0.0,0.0,0.0,0.0,1.0,0.0,0.0,0.0,0.0,0.0,0.0,0.666667
VI,0,4,1.0,0.0,0.0,0.0,0.0,0.0,1.0,0.0,0.0,0.0,0.0,0.0,0.0,0.0,0.0,1.0,0.0,0.0,0.0,0.0,0.0,0.0,1.0,0.0,0.0,0.5,0.0,0.0,0.0,1.0
INATALAVP,0,0,0.777778,0.111111,0.0,0.0,0.0,0.111111,1.0,0.0,0.0,0.0,0.555556,0.222222,0.0,0.0,0.0,0.666667,0.0,0.222222,0.0,0.0,0.0,0.0,1.0,0.0,0.0,0.111111,0.0,0.0,0.0,0.333333
RPLRSYA,0,1,0.428571,0.142857,0.0,0.0,0.166667,0.142857,1.0,0.0,0.0,0.0,0.571429,0.142857,0.0,0.0,0.0,0.285714,0.0,0.285714,0.0,0.0,0.0,0.0,1.0,0.0,0.0,0.0,0.0,0.0,0.0,0.142857
KKI,0,2,0.333333,0.0,0.0,0.0,0.0,0.0,1.0,0.0,0.0,0.0,0.0,0.0,0.0,0.0,0.0,0.333333,0.0,0.0,0.0,0.0,0.0,0.0,1.0,0.0,0.0,0.333333,0.0,0.0,0.0,0.333333
GAL,0,3,1.0,0.333333,0.0,0.0,0.0,0.0,1.0,0.0,0.0,0.0,0.666667,0.0,0.0,0.0,0.0,0.666667,0.0,0.0,0.0,0.0,0.0,0.0,1.0,0.0,0.0,0.0,0.0,0.0,0.0,0.333333
LDFRSAAMAL,0,4,0.5,0.2,0.0,0.0,0.111111,0.0,1.0,0.0,0.0,0.0,0.4,0.1,0.0,0.0,0.0,0.7,0.1,0.2,0.0,0.0,0.0,0.0,1.0,0.0,0.0,0.0,0.0,0.0,0.0,0.4
RWM,0,0,0.0,0.0,0.0,0.0,0.0,0.0,1.0,0.0,0.0,0.0,0.0,0.0,0.0,0.0,0.0,0.333333,0.333333,0.0,0.0,0.0,0.0,0.0,1.0,0.0,0.0,0.0,0.0,0.0,0.0,0.666667
DDGKNWGG,0,1,0.375,0.0,0.0,0.0,0.0,0.0,1.0,0.0,0.0,0.0,0.375,0.125,0.0,0.0,0.0,0.0,0.0,0.375,0.0,0.0,0.0,0.0,1.0,0.0,0.0,0.0,0.0,0.142857,0.0,0.125
VEE,0,2,0.333333,0.0,0.0,0.0,0.0,0.0,1.0,0.0,0.0,0.0,0.0,0.0,0.0,0.0,0.0,0.333333,0.0,0.666667,0.0,0.0,0.0,0.0,0.333333,0.0,0.0,0.0,0.0,0.0,0.0,0.333333
KWE,0,3,0.0,0.0,0.0,0.0,0.0,0.0,1.0,0.0,0.0,0.0,0.0,0.0,0.0,0.0,0.0,0.0,0.0,0.333333,0.0,0.0,0.0,0.0,0.666667,0.0,0.0,0.0,0.0,0.0,0.0,0.333333
SA,0,4,0.5,0.0,0.0,0.0,0.0,0.0,1.0,0.0,0.0,0.0,1.0,0.5,0.0,0.0,0.0,0.5,0.0,0.5,0.0,0.0,0.0,0.0,1.0,0.0,0.0,0.0,0.0,0.0,0.0,0.0
ELIEFQFLAE,0,0,0.4,0.2,0.0,0.0,0.0,0.0,1.0,0.0,0.0,0.0,0.1,0.1,0.0,0.0,0.0,0.6,0.0,0.4,0.0,0.0,0.0,0.0,0.9,0.5,0.0,0.1,0.1,0.0,0.0,0.5
EVD,0,1,0.333333,0.0,0.0,0.0,0.0,0.0,1.0,0.0,0.0,0.0,0.0,0.0,0.0,0.0,0.0,0.333333,0.0,0.666667,0.0,0.0,0.0,0.0,0.666667,0.0,0.0,0.0,0.0,0.0,0.0,0.333333
LN,0,2,0.5,0.5,0.0,0.0,0.0,0.0,1.0,0.0,0.0,0.0,0.0,0.5,0.0,0.0,0.0,0.5,0.0,0.5,0.0,0.0,0.0,0.0,1.0,0.0,0.0,0.0,0.0,0.0,0.0,0.5
FE,0,3,0.0,0.0,0.0,0.0,0.0,0.0,1.0,0.0,0.0,0.0,0.0,0.0,0.0,0.0,0.0,0.5,0.0,0.5,0.0,0.0,0.0,0.0,0.5,0.0,0.0,0.0,0.0,0.0,0.0,0.5
KLHHG,0,4,0.4,0.2,0.0,0.25,0.0,0.0,1.0,0.0,0.0,0.0,0.6,0.0,0.0,0.0,0.0,0.2,0.0,0.0,0.0,0.0,0.0,0.0,1.0,0.0,0.0,0.0,0.0,0.0,0.0,0.2
CI,0,0,0.5,0.0,0.0,0.0,0.0,0.0,1.0,0.0,0.0,0.0,0.0,0.5,0.0,0.0,0.0,1.0,0.0,0.0,0.0,0.0,0.0,0.0,1.0,0.0,0.0,0.5,0.0,0.0,0.0,1.0
FAS,0,1,0.333333,0.0,0.0,0.0,0.0,0.0,1.0,0.0,0.0,0.0,0.666667,0.333333,0.0,0.0,0.0,0.666667,0.0,0.333333,0.0,0.0,0.0,0.0,1.0,0.0,0.0,0.0,0.0,0.0,0.0,0.333333
FHRAVQECTV,0,2,0.3,0.0,0.0,0.0,0.0,0.0,1.0,0.0,0.0,0.0,0.3,0.3,0.0,0.0,0.0,0.5,0.0,0.3,0.0,0.0,0.0,0.0,1.0,0.0,0.0,0.0,0.1,0.0,0.0,0.4
GAFRLWD,0,3,0.428571,0.142857,0.166667,0.0,0.0,0.0,1.0,0.0,0.0,0.0,0.285714,0.0,0.0,0.0,0.0,0.428571,0.0,0.142857,0.0,0.0,0.0,0.0,0.857143,0.0,0.0,0.0,0.0,0.0,0.0,0.428571
MKRRPA,0,4,0.333333,0.0,0.0,0.0,0.0,0.166667,1.0,0.0,0.0,0.0,0.333333,0.0,0.0,0.0,0.0,0.333333,0.166667,0.0,0.0,0.0,0.0,0.0,1.0,0.0,0.0,0.0,0.0,0.0,0.0,0.166667
GFSF,0,0,0.25,0.0,0.0,0.0,0.0,0.0,0.75,0.0,0.0,0.0,0.5,0.25,0.0,0.0,0.0,0.5,0.0,0.25,0.0,0.0,0.0,0.0,1.0,0.0,0.0,0.0,0.0,0.0,0.0,0.5
DPIG,0,1,0.75,0.0,0.0,0.0,0.0,0.25,1.0,0.0,0.0,0.0,0.5,0.0,0.0,0.0,0.0,0.25,0.0,0.25,0.0,0.0,0.0,0.0,1.0,0.0,0.0,0.25,0.0,0.0,0.0,0.25
PLD,0,2,0.666667,0.333333,0.0,0.0,0.0,0.333333,1.0,0.0,0.0,0.0,0.333333,0.0,0.0,0.0,0.0,0.333333,0.0,0.333333,0.0,0.0,0.0,0.0,0.666667,0.0,0.0,0.0,0.0,0.0,0.0,0.333333
NKTPW,0,3,0.2,0.0,0.0,0.0,0.0,0.2,0.8,0.0,0.0,0.0,0.4,0.4,0.0,0.0,0.0,0.0,0.0,0.4,0.0,0.0,0.0,0.0,1.0,0.0,0.0,0.0,0.0,0.0,0.0,0.2
KKS,0,4,0.0,0.0,0.0,0.0,0.0,0.0,1.0,0.0,0.0,0.0,0.333333,0.333333,0.0,0.0,0.0,0.0,0.0,0.333333,0.0,0.0,0.0,0.0,1.0,0.0,0.0,0.0,0.0,0.0,0.0,0.0
GRIPGDKGGIFT,0,0,0.583333,0.0,0.0,0.0,0.0,0.083333,1.0,0.0,0.0,0.0,0.5,0.083333,0.0,0.0,0.0,0.25,0.0,0.166667,0.0,0.0,0.0,0.0,1.0,0.0,0.0,0.166667,0.0,0.0,0.0,0.25
WAF,0,1,0.333333,0.0,0.0,0.0,0.0,0.0,0.666667,0.0,0.0,0.0,0.333333,0.0,0.0,0.0,0.0,0.666667,0.0,0.0,0.0,0.0,0.0,0.0,1.0,0.0,0.0,0.0,0.0,0.0,0.0,0.666667
PRMGSVFNSA,0,2,0.4,0.0,0.0,0.0,0.0,0.1,1.0,0.0,0.0,0.0,0.5,0.3,0.0,0.0,0.0,0.4,0.1,0.3,0.0,0.0,0.0,0.0,1.0,0.0,0.0,0.0,0.0,0.0,0.0,0.3
IYR,0,3,0.333333,0.0,0.0,0.0,0.0,0.0,1.0,0.0,0.0,0.0,0.333333,0.0,0.0,0.0,0.0,0.333333,0.0,0.333333,0.0,0.0,0.0,0.0,0.666667,0.0,0.0,0.333333,0.0,0.0,0.0,0.333333
GLY,0,4,0.666667,0.333333,0.0,0.0,0.0,0.0,0.666667,0.0,0.0,0.0,0.666667,0.0,0.0,0.0,0.0,0.333333,0.0,0.333333,0.0,0.0,0.0,0.0,1.0,0.0,0.0,0.0,0.0,0.0,0.0,0.333333
IDTQGK,0,0,0.333333,0.0,0.0,0.0,0.0,0.0,1.0,0.0,0.0,0.0,0.333333,0.333333,0.0,0.0,0.0,0.166667,0.0,0.5,0.0,0.0,0.0,0.0,0.833333,0.0,0.0,0.166667,0.166667,0.0,0.0,0.166667
LRKIGVQYRG,0,1,0.5,0.1,0.0,0.0,0.0,0.0,1.0,0.0,0.0,0.0,0.3,0.1,0.0,0.0,0.0,0.3,0.0,0.2,0.0,0.0,0.0,0.0,1.0,0.0,0.0,0.1,0.1,0.0,0.0,0.3
TILNAGR,0,2,0.571429,0.142857,0.0,0.0,0.0,0.0,1.0,0.0,0.0,0.0,0.428571,0.285714,0.0,0.0,0.0,0.428571,0.0,0.285714,0.0,0.0,0.0,0.0,0.857143,0.0,0.0,0.142857,0.0,0.0,0.0,0.285714
EEQ,0,3,0.0,0.0,0.0,0.0,0.0,0.0,1.0,0.0,0.0,0.0,0.0,0.333333,0.0,0.0,0.0,0.0,0.0,1.0,0.0,0.0,0.0,0.0,1.0,0.0,0.0,0.0,0.333333,0.0,0.0,0.0
SEIITTEME,0,4,0.222222,0.0,0.0,0.0,0.0,0.0,1.0,0.0,0.0,0.0,0.333333,0.333333,0.0,0.0,0.0,0.333333,0.111111,0.666667,0.0,0.0,0.0,0.0,0.888889,0.0,0.0,0.222222,0.0,0.0,0.0,0.333333
LNE,0,0,0.333333,0.333333,0.0,0.0,0.0,0.0,1.0,0.0,0.0,0.0,0.0,0.333333,0.0,0.0,0.0,0.333333,0.0,0.666667,0.0,0.0,0.0,0.0,0.666667,0.0,0.0,0.0,0.0,0.0,0.0,0.333333
LLVELVLGVVMGCQ,0,1,0.714286,0.285714,0.0,0.0,0.0,0.0,1.0,0.0,0.0,0.0,0.142857,0.142857,0.0,0.0,0.0,0.714286,0.071429,0.142857,0.0,0.0,0.0,0.0,1.0,0.25,0.0,0.0,0.071429,0.0,0.0,0.714286
TFWT,0,2,0.0,0.0,0.0,0.0,0.0,0.0,1.0,0.0,0.0,0.0,0.5,0.5,0.0,0.0,0.0,0.25,0.0,0.5,0.0,0.0,0.0,0.0,1.0,0.0,0.0,0.0,0.0,0.0,0.0,0.5
SVPQPK,0,3,0.5,0.0,0.0,0.0,0.0,0.333333,1.0,0.0,0.0,0.0,0.5,0.333333,0.0,0.0,0.0,0.166667,0.0,0.333333,0.0,0.0,0.0,0.0,0.833333,0.0,0.0,0.0,0.166667,0.0,0.0,0.166667
SVVTLR,0,4,0.5,0.166667,0.0,0.0,0.0,0.0,1.0,0.0,0.0,0.0,0.333333,0.333333,0.0,0.0,0.0,0.5,0.0,0.333333,0.0,0.0,0.0,0.0,0.833333,0.0,0.0,0.0,0.0,0.0,0.0,0.5
ASRGAEVTDLRDE,0,0,0.384615,0.076923,0.0,0.0,0.0,0.0,1.0,0.0,0.0,0.0,0.384615,0.153846,0.0,0.0,0.0,0.307692,0.0,0.461538,0.0,0.0,0.0,0.0,0.769231,0.0,0.0,0.0,0.0,0.0,0.0,0.153846
KCAQL,0,1,0.4,0.2,0.0,0.0,0.0,0.0,1.0,0.0,0.0,0.0,0.2,0.4,0.0,0.0,0.0,0.6,0.0,0.2,0.0,0.0,0.0,0.0,1.0,0.0,0.0,0.0,0.2,0.0,0.0,0.4
HNQRKRGS,0,2,0.125,0.0,0.0,0.0,0.0,0.0,1.0,0.0,0.0,0.0,0.375,0.375,0.0,0.0,0.0,0.0,0.0,0.375,0.0,0.0,0.0,0.0,1.0,0.0,0.0,0.0,0.125,0.0,0.0,0.0
EACHK,0,3,0.2,0.0,0.0,0.0,0.0,0.0,1.0,0.0,0.0,0.0,0.4,0.2,0.0,0.0,0.0,0.4,0.0,0.2,0.0,0.0,0.0,0.0,0.6,0.0,0.0,0.0,0.0,0.0,0.0,0.2
LDI,0,4,0.666667,0.333333,0.0,0.0,0.0,0.0,1.0,0.0,0.0,0.0,0.0,0.0,0.0,0.0,0.0,0.666667,0.0,0.333333,0.0,0.0,0.0,0.0,1.0,0.0,0.0,0.333333,0.0,0.0,0.0,0.666667
KAA,0,0,0.666667,0.0,0.0,0.0,0.0,0.0,1.0,0.0,0.0,0.0,0.666667,0.0,0.0,0.0,0.0,0.666667,0.0,0.0,0.0,0.0,0.0,0.0,1.0,0.0,0.0,0.0,0.0,0.0,0.0,0.0
VIRP,0,1,0.75,0.0,0.0,0.0,0.0,0.25,1.0,0.0,0.0,0.0,0.25,0.0,0.0,0.0,0.0,0.5,0.0,0.0,0.0,0.0,0.0,0.0,1.0,0.0,0.0,0.25,0.0,0.0,0.0,0.5
QLE,0,2,0.333333,0.333333,0.0,0.0,0.0,0.0,1.0,0.0,0.0,0.0,0.0,0.333333,0.0,0.0,0.0,0.333333,0.0,0.666667,0.0,0.0,0.0,0.0,0.666667,0.0,0.0,0.0,0.333333,0.0,0.0,0.333333
NST,0,3,0.0,0.0,0.0,0.0,0.0,0.0,1.0,0.0,0.0,0.0,0.666667,1.0,0.0,0.0,0.0,0.0,0.0,1.0,0.0,0.0,0.0,0.0,1.0,0.0,0.0,0.0,0.0,0.0,0.0,0.0
FQ,0,4,0.0,0.0,0.0,0.0,0.0,0.0,1.0,0.0,0.0,0.0,0.0,0.5,0.0,0.0,0.0,0.5,0.0,0.5,0.0,0.0,0.0,0.0,1.0,0.0,0.0,0.0,0.5,0.0,0.0,0.5
RQQ,0,0,0.0,0.0,0.0,0.0,0.0,0.0,1.0,0.0,0.0,0.0,0.0,0.666667,0.0,0.0,0.0,0.0,0.0,0.666667,0.0,0.0,0.0,0.0,1.0,0.0,0.0,0.0,0.666667,0.0,0.0,0.0
GHG,0,1,0.666667,0.0,0.0,0.0,0.0,0.0,1.0,0.0,0.0,0.0,1.0,0.0,0.0,0.0,0.0,0.0,0.0,0.0,0.0,0.0,0.0,0.0,1.0,0.0,0.0,0.0,0.0,0.0,0.0,0.0
LYQADCRV,0,2,0.375,0.125,0.0,0.0,0.0,0.0,1.0,0.0,0.0,0.0,0.25,0.25,0.0,0.0,0.0,0.5,0.0,0.375,0.0,0.0,0.0,0.0,1.0,0.0,0.0,0.0,0.125,0.0,0.0,0.375
ATDVNIC,0,3,0.428571,0.0,0.0,0.0,0.0,0.0,1.0,0.0,0.0,0.0,0.285714,0.428571,0.0,0.0,0.0,0.571429,0.0,0.428571,0.0,0.0,0.0,0.0,1.0,0.0,0.0,0.142857,0.0,0.0,0.0,0.428571
WKELTW,0,4,0.166667,0.166667,0.0,0.0,0.0,0.0,0.833333,0.0,0.0,0.0,0.166667,0.166667,0.0,0.0,0.0,0.166667,0.0,0.333333,0.0,0.0,0.0,0.0,1.0,0.0,0.0,0.0,0.0,0.0,0.0,0.5
LLSN,0,0,0.5,0.5,0.0,0.0,0.0,0.0,1.0,0.0,0.0,0.0,0.25,0.5,0.0,0.0,0.0,0.5,0.0,0.5,0.0,0.0,0.0,0.0,1.0,0.0,0.0,0.0,0.0,0.0,0.0,0.5
GAPK,0,1,0.75,0.0,0.0,0.0,0.0,0.25,1.0,0.0,0.0,0.0,0.75,0.0,0.0,0.0,0.0,0.25,0.0,0.0,0.0,0.0,0.0,0.0,0.75,0.0,0.0,0.0,0.0,0.0,0.0,0.0
HQEIRL,0,2,0.333333,0.166667,0.0,0.0,0.0,0.0,1.0,0.0,0.0,0.0,0.166667,0.166667,0.0,0.0,0.0,0.333333,0.0,0.333333,0.0,0.0,0.0,0.0,1.0,0.0,0.0,0.166667,0.166667,0.0,0.0,0.333333
RGITK,0,3,0.4,0.0,0.0,0.0,0.0,0.0,1.0,0.0,0.0,0.0,0.4,0.2,0.0,0.0,0.0,0.2,0.0,0.2,0.0,0.0,0.0,0.0,0.8,0.0,0.0,0.2,0.0,0.0,0.0,0.2
GAA,0,4,1.0,0.0,0.0,0.0,0.0,0.0,1.0,0.0,0.0,0.0,1.0,0.0,0.0,0.0,0.0,0.666667,0.0,0.0,0.0,0.0,0.0,0.0,1.0,0.0,0.0,0.0,0.0,0.0,0.0,0.0
PEG,0,0,0.666667,0.0,0.0,0.0,0.0,0.333333,1.0,0.0,0.0,0.0,0.666667,0.0,0.0,0.0,0.0,0.0,0.0,0.333333,0.0,0.0,0.0,0.0,1.0,0.0,0.0,0.0,0.0,0.0,0.0,0.0
NGE,0,1,0.333333,0.0,0.0,0.0,0.0,0.0,1.0,0.0,0.0,0.0,0.333333,0.333333,0.0,0.0,0.0,0.0,0.0,0.666667,0.0,0.0,0.0,0.0,0.666667,0.0,0.0,0.0,0.0,0.0,0.0,0.0
AQS,0,2,0.333333,0.0,0.0,0.0,0.0,0.0,1.0,0.0,0.0,0.0,0.666667,0.666667,0.0,0.0,0.0,0.333333,0.0,0.666667,0.0,0.0,0.0,0.0,1.0,0.0,0.0,0.0,0.333333,0.0,0.0,0.0
TKI,0,3,0.333333,0.0,0.0,0.0,0.0,0.0,1.0,0.0,0.0,0.0,0.333333,0.333333,0.0,0.0,0.0,0.333333,0.0,0.333333,0.0,0.0,0.0,0.0,1.0,0.0,0.0,0.333333,0.0,0.0,0.0,0.333333
DTD,0,4,0.0,0.0,0.0,0.0,0.0,0.0,1.0,0.0,0.0,0.0,0.333333,0.333333,0.0,0.0,0.0,0.0,0.0,1.0,0.0,0.0,0.0,0.0,0.666667,0.0,0.0,0.0,0.0,0.0,0.0,0.0
KGL,0,0,0.666667,0.333333,0.0,0.0,0.0,0.0,1.0,0.0,0.0,0.0,0.333333,0.0,0.0,0.0,0.0,0.333333,0.0,0.0,0.0,0.0,0.0,0.0,1.0,0.0,0.0,0.0,0.0,0.0,0.0,0.333333
AE,0,1,0.5,0.0,0.0,0.0,0.0,0.0,1.0,0.0,0.0,0.0,0.5,0.0,0.0,0.0,0.0,0.5,0.0,0.5,0.0,0.0,0.0,0.0,0.5,0.0,0.0,0.0,0.0,0.0,0.0,0.0
AQELAVK,0,2,0.571429,0.142857,0.0,0.0,0.0,0.0,1.0,0.0,0.0,0.0,0.285714,0.142857,0.0,0.0,0.0,0.571429,0.0,0.285714,0.0,0.0,0.0,0.0,0.857143,0.0,0.0,0.0,0.142857,0.0,0.0,0.285714
KTK,0,3,0.0,0.0,0.0,0.0,0.0,0.0,1.0,0.0,0.0,0.0,0.333333,0.333333,0.0,0.0,0.0,0.0,0.0,0.333333,0.0,0.0,0.0,0.0,0.666667,0.0,0.0,0.0,0.0,0.0,0.0,0.0
DEA,0,4,0.333333,0.0,0.0,0.0,0.0,0.0,1.0,0.0,0.0,0.0,0.333333,0.0,0.0,0.0,0.0,0.333333,0.0,0.666667,0.0,0.0,0.0,0.0,1.0,0.0,0.0,0.0,0.0,0.0,0.0,0.0
DF,0,0,0.0,0.0,0.0,0.0,0.0,0.0,0.5,0.0,0.0,0.0,0.0,0.0,0.0,0.0,0.0,0.5,0.0,0.5,0.0,0.0,0.0,0.0,1.0,0.0,0.0,0.0,0.0,0.0,0.0,0.5
RVY,0,1,0.333333,0.0,0.0,0.0,0.0,0.0,0.666667,0.0,0.0,0.0,0.333333,0.0,0.0,0.0,0.0,0.333333,0.0,0.333333,0.0,0.0,0.0,0.0,1.0,0.0,0.0,0.0,0.0,0.0,0.0,0.333333
SFLYARVNEPLMLIS,0,2,0.466667,0.2,0.0,0.0,0.0,0.066667,1.0,0.0,0.0,0.0,0.333333,0.2,0.0,0.0,0.0,0.533333,0.066667,0.333333,0.0,0.0,0.0,0.0,1.0,0.0,0.0,0.066667,0.0,0.0,0.0,0.466667
ISL,0,3,0.666667,0.333333,0.0,0.0,0.0,0.0,1.0,0.0,0.0,0.0,0.333333,0.333333,0.0,0.0,0.0,0.666667,0.0,0.333333,0.0,0.0,0.0,0.0,1.0,0.0,0.0,0.333333,0.0,0.0,0.0,0.666667
RDILNQ,0,4,0.333333,0.166667,0.0,0.0,0.0,0.0,1.0,0.0,0.0,0.0,0.0,0.333333,0.0,0.0,0.0,0.333333,0.0,0.5,0.0,0.0,0.0,0.0,1.0,0.0,0.0,0.166667,0.166667,0.0,0.0,0.333333
YLSRIMLTLE,0,0,0.4,0.3,0.0,0.0,0.0,0.0,1.0,0.0,0.0,0.0,0.3,0.2,0.0,0.0,0.0,0.5,0.1,0.4,0.0,0.0,0.0,0.0,0.9,0.0,0.0,0.1,0.0,0.0,0.0,0.5
DSSVKG,0,1,0.333333,0.0,0.0,0.0,0.0,0.0,1.0,0.0,0.0,0.0,0.5,0.333333,0.0,0.0,0.0,0.166667,0.0,0.5,0.0,0.0,0.0,0.0,1.0,0.0,0.0,0.0,0.0,0.0,0.0,0.166667
ELE,0,2,0.333333,0.333333,0.0,0.0,0.0,0.0,1.0,0.0,0.0,0.0,0.0,0.0,0.0,0.0,0.0,0.333333,0.0,0.666667,0.0,0.0,0.0,0.0,0.666667,0.0,0.0,0.0,0.0,0.0,0.0,0.333333
TQL,0,3,0.333333,0.333333,0.0,0.0,0.0,0.0,1.0,0.0,0.0,0.0,0.333333,0.666667,0.0,0.0,0.0,0.333333,0.0,0.666667,0.0,0.0,0.0,0.0,1.0,0.0,0.0,0.0,0.333333,0.0,0.0,0.333333
SIKGR,0,4,0.4,0.0,0.0,0.0,0.0,0.0,1.0,0.0,0.0,0.0,0.4,0.2,0.0,0.0,0.0,0.2,0.0,0.2,0.0,0.0,0.0,0.0,0.8,0.0,0.0,0.2,0.0,0.0,0.0,0.2
ENK,0,0,0.0,0.0,0.0,0.0,0.0,0.0,1.0,0.0,0.0,0.0,0.0,0.333333,0.0,0.0,0.0,0.0,0.0,0.666667,0.0,0.0,0.0,0.0,0.666667,0.0,0.0,0.0,0.0,0.0,0.0,0.0
MQDI,0,1,0.25,0.0,0.0,0.0,0.0,0.0,1.0,0.0,0.0,0.0,0.0,0.25,0.0,0.0,0.0,0.5,0.25,0.5,0.0,0.0,0.0,0.0,1.0,0.0,0.0,0.25,0.25,0.0,0.0,0.5
APGAPGPVG,0,2,1.0,0.0,0.0,0.0,0.0,0.333333,1.0,0.0,0.0,0.0,0.888889,0.0,0.0,0.0,0.0,0.333333,0.0,0.0,0.0,0.0,0.2,0.0,1.0,0.333333,0.0,0.0,0.0,0.0,0.0,0.111111
MVNGTS,0,3,0.333333,0.0,0.0,0.0,0.0,0.0,1.0,0.0,0.0,0.0,0.5,0.5,0.0,0.0,0.0,0.333333,0.166667,0.5,0.0,0.0,0.0,0.0,1.0,0.0,0.0,0.0,0.0,0.0,0.0,0.333333
KVEHDL,0,4,0.333333,0.166667,0.0,0.0,0.0,0.0,1.0,0.0,0.0,0.0,0.166667,0.0,0.0,0.0,0.0,0.333333,0.0,0.333333,0.0,0.0,0.0,0.0,1.0,0.0,0.0,0.0,0.0,0.0,0.0,0.333333
KFNRPETT,0,0,0.125,0.0,0.0,0.0,0.0,0.125,1.0,0.0,0.0,0.0,0.375,0.375,0.0,0.0,0.0,0.125,0.0,0.5,0.0,0.0,0.0,0.0,1.0,0.0,0.0,0.0,0.0,0.0,0.0,0.125
SVDSQTAF,0,1,0.25,0.0,0.0,0.0,0.0,0.0,0.875,0.0,0.0,0.0,0.5,0.5,0.0,0.0,0.0,0.375,0.0,0.625,0.0,0.0,0.0,0.0,1.0,0.0,0.0,0.0,0.125,0.0,0.0,0.25
VQKD,0,2,0.25,0.0,0.0,0.0,0.0,0.0,1.0,0.0,0.0,0.0,0.0,0.25,0.0,0.0,0.0,0.25,0.0,0.5,0.0,0.0,0.0,0.0,0.5,0.0,0.0,0.0,0.25,0.0,0.0,0.25
AGHEGFSS,0,3,0.375,0.0,0.0,0.0,0.0,0.0,1.0,0.0,0.0,0.0,0.75,0.25,0.0,0.0,0.0,0.25,0.0,0.375,0.0,0.0,0.0,0.0,1.0,0.0,0.0,0.0,0.0,0.0,0.0,0.125
KDE,0,4,0.0,0.0,0.0,0.0,0.0,0.0,1.0,0.0,0.0,0.0,0.0,0.0,0.0,0.0,0.0,0.0,0.0,0.666667,0.0,0.0,0.0,0.0,0.0,0.0,0.0,0.0,0.0,0.0,0.0,0.0
LPVVYYES,0,0,0.5,0.125,0.0,0.0,0.0,0.125,1.0,0.0,0.0,0.0,0.5,0.125,0.0,0.0,0.0,0.375,0.0,0.5,0.0,0.0,0.0,0.0,1.0,0.0,0.0,0.0,0.0,0.0,0.0,0.375
LEK,0,1,0.333333,0.333333,0.0,0.0,0.0,0.0,1.0,0.0,0.0,0.0,0.0,0.0,0.0,0.0,0.0,0.333333,0.0,0.333333,0.0,0.0,0.0,0.0,0.333333,0.0,0.0,0.0,0.0,0.0,0.0,0.333333
LDTTLIESSVGTCYR,0,2,0.333333,0.133333,0.0,0.0,0.0,0.0,1.0,0.0,0.0,0.0,0.466667,0.4,0.0,0.0,0.0,0.333333,0.0,0.533333,0.0,0.0,0.0,0.0,0.933333,0.0,0.0,0.066667,0.0,0.0,0.0,0.333333
QSHEAFVMAESNTAF,0,3,0.266667,0.0,0.0,0.0,0.0,0.0,0.933333,0.0,0.0,0.0,0.466667,0.333333,0.0,0.0,0.0,0.466667,0.066667,0.466667,0.0,0.0,0.0,0.0,1.0,0.111111,0.0,0.0,0.066667,0.0,0.0,0.266667
KGK,0,4,0.333333,0.0,0.0,0.0,0.0,0.0,1.0,0.0,0.0,0.0,0.333333,0.0,0.0,0.0,0.0,0.0,0.0,0.0,0.0,0.0,0.0,0.0,0.666667,0.0,0.0,0.0,0.0,0.0,0.0,0.0
PAHHAEMI,0,0,0.5,0.0,0.0,0.0,0.0,0.125,1.0,0.0,0.0,0.142857,0.625,0.0,0.0,0.0,0.0,0.5,0.125,0.125,0.0,0.0,0.0,0.0,1.0,0.0,0.0,0.125,0.0,0.0,0.0,0.25
SGL,0,1,0.666667,0.333333,0.0,0.0,0.0,0.0,1.0,0.0,0.0,0.0,0.666667,0.333333,0.0,0.0,0.0,0.333333,0.0,0.333333,0.0,0.0,0.0,0.0,1.0,0.0,0.0,0.0,0.0,0.0,0.0,0.333333
IEL,0,2,0.666667,0.333333,0.0,0.0,0.0,0.0,1.0,0.0,0.0,0.0,0.0,0.0,0.0,0.0,0.0,0.666667,0.0,0.333333,0.0,0.0,0.0,0.0,1.0,0.0,0.0,0.333333,0.0,0.0,0.0,0.666667
LLL,0,3,1.0,1.0,0.0,0.0,0.0,0.0,1.0,0.0,0.0,0.0,0.0,0.0,0.0,0.0,0.0,1.0,0.0,0.0,0.0,0.0,0.0,0.0,1.0,0.0,0.0,0.0,0.0,0.0,0.0,1.0
ELTDK,0,4,0.2,0.2,0.0,0.0,0.0,0.0,1.0,0.0,0.0,0.0,0.2,0.2,0.0,0.0,0.0,0.2,0.0,0.6,0.0,0.0,0.0,0.0,0.6,0.0,0.0,0.0,0.0,0.0,0.0,0.2
TGCI,0,0,0.5,0.0,0.0,0.0,0.0,0.0,1.0,0.0,0.0,0.0,0.5,0.5,0.0,0.0,0.0,0.5,0.0,0.25,0.0,0.0,0.0,0.0,1.0,0.0,0.0,0.25,0.0,0.0,0.0,0.5
LNHDEDNVSYLYKLNA,0,1,0.3125,0.1875,0.0,0.0,0.0,0.0,1.0,0.0,0.0,0.0,0.3125,0.25,0.0,0.0,0.0,0.3125,0.0,0.5625,0.0,0.0,0.0,0.0,1.0,0.0,0.0,0.0,0.0,0.0,0.0,0.25
DALK,0,2,0.5,0.25,0.0,0.0,0.0,0.0,1.0,0.0,0.0,0.0,0.25,0.0,0.0,0.0,0.0,0.5,0.0,0.25,0.0,0.0,0.0,0.0,0.75,0.0,0.0,0.0,0.0,0.0,0.0,0.25
WIHNENQGF,0,3,0.222222,0.0,0.0,0.0,0.0,0.0,0.888889,0.0,0.0,0.0,0.222222,0.333333,0.0,0.0,0.0,0.222222,0.0,0.444444,0.0,0.0,0.0,0.0,1.0,0.0,0.0,0.111111,0.111111,0.0,0.0,0.333333
VHR,0,4,0.333333,0.0,0.0,0.0,0.0,0.0,1.0,0.0,0.0,0.0,0.333333,0.0,0.0,0.0,0.0,0.333333,0.0,0.0,0.0,0.0,0.0,0.0,0.333333,0.0,0.0,0.0,0.0,0.0,0.0,0.333333
RLS,0,0,0.333333,0.333333,0.0,0.0,0.0,0.0,1.0,0.0,0.0,0.0,0.333333,0.333333,0.0,0.0,0.0,0.333333,0.0,0.333333,0.0,0.0,0.0,0.0,1.0,0.0,0.0,0.0,0.0,0.0,0.0,0.333333
KDVNA,0,1,0.4,0.0,0.0,0.0,0.0,0.0,1.0,0.0,0.0,0.0,0.2,0.2,0.0,0.0,0.0,0.4,0.0,0.4,0.0,0.0,0.0,0.0,1.0,0.0,0.0,0.0,0.0,0.0,0.0,0.2
GDL,0,2,0.666667,0.333333,0.0,0.0,0.0,0.0,1.0,0.0,0.0,0.0,0.333333,0.0,0.0,0.0,0.0,0.333333,0.0,0.333333,0.0,0.0,0.0,0.0,1.0,0.0,0.0,0.0,0.0,0.0,0.0,0.333333
ALA,0,3,1.0,0.333333,0.0,0.0,0.0,0.0,1.0,0.0,0.0,0.0,0.666667,0.0,0.0,0.0,0.0,1.0,0.0,0.0,0.0,0.0,0.0,0.0,1.0,0.0,0.0,0.0,0.0,0.0,0.0,0.333333
ETS,0,4,0.0,0.0,0.0,0.0,0.0,0.0,1.0,0.0,0.0,0.0,0.666667,0.666667,0.0,0.0,0.0,0.0,0.0,1.0,0.0,0.0,0.0,0.0,1.0,0.0,0.0,0.0,0.0,0.0,0.0,0.0
RWS,0,0,0.0,0.0,0.0,0.0,0.0,0.0,1.0,0.0,0.0,0.0,0.333333,0.333333,0.0,0.0,0.0,0.0,0.0,0.333333,0.0,0.0,0.0,0.0,1.0,0.0,0.0,0.0,0.0,0.0,0.0,0.333333
FNP,0,1,0.333333,0.0,0.0,0.0,0.0,0.333333,1.0,0.0,0.0,0.0,0.333333,0.333333,0.0,0.0,0.0,0.333333,0.0,0.333333,0.0,0.0,0.0,0.0,1.0,0.0,0.0,0.0,0.0,0.0,0.0,0.333333
YADTAG,0,2,0.5,0.0,0.0,0.0,0.0,0.0,1.0,0.0,0.0,0.0,0.833333,0.166667,0.0,0.0,0.0,0.333333,0.0,0.5,0.0,0.0,0.0,0.0,1.0,0.0,0.0,0.0,0.0,0.0,0.0,0.0
VPRDEAP,0,3,0.571429,0.0,0.0,0.0,0.0,0.285714,1.0,0.0,0.0,0.0,0.428571,0.0,0.0,0.0,0.0,0.285714,0.0,0.285714,0.0,0.0,0.0,0.0,1.0,0.0,0.0,0.0,0.0,0.0,0.0,0.142857
AVNVDDPSK,0,4,0.444444,0.0,0.0,0.0,0.0,0.111111,1.0,0.0,0.0,0.0,0.333333,0.222222,0.0,0.0,0.0,0.333333,0.0,0.444444,0.0,0.0,0.0,0.0,0.888889,0.0,0.0,0.0,0.0,0.0,0.125,0.222222
VTL,0,0,0.666667,0.333333,0.0,0.0,0.0,0.0,1.0,0.0,0.0,0.0,0.333333,0.333333,0.0,0.0,0.0,0.666667,0.0,0.333333,0.0,0.0,0.0,0.0,1.0,0.0,0.0,0.0,0.0,0.0,0.0,0.666667
DAHK,0,1,0.25,0.0,0.0,0.0,0.0,0.0,1.0,0.0,0.0,0.0,0.5,0.0,0.0,0.0,0.0,0.25,0.0,0.25,0.0,0.0,0.0,0.0,0.5,0.0,0.0,0.0,0.0,0.0,0.0,0.0
YKQ,0,2,0.0,0.0,0.0,0.0,0.0,0.0,1.0,0.0,0.0,0.0,0.333333,0.333333,0.0,0.0,0.0,0.0,0.0,0.666667,0.0,0.0,0.0,0.0,1.0,0.0,0.0,0.0,0.333333,0.0,0.0,0.0
LQAEQDDR,0,3,0.25,0.125,0.0,0.0,0.0,0.0,1.0,0.0,0.0,0.0,0.125,0.25,0.0,0.0,0.0,0.25,0.0,0.625,0.0,0.0,0.0,0.0,0.625,0.0,0.0,0.0,0.25,0.0,0.0,0.125
DKHMRLLG,0,4,0.375,0.25,0.0,0.0,0.0,0.0,1.0,0.0,0.0,0.0,0.25,0.0,0.0,0.0,0.0,0.375,0.125,0.125,0.0,0.0,0.0,0.0,1.0,0.0,0.0,0.0,0.0,0.0,0.0,0.375
LFD,0,0,0.333333,0.333333,0.0,0.0,0.0,0.0,1.0,0.0,0.0,0.0,0.0,0.0,0.0,0.0,0.0,0.666667,0.0,0.333333,0.0,0.0,0.0,0.0,0.666667,0.0,0.0,0.0,0.0,0.0,0.0,0.666667
KSIGE,0,1,0.4,0.0,0.0,0.0,0.0,0.0,1.0,0.0,0.0,0.0,0.4,0.2,0.0,0.0,0.0,0.2,0.0,0.4,0.0,0.0,0.0,0.0,0.8,0.0,0.0,0.2,0.0,0.0,0.0,0.2
SDI,0,2,0.333333,0.0,0.0,0.0,0.0,0.0,1.0,0.0,0.0,0.0,0.333333,0.333333,0.0,0.0,0.0,0.333333,0.0,0.666667,0.0,0.0,0.0,0.0,1.0,0.0,0.0,0.333333,0.0,0.0,0.0,0.333333
ETIL,0,3,0.5,0.25,0.0,0.0,0.0,0.0,1.0,0.0,0.0,0.0,0.25,0.25,0.0,0.0,0.0,0.5,0.0,0.5,0.0,0.0,0.0,0.0,1.0,0.0,0.0,0.25,0.0,0.0,0.0,0.5
SIEDPREMADLVRDALVIIVS,0,4,0.52381,0.095238,0.0,0.0,0.0,0.047619,1.0,0.0,0.0,0.0,0.238095,0.095238,0.0,0.0,0.0,0.52381,0.047619,0.333333,0.0,0.0,0.0,0.0,1.0,0.133333,0.0,0.142857,0.0,0.0,0.0,0.428571
QPKRKKIESQGVH,0,0,0.307692,0.0,0.0,0.0,0.0,0.076923,0.923077,0.0,0.0,0.0,0.307692,0.230769,0.0,0.0,0.0,0.153846,0.0,0.307692,0.0,0.0,0.0,0.0,0.923077,0.0,0.0,0.076923,0.153846,0.0,0.0,0.153846
YVE,0,1,0.333333,0.0,0.0,0.0,0.0,0.0,1.0,0.0,0.0,0.0,0.333333,0.0,0.0,0.0,0.0,0.333333,0.0,0.666667,0.0,0.0,0.0,0.0,0.666667,0.0,0.0,0.0,0.0,0.0,0.0,0.333333
HTVLK,0,2,0.4,0.2,0.0,0.0,0.0,0.0,1.0,0.0,0.0,0.0,0.4,0.2,0.0,0.0,0.0,0.4,0.0,0.2,0.0,0.0,0.0,0.0,0.8,0.0,0.0,0.0,0.0,0.0,0.0,0.4
RLV,0,3,0.666667,0.333333,0.0,0.0,0.0,0.0,1.0,0.0,0.0,0.0,0.0,0.0,0.0,0.0,0.0,0.666667,0.0,0.0,0.0,0.0,0.0,0.0,1.0,0.0,0.0,0.0,0.0,0.0,0.0,0.666667
LEI,0,4,0.666667,0.333333,0.0,0.0,0.0,0.0,1.0,0.0,0.0,0.0,0.0,0.0,0.0,0.0,0.0,0.666667,0.0,0.333333,0.0,0.0,0.0,0.0,1.0,0.0,0.0,0.333333,0.0,0.0,0.0,0.666667
KRAGAA,0,0,0.666667,0.0,0.0,0.0,0.0,0.0,1.0,0.0,0.0,0.0,0.666667,0.0,0.0,0.0,0.0,0.5,0.0,0.0,0.0,0.0,0.0,0.0,1.0,0.0,0.0,0.0,0.0,0.0,0.0,0.0
EGD,0,1,0.333333,0.0,0.0,0.0,0.0,0.0,1.0,0.0,0.0,0.0,0.333333,0.0,0.0,0.0,0.0,0.0,0.0,0.666667,0.0,0.0,0.0,0.0,0.666667,0.0,0.0,0.0,0.0,0.0,0.0,0.0
MDYDH,0,2,0.0,0.0,0.0,0.0,0.0,0.0,0.8,0.0,0.0,0.0,0.4,0.0,0.0,0.0,0.0,0.2,0.2,0.6,0.0,0.0,0.0,0.0,0.6,0.0,0.0,0.0,0.0,0.0,0.0,0.2
KVA,0,3,0.666667,0.0,0.0,0.0,0.0,0.0,1.0,0.0,0.0,0.0,0.333333,0.0,0.0,0.0,0.0,0.666667,0.0,0.0,0.0,0.0,0.0,0.0,1.0,0.0,0.0,0.0,0.0,0.0,0.0,0.333333
GFFQ,0,4,0.25,0.0,0.0,0.0,0.0,0.0,1.0,0.0,0.0,0.0,0.25,0.25,0.0,0.0,0.0,0.5,0.0,0.25,0.0,0.0,0.0,0.0,1.0,0.0,0.0,0.0,0.25,0.0,0.0,0.5
LLAGKPSYLPAL,0,0,0.75,0.333333,0.0,0.0,0.0,0.166667,1.0,0.0,0.0,0.0,0.583333,0.083333,0.0,0.0,0.0,0.5,0.0,0.166667,0.0,0.0,0.0,0.0,1.0,0.0,0.0,0.0,0.0,0.0,0.090909,0.333333
ALE,0,1,0.666667,0.333333,0.0,0.0,0.0,0.0,1.0,0.0,0.0,0.0,0.333333,0.0,0.0,0.0,0.0,0.666667,0.0,0.333333,0.0,0.0,0.0,0.0,0.666667,0.0,0.0,0.0,0.0,0.0,0.0,0.333333
EIE,0,2,0.333333,0.0,0.0,0.0,0.0,0.0,1.0,0.0,0.0,0.0,0.0,0.0,0.0,0.0,0.0,0.333333,0.0,0.666667,0.0,0.0,0.0,0.0,0.666667,0.0,0.0,0.333333,0.0,0.0,0.0,0.333333
YGDQR,0,3,0.2,0.0,0.0,0.0,0.0,0.0,1.0,0.0,0.0,0.0,0.4,0.2,0.0,0.0,0.0,0.0,0.0,0.6,0.0,0.0,0.0,0.0,0.8,0.0,0.0,0.0,0.2,0.0,0.0,0.0
DDE,0,4,0.0,0.0,0.0,0.0,0.0,0.0,1.0,0.0,0.0,0.0,0.0,0.0,0.0,0.0,0.0,0.0,0.0,1.0,0.0,0.0,0.0,0.0,0.0,0.0,0.0,0.0,0.0,0.0,0.0,0.0
GFVG,0,0,0.75,0.0,0.0,0.0,0.0,0.0,1.0,0.0,0.0,0.0,0.5,0.0,0.0,0.0,0.0,0.5,0.0,0.0,0.0,0.0,0.0,0.0,1.0,0.0,0.0,0.0,0.0,0.0,0.0,0.5
SIV,0,1,0.666667,0.0,0.0,0.0,0.0,0.0,1.0,0.0,0.0,0.0,0.333333,0.333333,0.0,0.0,0.0,0.666667,0.0,0.333333,0.0,0.0,0.0,0.0,1.0,0.0,0.0,0.333333,0.0,0.0,0.0,0.666667
ARHDRPR,0,2,0.285714,0.0,0.0,0.0,0.0,0.142857,1.0,0.0,0.166667,0.0,0.428571,0.0,0.0,0.0,0.0,0.142857,0.0,0.142857,0.0,0.0,0.0,0.0,0.857143,0.0,0.0,0.0,0.0,0.0,0.0,0.0
FDGA,0,3,0.5,0.0,0.0,0.0,0.0,0.0,1.0,0.0,0.0,0.0,0.5,0.0,0.0,0.0,0.0,0.5,0.0,0.25,0.0,0.0,0.0,0.0,1.0,0.0,0.0,0.0,0.0,0.0,0.0,0.25
EHNY,0,4,0.0,0.0,0.0,0.0,0.0,0.0,0.75,0.0,0.0,0.0,0.5,0.25,0.0,0.0,0.0,0.0,0.0,0.75,0.0,0.0,0.0,0.0,1.0,0.0,0.0,0.0,0.0,0.0,0.0,0.0
YDLEMI,0,0,0.333333,0.166667,0.0,0.0,0.0,0.0,1.0,0.0,0.0,0.2,0.166667,0.0,0.0,0.0,0.0,0.5,0.166667,0.5,0.0,0.0,0.0,0.0,1.0,0.0,0.0,0.166667,0.0,0.0,0.0,0.5
LEWVFSLIIDR,0,1,0.454545,0.181818,0.0,0.0,0.0,0.0,1.0,0.0,0.0,0.0,0.090909,0.090909,0.0,0.0,0.0,0.545455,0.0,0.272727,0.0,0.0,0.0,0.0,0.818182,0.2,0.0,0.181818,0.0,0.0,0.0,0.636364
DYHPGTE,0,2,0.285714,0.0,0.0,0.0,0.0,0.142857,1.0,0.0,0.0,0.0,0.714286,0.142857,0.0,0.0,0.0,0.0,0.0,0.571429,0.0,0.0,0.0,0.0,0.857143,0.0,0.0,0.0,0.0,0.0,0.0,0.0
MPVHTDAD,0,3,0.375,0.0,0.0,0.0,0.0,0.125,1.0,0.0,0.0,0.0,0.5,0.125,0.0,0.0,0.0,0.375,0.125,0.375,0.0,0.0,0.0,0.0,0.875,0.0,0.0,0.0,0.0,0.0,0.0,0.25
VQI,0,4,0.666667,0.0,0.0,0.0,0.0,0.0,1.0,0.0,0.0,0.0,0.0,0.333333,0.0,0.0,0.0,0.666667,0.0,0.333333,0.0,0.0,0.0,0.0,1.0,0.0,0.0,0.333333,0.333333,0.0,0.0,0.666667
IMNKRAV,0,0,0.428571,0.0,0.0,0.0,0.0,0.0,1.0,0.0,0.0,0.0,0.142857,0.142857,0.0,0.0,0.0,0.571429,0.142857,0.142857,0.0,0.0,0.0,0.0,1.0,0.0,0.0,0.142857,0.0,0.0,0.0,0.428571
RLKKE,0,1,0.2,0.2,0.0,0.0,0.0,0.0,1.0,0.0,0.0,0.0,0.0,0.0,0.0,0.0,0.0,0.2,0.0,0.2,0.0,0.0,0.0,0.0,0.4,0.0,0.0,0.0,0.0,0.0,0.0,0.2
PLCSDS,0,2,0.333333,0.166667,0.0,0.0,0.0,0.166667,1.0,0.0,0.0,0.0,0.5,0.5,0.0,0.0,0.0,0.333333,0.0,0.5,0.0,0.0,0.0,0.0,1.0,0.0,0.0,0.0,0.0,0.0,0.0,0.333333
TKTGAFN,0,3,0.285714,0.0,0.0,0.0,0.0,0.0,1.0,0.0,0.0,0.0,0.571429,0.428571,0.0,0.0,0.0,0.285714,0.0,0.428571,0.0,0.0,0.0,0.0,1.0,0.0,0.0,0.0,0.0,0.0,0.0,0.142857
CMF,0,4,0.0,0.0,0.0,0.0,0.0,0.0,0.666667,0.0,0.0,0.0,0.0,0.333333,0.0,0.0,0.0,1.0,0.333333,0.0,0.0,0.0,0.0,0.0,1.0,0.0,0.0,0.0,0.0,0.0,0.0,1.0
KH,0,0,0.0,0.0,0.0,0.0,0.0,0.0,0.5,0.0,0.0,0.0,0.5,0.0,0.0,0.0,0.0,0.0,0.0,0.0,0.0,0.0,0.0,0.0,0.0,0.0,0.0,0.0,0.0,0.0,0.0,0.0
YKK,0,1,0.0,0.0,0.0,0.0,0.0,0.0,1.0,0.0,0.0,0.0,0.333333,0.0,0.0,0.0,0.0,0.0,0.0,0.333333,0.0,0.0,0.0,0.0,0.333333,0.0,0.0,0.0,0.0,0.0,0.0,0.0
KCL,0,2,0.333333,0.333333,0.0,0.0,0.0,0.0,1.0,0.0,0.0,0.0,0.0,0.333333,0.0,0.0,0.0,0.666667,0.0,0.0,0.0,0.0,0.0,0.0,1.0,0.0,0.0,0.0,0.0,0.0,0.0,0.666667
VSA,0,3,0.666667,0.0,0.0,0.0,0.0,0.0,1.0,0.0,0.0,0.0,0.666667,0.333333,0.0,0.0,0.0,0.666667,0.0,0.333333,0.0,0.0,0.0,0.0,1.0,0.0,0.0,0.0,0.0,0.0,0.0,0.333333
DSD,0,4,0.0,0.0,0.0,0.0,0.0,0.0,1.0,0.0,0.0,0.0,0.333333,0.333333,0.0,0.0,0.0,0.0,0.0,1.0,0.0,0.0,0.0,0.0,0.666667,0.0,0.0,0.0,0.0,0.0,0.0,0.0
IKTTLGRDG,0,0,0.444444,0.111111,0.0,0.0,0.0,0.0,1.0,0.0,0.0,0.0,0.444444,0.222222,0.0,0.0,0.0,0.222222,0.0,0.333333,0.0,0.0,0.0,0.0,1.0,0.0,0.0,0.111111,0.0,0.0,0.0,0.222222
VGIER,0,1,0.6,0.0,0.0,0.0,0.0,0.0,1.0,0.0,0.0,0.0,0.2,0.0,0.0,0.0,0.0,0.4,0.0,0.2,0.0,0.0,0.0,0.0,0.6,0.0,0.0,0.2,0.0,0.0,0.0,0.4
FR,0,2,0.0,0.0,0.0,0.0,0.0,0.0,1.0,0.0,0.0,0.0,0.0,0.0,0.0,0.0,0.0,0.5,0.0,0.0,0.0,0.0,0.0,0.0,0.5,0.0,0.0,0.0,0.0,0.0,0.0,0.5
GGIMEQDTIS,0,3,0.4,0.0,0.0,0.0,0.0,0.0,1.0,0.0,0.0,0.0,0.4,0.3,0.0,0.0,0.0,0.3,0.1,0.5,0.0,0.0,0.0,0.0,1.0,0.25,0.0,0.2,0.1,0.0,0.0,0.3
PKLGT,0,4,0.6,0.2,0.0,0.0,0.0,0.2,1.0,0.0,0.0,0.0,0.6,0.2,0.0,0.0,0.0,0.2,0.0,0.2,0.0,0.0,0.0,0.0,1.0,0.0,0.0,0.0,0.0,0.0,0.0,0.2
PEVVK,0,0,0.6,0.0,0.0,0.0,0.0,0.2,1.0,0.0,0.0,0.0,0.2,0.0,0.0,0.0,0.0,0.4,0.0,0.2,0.0,0.0,0.0,0.0,0.8,0.0,0.0,0.0,0.0,0.0,0.0,0.4
IPVDSRPLTTL,0,1,0.545455,0.181818,0.0,0.0,0.0,0.181818,1.0,0.0,0.0,0.0,0.454545,0.272727,0.0,0.0,0.0,0.363636,0.0,0.363636,0.0,0.0,0.0,0.0,1.0,0.0,0.0,0.090909,0.0,0.0,0.0,0.363636
LWL,0,2,0.666667,0.666667,0.5,0.0,0.0,0.0,1.0,0.0,0.0,0.0,0.0,0.0,0.0,0.0,0.0,0.666667,0.0,0.0,0.0,0.0,0.0,0.0,1.0,0.0,0.0,0.0,0.0,0.0,0.0,1.0
DQEGN,0,3,0.2,0.0,0.0,0.0,0.0,0.0,1.0,0.0,0.0,0.0,0.2,0.4,0.0,0.0,0.0,0.0,0.0,0.8,0.0,0.0,0.0,0.0,1.0,0.0,0.0,0.0,0.2,0.0,0.0,0.0
GKA,0,4,0.666667,0.0,0.0,0.0,0.0,0.0,1.0,0.0,0.0,0.0,0.666667,0.0,0.0,0.0,0.0,0.333333,0.0,0.0,0.0,0.0,0.0,0.0,1.0,0.0,0.0,0.0,0.0,0.0,0.0,0.0
RFLK,0,0,0.25,0.25,0.0,0.0,0.0,0.0,1.0,0.0,0.0,0.0,0.0,0.0,0.0,0.0,0.0,0.5,0.0,0.0,0.0,0.0,0.0,0.0,0.75,0.0,0.0,0.0,0.0,0.0,0.0,0.5
LDA,0,1,0.666667,0.333333,0.0,0.0,0.0,0.0,1.0,0.0,0.0,0.0,0.333333,0.0,0.0,0.0,0.0,0.666667,0.0,0.333333,0.0,0.0,0.0,0.0,1.0,0.0,0.0,0.0,0.0,0.0,0.0,0.333333
VLVES,0,2,0.6,0.2,0.0,0.0,0.0,0.0,1.0,0.0,0.0,0.0,0.2,0.2,0.0,0.0,0.0,0.6,0.0,0.4,0.0,0.0,0.0,0.0,1.0,0.0,0.0,0.0,0.0,0.0,0.0,0.6
KMGNPNVTDVSYEVYGP,0,3,0.411765,0.0,0.0,0.0,0.0,0.117647,1.0,0.0,0.0,0.0,0.470588,0.235294,0.0,0.0,0.0625,0.235294,0.058824,0.470588,0.0,0.0,0.0,0.0,1.0,0.0,0.0,0.0,0.0,0.0,0.0,0.235294
ALP,0,4,1.0,0.333333,0.0,0.0,0.0,0.333333,1.0,0.0,0.0,0.0,0.666667,0.0,0.0,0.0,0.0,0.666667,0.0,0.0,0.0,0.0,0.0,0.0,1.0,0.0,0.0,0.0,0.0,0.0,0.0,0.333333
NPT,0,0,0.333333,0.0,0.0,0.0,0.0,0.333333,1.0,0.0,0.0,0.0,0.666667,0.666667,0.0,0.0,0.0,0.0,0.0,0.666667,0.0,0.0,0.0,0.0,1.0,0.0,0.0,0.0,0.0,0.0,0.0,0.0
AIA,0,1,1.0,0.0,0.0,0.0,0.0,0.0,1.0,0.0,0.0,0.0,0.666667,0.0,0.0,0.0,0.0,1.0,0.0,0.0,0.0,0.0,0.0,0.0,1.0,0.0,0.0,0.333333,0.0,0.0,0.0,0.333333
KLSDAKTDQL,0,2,0.3,0.2,0.0,0.0,0.0,0.0,1.0,0.0,0.0,0.0,0.3,0.3,0.0,0.0,0.0,0.3,0.0,0.5,0.0,0.0,0.0,0.0,1.0,0.0,0.0,0.0,0.1,0.0,0.0,0.2
FFD,0,3,0.0,0.0,0.0,0.0,0.0,0.0,1.0,0.0,0.0,0.0,0.0,0.0,0.0,0.0,0.0,0.666667,0.0,0.333333,0.0,0.0,0.0,0.0,0.666667,0.0,0.0,0.0,0.0,0.0,0.0,0.666667
LFRECG,0,4,0.333333,0.166667,0.0,0.0,0.0,0.0,1.0,0.0,0.0,0.0,0.166667,0.166667,0.0,0.0,0.0,0.5,0.0,0.166667,0.0,0.0,0.0,0.0,1.0,0.0,0.0,0.0,0.0,0.0,0.0,0.5
VALGVPHH,0,0,0.75,0.125,0.0,0.0,0.0,0.125,0.75,0.142857,0.0,0.0,0.625,0.0,0.0,0.0,0.0,0.5,0.0,0.0,0.0,0.0,0.0,0.0,0.75,0.0,0.0,0.0,0.0,0.0,0.0,0.375
PTFFVV,0,1,0.5,0.0,0.0,0.0,0.0,0.166667,1.0,0.0,0.0,0.0,0.333333,0.166667,0.0,0.0,0.0,0.666667,0.0,0.166667,0.0,0.0,0.0,0.0,1.0,0.0,0.0,0.0,0.0,0.0,0.0,0.666667
SDQEGPVPERKG,0,2,0.416667,0.0,0.0,0.0,0.0,0.166667,1.0,0.0,0.0,0.0,0.416667,0.166667,0.0,0.0,0.0,0.083333,0.0,0.416667,0.0,0.0,0.0,0.0,1.0,0.0,0.0,0.0,0.083333,0.0,0.0,0.083333
FLFRLDTR,0,3,0.25,0.25,0.0,0.0,0.0,0.0,1.0,0.0,0.0,0.0,0.125,0.125,0.0,0.0,0.0,0.5,0.0,0.25,0.0,0.0,0.0,0.0,0.875,0.0,0.0,0.0,0.0,0.0,0.0,0.5
DLEWTQ,0,4,0.166667,0.166667,0.0,0.0,0.0,0.0,1.0,0.0,0.0,0.0,0.166667,0.333333,0.0,0.0,0.0,0.166667,0.0,0.666667,0.0,0.0,0.0,0.0,1.0,0.0,0.0,0.0,0.166667,0.0,0.0,0.333333
PLAPQA,0,0,0.833333,0.166667,0.0,0.0,0.0,0.333333,1.0,0.0,0.0,0.0,0.666667,0.166667,0.0,0.0,0.0,0.5,0.0,0.166667,0.0,0.0,0.0,0.0,1.0,0.0,0.0,0.0,0.166667,0.0,0.0,0.166667
TVFALRRG,0,1,0.5,0.125,0.0,0.0,0.0,0.0,1.0,0.0,0.0,0.0,0.375,0.125,0.0,0.0,0.0,0.5,0.0,0.125,0.0,0.0,0.0,0.0,1.0,0.0,0.0,0.0,0.0,0.0,0.0,0.375
GDFQADGLRVKASVFR,0,2,0.4375,0.0625,0.0,0.0,0.0,0.0,1.0,0.0,0.0,0.0,0.3125,0.125,0.0,0.0,0.0,0.4375,0.0,0.25,0.0,0.071429,0.0,0.0,0.9375,0.1,0.0,0.0,0.0625,0.0,0.0,0.3125
ALKFA,0,3,0.6,0.2,0.0,0.0,0.0,0.0,1.0,0.0,0.0,0.0,0.4,0.0,0.0,0.0,0.0,0.8,0.0,0.0,0.0,0.0,0.0,0.0,1.0,0.0,0.0,0.0,0.0,0.0,0.0,0.4
QSL,0,4,0.333333,0.333333,0.0,0.0,0.0,0.0,1.0,0.0,0.0,0.0,0.333333,0.666667,0.0,0.0,0.0,0.333333,0.0,0.666667,0.0,0.0,0.0,0.0,1.0,0.0,0.0,0.0,0.333333,0.0,0.0,0.333333
KP,0,0,0.5,0.0,0.0,0.0,0.0,0.5,1.0,0.0,0.0,0.0,0.5,0.0,0.0,0.0,0.0,0.0,0.0,0.0,0.0,0.0,0.0,0.0,1.0,0.0,0.0,0.0,0.0,0.0,0.0,0.0
LLF,0,1,0.666667,0.666667,0.0,0.0,0.0,0.0,0.666667,0.0,0.0,0.0,0.0,0.0,0.0,0.0,0.0,1.0,0.0,0.0,0.0,0.0,0.0,0.0,1.0,0.0,0.0,0.0,0.0,0.0,0.0,1.0
YNLDNFLA,0,2,0.375,0.25,0.0,0.0,0.0,0.0,1.0,0.0,0.0,0.0,0.25,0.25,0.0,0.0,0.0,0.5,0.0,0.5,0.0,0.0,0.0,0.0,1.0,0.0,0.0,0.0,0.0,0.0,0.0,0.375
RLL,0,3,0.666667,0.666667,0.0,0.0,0.0,0.0,1.0,0.0,0.0,0.0,0.0,0.0,0.0,0.0,0.0,0.666667,0.0,0.0,0.0,0.0,0.0,0.0,1.0,0.0,0.0,0.0,0.0,0.0,0.0,0.666667
GIAPSG,0,4,0.833333,0.0,0.0,0.0,0.0,0.166667,1.0,0.0,0.0,0.0,0.833333,0.166667,0.0,0.0,0.0,0.333333,0.0,0.166667,0.0,0.0,0.0,0.0,1.0,0.0,0.0,0.166667,0.0,0.0,0.2,0.166667
GLD,0,0,0.666667,0.333333,0.0,0.0,0.0,0.0,1.0,0.0,0.0,0.0,0.333333,0.0,0.0,0.0,0.0,0.333333,0.0,0.333333,0.0,0.0,0.0,0.0,0.666667,0.0,0.0,0.0,0.0,0.0,0.0,0.333333
PEPGFVDPPRSMEVLRK,0,1,0.470588,0.058824,0.0,0.0,0.0625,0.235294,1.0,0.0,0.0,0.0,0.352941,0.058824,0.0,0.0,0.0,0.294118,0.058824,0.235294,0.0,0.0,0.076923,0.0,0.882353,0.181818,0.0,0.0,0.0,0.0,0.0,0.294118
SRYN,0,2,0.0,0.0,0.0,0.0,0.0,0.0,1.0,0.0,0.0,0.0,0.5,0.5,0.0,0.0,0.0,0.0,0.0,0.75,0.0,0.0,0.0,0.0,1.0,0.0,0.0,0.0,0.0,0.0,0.0,0.0
NEEM,0,3,0.0,0.0,0.0,0.0,0.0,0.0,1.0,0.0,0.0,0.0,0.0,0.25,0.0,0.0,0.0,0.25,0.25,0.75,0.0,0.0,0.0,0.0,1.0,0.0,0.0,0.0,0.0,0.0,0.0,0.25
VRK,0,4,0.333333,0.0,0.0,0.0,0.0,0.0,1.0,0.0,0.0,0.0,0.0,0.0,0.0,0.0,0.0,0.333333,0.0,0.0,0.0,0.0,0.0,0.0,0.333333,0.0,0.0,0.0,0.0,0.0,0.0,0.333333
EPTTGGLDIRG,0,0,0.545455,0.090909,0.0,0.0,0.0,0.090909,1.0,0.0,0.0,0.0,0.545455,0.181818,0.0,0.0,0.0,0.181818,0.0,0.363636,0.0,0.0,0.0,0.0,1.0,0.2,0.0,0.090909,0.0,0.0,0.0,0.181818
DTPRF,0,1,0.2,0.0,0.0,0.0,0.0,0.2,0.8,0.0,0.0,0.0,0.4,0.2,0.0,0.0,0.0,0.2,0.0,0.4,0.0,0.0,0.0,0.0,1.0,0.0,0.0,0.0,0.0,0.0,0.0,0.2
MEN,0,2,0.0,0.0,0.0,0.0,0.0,0.0,1.0,0.0,0.0,0.0,0.0,0.333333,0.0,0.0,0.0,0.333333,0.333333,0.666667,0.0,0.0,0.0,0.0,1.0,0.0,0.0,0.0,0.0,0.0,0.0,0.333333
SAP,0,3,0.666667,0.0,0.0,0.0,0.0,0.333333,1.0,0.0,0.0,0.0,1.0,0.333333,0.0,0.0,0.0,0.333333,0.0,0.333333,0.0,0.0,0.0,0.0,1.0,0.0,0.0,0.0,0.0,0.0,0.0,0.0
DSWLNLG,0,4,0.428571,0.285714,0.0,0.0,0.0,0.0,1.0,0.0,0.0,0.0,0.285714,0.285714,0.0,0.0,0.0,0.285714,0.0,0.428571,0.0,0.0,0.0,0.0,1.0,0.0,0.0,0.0,0.0,0.0,0.0,0.428571
PRR,0,0,0.333333,0.0,0.0,0.0,0.0,0.333333,1.0,0.0,0.0,0.0,0.333333,0.0,0.0,0.0,0.0,0.0,0.0,0.0,0.0,0.0,0.0,0.0,0.333333,0.0,0.0,0.0,0.0,0.0,0.0,0.0
LRQSLLRTMP,0,1,0.4,0.3,0.0,0.0,0.0,0.1,1.0,0.0,0.0,0.0,0.3,0.3,0.0,0.0,0.0,0.4,0.1,0.3,0.0,0.0,0.0,0.0,1.0,0.0,0.0,0.0,0.1,0.0,0.0,0.4
LYI,0,2,0.666667,0.333333,0.0,0.0,0.0,0.0,1.0,0.0,0.0,0.0,0.333333,0.0,0.0,0.0,0.0,0.666667,0.0,0.333333,0.0,0.0,0.0,0.0,1.0,0.0,0.0,0.333333,0.0,0.0,0.0,0.666667
KGV,0,3,0.666667,0.0,0.0,0.0,0.0,0.0,1.0,0.0,0.0,0.0,0.333333,0.0,0.0,0.0,0.0,0.333333,0.0,0.0,0.0,0.0,0.0,0.0,1.0,0.0,0.0,0.0,0.0,0.0,0.0,0.333333
AGPC,0,4,0.75,0.0,0.0,0.0,0.0,0.25,1.0,0.0,0.0,0.0,0.75,0.25,0.0,0.0,0.0,0.5,0.0,0.0,0.0,0.0,0.0,0.0,1.0,0.0,0.0,0.0,0.0,0.0,0.0,0.25
EEVNSPNIEGEPILILAAKGELLFC,0,0,0.56,0.16,0.0,0.0,0.0,0.08,1.0,0.0,0.0,0.0,0.28,0.16,0.0,0.0,0.0,0.48,0.0,0.32,0.0,0.0,0.0,0.0,1.0,0.105263,0.0,0.12,0.0,0.0,0.0,0.4
VRVQD,0,1,0.4,0.0,0.0,0.0,0.0,0.0,1.0,0.0,0.0,0.0,0.0,0.2,0.0,0.0,0.0,0.4,0.0,0.4,0.0,0.0,0.0,0.0,0.8,0.0,0.0,0.0,0.2,0.0,0.0,0.4
RNKA,0,2,0.25,0.0,0.0,0.0,0.0,0.0,1.0,0.0,0.0,0.0,0.25,0.25,0.0,0.0,0.0,0.25,0.0,0.25,0.0,0.0,0.0,0.0,1.0,0.0,0.0,0.0,0.0,0.0,0.0,0.0
LFRHGTYRRTFLPGGEEETED,0,3,0.285714,0.095238,0.0,0.0,0.0,0.047619,1.0,0.0,0.05,0.0,0.428571,0.142857,0.0,0.0,0.0,0.190476,0.0,0.428571,0.0,0.0,0.0,0.0,0.904762,0.066667,0.0,0.0,0.0,0.0,0.0,0.190476
DIQ,0,4,0.333333,0.0,0.0,0.0,0.0,0.0,1.0,0.0,0.0,0.0,0.0,0.333333,0.0,0.0,0.0,0.333333,0.0,0.666667,0.0,0.0,0.0,0.0,1.0,0.0,0.0,0.333333,0.333333,0.0,0.0,0.333333
LIRVTNTKLLINVGSSEKEDLPRIED,0,0,0.423077,0.153846,0.0,0.0,0.0,0.038462,1.0,0.0,0.0,0.0,0.230769,0.230769,0.0,0.0,0.0,0.346154,0.0,0.423077,0.0,0.0,0.0,0.0,0.923077,0.15,0.0,0.115385,0.0,0.0,0.0,0.346154
ENS,0,1,0.0,0.0,0.0,0.0,0.0,0.0,1.0,0.0,0.0,0.0,0.333333,0.666667,0.0,0.0,0.0,0.0,0.0,1.0,0.0,0.0,0.0,0.0,1.0,0.0,0.0,0.0,0.0,0.0,0.0,0.0
EPFAILM,0,2,0.571429,0.142857,0.0,0.0,0.0,0.142857,1.0,0.0,0.0,0.0,0.285714,0.0,0.0,0.0,0.0,0.714286,0.142857,0.142857,0.166667,0.0,0.0,0.0,1.0,0.0,0.0,0.142857,0.0,0.0,0.0,0.571429
LPDEVSG,0,3,0.571429,0.142857,0.0,0.0,0.0,0.142857,1.0,0.0,0.0,0.0,0.428571,0.142857,0.0,0.0,0.0,0.285714,0.0,0.428571,0.0,0.0,0.0,0.0,1.0,0.0,0.0,0.0,0.0,0.0,0.0,0.285714
KAFT,0,4,0.25,0.0,0.0,0.0,0.0,0.0,1.0,0.0,0.0,0.0,0.5,0.25,0.0,0.0,0.0,0.5,0.0,0.25,0.0,0.0,0.0,0.0,1.0,0.0,0.0,0.0,0.0,0.0,0.0,0.25
DDD,0,0,0.0,0.0,0.0,0.0,0.0,0.0,1.0,0.0,0.0,0.0,0.0,0.0,0.0,0.0,0.0,0.0,0.0,1.0,0.0,0.0,0.0,0.0,0.0,0.0,0.0,0.0,0.0,0.0,0.0,0.0
GRSW,0,1,0.25,0.0,0.0,0.0,0.333333,0.0,0.75,0.0,0.0,0.0,0.5,0.25,0.0,0.0,0.0,0.0,0.0,0.25,0.0,0.0,0.0,0.0,1.0,0.0,0.0,0.0,0.0,0.0,0.0,0.25
QTM,0,2,0.0,0.0,0.0,0.0,0.0,0.0,1.0,0.0,0.0,0.0,0.333333,0.666667,0.0,0.0,0.0,0.333333,0.333333,0.666667,0.0,0.0,0.0,0.0,1.0,0.0,0.0,0.0,0.333333,0.0,0.0,0.333333
DLE,0,3,0.333333,0.333333,0.0,0.0,0.0,0.0,1.0,0.0,0.0,0.0,0.0,0.0,0.0,0.0,0.0,0.333333,0.0,0.666667,0.0,0.0,0.0,0.0,0.666667,0.0,0.0,0.0,0.0,0.0,0.0,0.333333
YDKGQ,0,4,0.2,0.0,0.0,0.0,0.0,0.0,1.0,0.0,0.0,0.0,0.4,0.2,0.0,0.0,0.0,0.0,0.0,0.6,0.0,0.0,0.0,0.0,1.0,0.0,0.0,0.0,0.2,0.0,0.0,0.0
LAL,0,0,1.0,0.666667,0.0,0.0,0.0,0.0,1.0,0.0,0.0,0.0,0.333333,0.0,0.0,0.0,0.0,1.0,0.0,0.0,0.0,0.0,0.0,0.0,1.0,0.0,0.0,0.0,0.0,0.0,0.0,0.666667
RTP,0,1,0.333333,0.0,0.0,0.0,0.0,0.333333,1.0,0.0,0.0,0.0,0.666667,0.333333,0.0,0.0,0.0,0.0,0.0,0.333333,0.0,0.0,0.0,0.0,1.0,0.0,0.0,0.0,0.0,0.0,0.0,0.0
QGMLELYLNNSG,0,2,0.416667,0.25,0.0,0.0,0.0,0.0,1.0,0.0,0.0,0.0,0.333333,0.333333,0.0,0.0,0.0,0.333333,0.083333,0.5,0.0,0.0,0.0,0.0,1.0,0.0,0.0,0.0,0.083333,0.0,0.0,0.333333
PTP,0,3,0.666667,0.0,0.0,0.0,0.0,0.666667,1.0,0.0,0.0,0.0,1.0,0.333333,0.0,0.0,0.0,0.0,0.0,0.333333,0.0,0.0,0.0,0.0,1.0,0.0,0.0,0.0,0.0,0.0,0.0,0.0
SPEAPQKECFY,0,4,0.272727,0.0,0.0,0.0,0.0,0.181818,0.818182,0.0,0.0,0.0,0.454545,0.272727,0.0,0.0,0.0,0.272727,0.0,0.454545,0.0,0.0,0.0,0.0,1.0,0.0,0.0,0.0,0.090909,0.0,0.0,0.181818
MA,0,0,0.5,0.0,0.0,0.0,0.0,0.0,1.0,0.0,0.0,0.0,0.5,0.0,0.0,0.0,0.0,1.0,0.5,0.0,0.0,0.0,0.0,0.0,1.0,0.0,0.0,0.0,0.0,0.0,0.0,0.5
LAGKPQQEHSGEHQ,0,1,0.357143,0.071429,0.0,0.0,0.0,0.071429,1.0,0.0,0.0,0.0,0.5,0.285714,0.0,0.0,0.0,0.142857,0.0,0.428571,0.0,0.0,0.0,0.0,1.0,0.0,0.0,0.0,0.214286,0.0,0.0,0.071429
NIAQ,0,2,0.5,0.0,0.0,0.0,0.0,0.0,1.0,0.0,0.0,0.0,0.25,0.5,0.0,0.0,0.0,0.5,0.0,0.5,0.0,0.0,0.0,0.0,1.0,0.0,0.0,0.25,0.25,0.0,0.0,0.25
FFRSKLLSDGAAAKGALLPQYW,0,3,0.5,0.181818,0.0,0.0,0.047619,0.045455,0.909091,0.0,0.0,0.0,0.454545,0.136364,0.0,0.0,0.0,0.454545,0.0,0.227273,0.0,0.0,0.055556,0.0,1.0,0.0,0.0,0.0,0.045455,0.0,0.0,0.318182
HDT,0,4,0.0,0.0,0.0,0.0,0.0,0.0,1.0,0.0,0.0,0.0,0.666667,0.333333,0.0,0.0,0.0,0.0,0.0,0.666667,0.0,0.0,0.0,0.0,1.0,0.0,0.0,0.0,0.0,0.0,0.0,0.0
VRDQGIMERTGAD,0,0,0.384615,0.0,0.0,0.0,0.0,0.0,1.0,0.0,0.0,0.0,0.307692,0.153846,0.0,0.0,0.0,0.307692,0.076923,0.384615,0.0,0.0,0.0,0.0,0.923077,0.142857,0.0,0.076923,0.076923,0.0,0.0,0.230769
DRE,0,1,0.0,0.0,0.0,0.0,0.0,0.0,1.0,0.0,0.0,0.0,0.0,0.0,0.0,0.0,0.0,0.0,0.0,0.666667,0.0,0.0,0.0,0.0,0.0,0.0,0.0,0.0,0.0,0.0,0.0,0.0
YWRLTTKKP,0,2,0.222222,0.111111,0.0,0.0,0.0,0.111111,1.0,0.0,0.0,0.0,0.444444,0.222222,0.0,0.0,0.0,0.111111,0.0,0.333333,0.0,0.0,0.0,0.0,1.0,0.0,0.0,0.0,0.0,0.0,0.0,0.222222
AQK,0,3,0.333333,0.0,0.0,0.0,0.0,0.0,1.0,0.0,0.0,0.0,0.333333,0.333333,0.0,0.0,0.0,0.333333,0.0,0.333333,0.0,0.0,0.0,0.0,0.666667,0.0,0.0,0.0,0.333333,0.0,0.0,0.0
VNFF,0,4,0.25,0.0,0.0,0.0,0.0,0.0,0.5,0.0,0.0,0.0,0.0,0.25,0.0,0.0,0.0,0.75,0.0,0.25,0.0,0.0,0.0,0.0,1.0,0.0,0.0,0.0,0.0,0.0,0.0,0.75
YKTAELIPNR,0,0,0.4,0.1,0.0,0.0,0.0,0.1,1.0,0.0,0.0,0.0,0.4,0.2,0.0,0.0,0.0,0.3,0.0,0.4,0.0,0.0,0.0,0.0,0.9,0.0,0.0,0.1,0.0,0.0,0.0,0.2
SELMVSEPI,0,1,0.444444,0.111111,0.0,0.0,0.0,0.111111,1.0,0.0,0.0,0.0,0.333333,0.222222,0.0,0.0,0.0,0.444444,0.111111,0.444444,0.0,0.0,0.0,0.0,1.0,0.0,0.0,0.111111,0.0,0.0,0.0,0.444444
EMLIRIL,0,2,0.571429,0.285714,0.0,0.0,0.0,0.0,1.0,0.0,0.0,0.0,0.0,0.0,0.0,0.0,0.0,0.714286,0.142857,0.142857,0.0,0.0,0.0,0.0,1.0,0.0,0.0,0.285714,0.0,0.0,0.0,0.714286
SLT,0,3,0.333333,0.333333,0.0,0.0,0.0,0.0,1.0,0.0,0.0,0.0,0.666667,0.666667,0.0,0.0,0.0,0.333333,0.0,0.666667,0.0,0.0,0.0,0.0,1.0,0.0,0.0,0.0,0.0,0.0,0.0,0.333333
MKG,0,4,0.333333,0.0,0.0,0.0,0.0,0.0,1.0,0.0,0.0,0.0,0.333333,0.0,0.0,0.0,0.0,0.333333,0.333333,0.0,0.0,0.0,0.0,0.0,1.0,0.0,0.0,0.0,0.0,0.0,0.0,0.333333
FPAHST,0,0,0.333333,0.0,0.0,0.0,0.0,0.166667,1.0,0.0,0.0,0.0,0.833333,0.333333,0.0,0.0,0.0,0.333333,0.0,0.333333,0.0,0.0,0.0,0.0,1.0,0.0,0.0,0.0,0.0,0.0,0.0,0.166667
DLD,0,1,0.333333,0.333333,0.0,0.0,0.0,0.0,1.0,0.0,0.0,0.0,0.0,0.0,0.0,0.0,0.0,0.333333,0.0,0.666667,0.0,0.0,0.0,0.0,0.666667,0.0,0.0,0.0,0.0,0.0,0.0,0.333333
RKTELYRFGVLAVGASS,0,2,0.470588,0.117647,0.0,0.0,0.0,0.0,1.0,0.0,0.0,0.0,0.470588,0.176471,0.0,0.0,0.0,0.411765,0.0,0.294118,0.0,0.0,0.0,0.0,1.0,0.181818,0.0,0.0,0.0,0.0,0.0,0.294118
LLA,0,3,1.0,0.666667,0.0,0.0,0.0,0.0,1.0,0.0,0.0,0.0,0.333333,0.0,0.0,0.0,0.0,1.0,0.0,0.0,0.0,0.0,0.0,0.0,1.0,0.0,0.0,0.0,0.0,0.0,0.0,0.666667
TMK,0,4,0.0,0.0,0.0,0.0,0.0,0.0,1.0,0.0,0.0,0.0,0.333333,0.333333,0.0,0.0,0.0,0.333333,0.333333,0.333333,0.0,0.0,0.0,0.0,0.666667,0.0,0.0,0.0,0.0,0.0,0.0,0.333333
NNEYKT,0,0,0.0,0.0,0.0,0.0,0.0,0.0,1.0,0.0,0.0,0.0,0.333333,0.5,0.0,0.0,0.0,0.0,0.0,0.833333,0.0,0.0,0.0,0.0,1.0,0.0,0.0,0.0,0.0,0.0,0.0,0.0
KPLSYEH,0,1,0.285714,0.142857,0.0,0.0,0.0,0.142857,0.857143,0.0,0.0,0.0,0.571429,0.142857,0.0,0.0,0.0,0.142857,0.0,0.428571,0.0,0.0,0.0,0.0,0.714286,0.0,0.0,0.0,0.0,0.0,0.0,0.142857
ILILHIQLQVP,0,2,0.727273,0.272727,0.0,0.1,0.0,0.090909,1.0,0.0,0.0,0.0,0.181818,0.181818,0.0,0.0,0.0,0.636364,0.0,0.181818,0.0,0.0,0.0,0.0,1.0,0.2,0.0,0.272727,0.181818,0.0,0.0,0.636364
NTS,0,3,0.0,0.0,0.0,0.0,0.0,0.0,1.0,0.0,0.0,0.0,0.666667,1.0,0.0,0.0,0.0,0.0,0.0,1.0,0.0,0.0,0.0,0.0,1.0,0.0,0.0,0.0,0.0,0.0,0.0,0.0
VGS,0,4,0.666667,0.0,0.0,0.0,0.0,0.0,1.0,0.0,0.0,0.0,0.666667,0.333333,0.0,0.0,0.0,0.333333,0.0,0.333333,0.0,0.0,0.0,0.0,1.0,0.0,0.0,0.0,0.0,0.0,0.0,0.333333
FLVNDCI,0,0,0.428571,0.142857,0.0,0.0,0.0,0.0,1.0,0.0,0.0,0.0,0.0,0.285714,0.0,0.0,0.0,0.714286,0.0,0.285714,0.0,0.0,0.0,0.0,1.0,0.0,0.0,0.142857,0.0,0.0,0.0,0.714286
KAAGPTE,0,1,0.571429,0.0,0.0,0.0,0.0,0.142857,1.0,0.0,0.0,0.0,0.714286,0.142857,0.0,0.0,0.0,0.285714,0.0,0.285714,0.0,0.0,0.0,0.0,0.857143,0.0,0.0,0.0,0.0,0.0,0.0,0.0
AEK,0,2,0.333333,0.0,0.0,0.0,0.0,0.0,1.0,0.0,0.0,0.0,0.333333,0.0,0.0,0.0,0.0,0.333333,0.0,0.333333,0.0,0.0,0.0,0.0,0.333333,0.0,0.0,0.0,0.0,0.0,0.0,0.0
DHHQ,0,3,0.0,0.0,0.0,0.0,0.0,0.0,1.0,0.0,0.0,0.0,0.5,0.25,0.0,0.0,0.0,0.0,0.0,0.5,0.0,0.0,0.0,0.0,1.0,0.0,0.0,0.0,0.25,0.0,0.0,0.0
SDDE,0,4,0.0,0.0,0.0,0.0,0.0,0.0,1.0,0.0,0.0,0.0,0.25,0.25,0.0,0.0,0.0,0.0,0.0,1.0,0.0,0.0,0.0,0.0,0.25,0.0,0.0,0.0,0.0,0.0,0.0,0.0
FMGHIASRT,0,0,0.333333,0.0,0.0,0.0,0.0,0.0,1.0,0.0,0.0,0.0,0.555556,0.222222,0.0,0.0,0.0,0.444444,0.111111,0.222222,0.0,0.0,0.0,0.0,1.0,0.0,0.0,0.111111,0.0,0.0,0.0,0.333333
FDGSGYRFCAPDKYAVQQYKE,0,1,0.285714,0.0,0.0,0.0,0.0,0.047619,1.0,0.0,0.0,0.0,0.428571,0.190476,0.0,0.0,0.0,0.285714,0.0,0.428571,0.0,0.052632,0.0,0.0,0.904762,0.0,0.0,0.0,0.095238,0.0,0.0,0.190476
LG,0,2,1.0,0.5,0.0,0.0,0.0,0.0,1.0,0.0,0.0,0.0,0.5,0.0,0.0,0.0,0.0,0.5,0.0,0.0,0.0,0.0,0.0,0.0,1.0,0.0,0.0,0.0,0.0,0.0,0.0,0.5
LAGLD,0,3,0.8,0.4,0.0,0.0,0.0,0.0,1.0,0.0,0.0,0.0,0.4,0.0,0.0,0.0,0.0,0.6,0.0,0.2,0.0,0.0,0.0,0.0,0.8,0.0,0.0,0.0,0.0,0.0,0.0,0.4
IIA,0,4,1.0,0.0,0.0,0.0,0.0,0.0,1.0,0.0,0.0,0.0,0.333333,0.0,0.0,0.0,0.0,1.0,0.0,0.0,0.0,0.0,0.0,0.0,1.0,0.0,0.0,0.666667,0.0,0.0,0.0,0.666667
PEV,0,0,0.666667,0.0,0.0,0.0,0.0,0.333333,1.0,0.0,0.0,0.0,0.333333,0.0,0.0,0.0,0.0,0.333333,0.0,0.333333,0.0,0.0,0.0,0.0,1.0,0.0,0.0,0.0,0.0,0.0,0.0,0.333333
FCM,0,1,0.0,0.0,0.0,0.0,0.0,0.0,1.0,0.0,0.0,0.0,0.0,0.333333,0.0,0.0,0.0,1.0,0.333333,0.0,0.0,0.0,0.0,0.0,1.0,0.0,0.0,0.0,0.0,0.0,0.0,1.0
GFSSMG,0,2,0.333333,0.0,0.0,0.0,0.0,0.0,1.0,0.0,0.0,0.0,0.666667,0.333333,0.0,0.0,0.0,0.333333,0.166667,0.333333,0.0,0.0,0.0,0.0,1.0,0.0,0.0,0.0,0.0,0.0,0.0,0.333333
VDSNI,0,3,0.4,0.0,0.0,0.0,0.0,0.0,1.0,0.0,0.0,0.0,0.2,0.4,0.0,0.0,0.0,0.4,0.0,0.6,0.0,0.0,0.0,0.0,1.0,0.0,0.0,0.2,0.0,0.0,0.0,0.4
LPWRPATNVF,0,4,0.5,0.1,0.0,0.0,0.0,0.2,0.9,0.0,0.0,0.0,0.4,0.2,0.0,0.0,0.0,0.4,0.0,0.2,0.0,0.0,0.0,0.0,1.0,0.0,0.0,0.0,0.0,0.0,0.0,0.4
LLFS,0,0,0.5,0.5,0.0,0.0,0.0,0.0,1.0,0.0,0.0,0.0,0.25,0.25,0.0,0.0,0.0,0.75,0.0,0.25,0.0,0.0,0.0,0.0,1.0,0.0,0.0,0.0,0.0,0.0,0.0,0.75
KHNHRD,0,1,0.0,0.0,0.0,0.0,0.0,0.0,1.0,0.0,0.0,0.0,0.333333,0.166667,0.0,0.0,0.0,0.0,0.0,0.333333,0.0,0.0,0.0,0.0,0.5,0.0,0.0,0.0,0.0,0.0,0.0,0.0
IK,0,2,0.5,0.0,0.0,0.0,0.0,0.0,1.0,0.0,0.0,0.0,0.0,0.0,0.0,0.0,0.0,0.5,0.0,0.0,0.0,0.0,0.0,0.0,0.5,0.0,0.0,0.5,0.0,0.0,0.0,0.5
LCDILY,0,3,0.5,0.333333,0.0,0.0,0.0,0.0,0.833333,0.0,0.0,0.0,0.166667,0.166667,0.0,0.0,0.0,0.666667,0.0,0.333333,0.0,0.0,0.0,0.0,1.0,0.0,0.0,0.166667,0.0,0.0,0.0,0.666667
KPADLMSPVI,0,4,0.6,0.1,0.0,0.0,0.0,0.2,1.0,0.0,0.0,0.0,0.4,0.1,0.0,0.0,0.0,0.5,0.1,0.2,0.0,0.0,0.0,0.0,1.0,0.25,0.0,0.1,0.0,0.0,0.0,0.4
YNQAEMGTG,0,0,0.333333,0.0,0.0,0.0,0.0,0.0,1.0,0.0,0.0,0.0,0.555556,0.333333,0.0,0.0,0.0,0.222222,0.111111,0.555556,0.0,0.0,0.0,0.0,1.0,0.0,0.0,0.0,0.111111,0.0,0.0,0.111111
QKV,0,1,0.333333,0.0,0.0,0.0,0.0,0.0,1.0,0.0,0.0,0.0,0.0,0.333333,0.0,0.0,0.0,0.333333,0.0,0.333333,0.0,0.0,0.0,0.0,1.0,0.0,0.0,0.0,0.333333,0.0,0.0,0.333333
YDT,0,2,0.0,0.0,0.0,0.0,0.0,0.0,1.0,0.0,0.0,0.0,0.666667,0.333333,0.0,0.0,0.0,0.0,0.0,1.0,0.0,0.0,0.0,0.0,1.0,0.0,0.0,0.0,0.0,0.0,0.0,0.0
TF,0,3,0.0,0.0,0.0,0.0,0.0,0.0,0.5,0.0,0.0,0.0,0.5,0.5,0.0,0.0,0.0,0.5,0.0,0.5,0.0,0.0,0.0,0.0,1.0,0.0,0.0,0.0,0.0,0.0,0.0,0.5
IRLCGGNKSL,0,4,0.5,0.2,0.0,0.0,0.0,0.0,1.0,0.0,0.0,0.0,0.3,0.3,0.0,0.0,0.0,0.4,0.0,0.2,0.0,0.0,0.0,0.0,1.0,0.0,0.142857,0.1,0.0,0.0,0.0,0.4
IDA,0,0,0.666667,0.0,0.0,0.0,0.0,0.0,1.0,0.0,0.0,0.0,0.333333,0.0,0.0,0.0,0.0,0.666667,0.0,0.333333,0.0,0.0,0.0,0.0,1.0,0.0,0.0,0.333333,0.0,0.0,0.0,0.333333
LAM,0,1,0.666667,0.333333,0.0,0.0,0.0,0.0,1.0,0.0,0.0,0.0,0.333333,0.0,0.0,0.0,0.0,1.0,0.333333,0.0,0.0,0.0,0.0,0.0,1.0,0.0,0.0,0.0,0.0,0.0,0.0,0.666667
RADPNFT,0,2,0.285714,0.0,0.0,0.0,0.0,0.142857,1.0,0.0,0.0,0.0,0.428571,0.285714,0.0,0.0,0.0,0.285714,0.0,0.428571,0.0,0.0,0.0,0.0,1.0,0.0,0.0,0.0,0.0,0.0,0.0,0.142857
SFN,0,3,0.0,0.0,0.0,0.0,0.0,0.0,1.0,0.0,0.0,0.0,0.333333,0.666667,0.0,0.0,0.0,0.333333,0.0,0.666667,0.0,0.0,0.0,0.0,1.0,0.0,0.0,0.0,0.0,0.0,0.0,0.333333
PLAQPA,0,4,0.833333,0.166667,0.0,0.0,0.0,0.333333,1.0,0.0,0.0,0.0,0.666667,0.166667,0.0,0.0,0.0,0.5,0.0,0.166667,0.0,0.0,0.0,0.0,1.0,0.0,0.0,0.0,0.166667,0.0,0.0,0.166667
CT,0,0,0.0,0.0,0.0,0.0,0.0,0.0,1.0,0.0,0.0,0.0,0.5,1.0,0.0,0.0,0.0,0.5,0.0,0.5,0.0,0.0,0.0,0.0,1.0,0.0,0.0,0.0,0.0,0.0,0.0,0.5
DAL,0,1,0.666667,0.333333,0.0,0.0,0.0,0.0,1.0,0.0,0.0,0.0,0.333333,0.0,0.0,0.0,0.0,0.666667,0.0,0.333333,0.0,0.0,0.0,0.0,1.0,0.0,0.0,0.0,0.0,0.0,0.0,0.333333
EIL,0,2,0.666667,0.333333,0.0,0.0,0.0,0.0,1.0,0.0,0.0,0.0,0.0,0.0,0.0,0.0,0.0,0.666667,0.0,0.333333,0.0,0.0,0.0,0.0,1.0,0.0,0.0,0.333333,0.0,0.0,0.0,0.666667
PGLPKK,0,3,0.666667,0.166667,0.0,0.0,0.0,0.333333,1.0,0.0,0.0,0.0,0.5,0.0,0.0,0.0,0.0,0.166667,0.0,0.0,0.0,0.0,0.0,0.0,0.666667,0.0,0.0,0.0,0.0,0.0,0.0,0.166667
LK,0,4,0.5,0.5,0.0,0.0,0.0,0.0,1.0,0.0,0.0,0.0,0.0,0.0,0.0,0.0,0.0,0.5,0.0,0.0,0.0,0.0,0.0,0.0,0.5,0.0,0.0,0.0,0.0,0.0,0.0,0.5
HLPLP,0,0,0.8,0.4,0.0,0.0,0.0,0.4,1.0,0.0,0.0,0.0,0.6,0.0,0.0,0.0,0.0,0.4,0.0,0.0,0.0,0.0,0.0,0.0,1.0,0.0,0.0,0.0,0.0,0.0,0.0,0.4
LKP,0,1,0.666667,0.333333,0.0,0.0,0.0,0.333333,1.0,0.0,0.0,0.0,0.333333,0.0,0.0,0.0,0.0,0.333333,0.0,0.0,0.0,0.0,0.0,0.0,1.0,0.0,0.0,0.0,0.0,0.0,0.0,0.333333
FAINVWGRAT,0,2,0.5,0.0,0.0,0.0,0.0,0.0,1.0,0.0,0.0,0.0,0.4,0.2,0.0,0.0,0.0,0.5,0.0,0.2,0.0,0.0,0.0,0.0,1.0,0.0,0.0,0.1,0.0,0.0,0.0,0.4
SDNRNQGY,0,3,0.125,0.0,0.0,0.0,0.0,0.0,0.875,0.0,0.0,0.0,0.375,0.5,0.0,0.0,0.0,0.0,0.0,0.75,0.0,0.0,0.0,0.0,1.0,0.0,0.0,0.0,0.125,0.0,0.0,0.0
TGQSSN,0,4,0.166667,0.0,0.0,0.0,0.0,0.0,1.0,0.0,0.0,0.0,0.666667,0.833333,0.0,0.0,0.0,0.0,0.0,0.833333,0.0,0.0,0.0,0.0,1.0,0.0,0.0,0.0,0.166667,0.0,0.0,0.0
GHTV,0,0,0.5,0.0,0.0,0.0,0.0,0.0,1.0,0.0,0.0,0.0,0.75,0.25,0.0,0.0,0.0,0.25,0.0,0.25,0.0,0.0,0.0,0.0,1.0,0.0,0.0,0.0,0.0,0.0,0.0,0.25
IPA,0,1,1.0,0.0,0.0,0.0,0.0,0.333333,1.0,0.0,0.0,0.0,0.666667,0.0,0.0,0.0,0.0,0.666667,0.0,0.0,0.0,0.0,0.0,0.0,1.0,0.0,0.0,0.333333,0.0,0.0,0.0,0.333333
VVQ,0,2,0.666667,0.0,0.0,0.0,0.0,0.0,1.0,0.0,0.0,0.0,0.0,0.333333,0.0,0.0,0.0,0.666667,0.0,0.333333,0.0,0.0,0.0,0.0,1.0,0.0,0.0,0.0,0.333333,0.0,0.0,0.666667
WQDEKVNPAFAA,0,3,0.416667,0.0,0.0,0.0,0.0,0.083333,1.0,0.0,0.0,0.0,0.333333,0.166667,0.0,0.0,0.0,0.416667,0.0,0.333333,0.0,0.0,0.0,0.0,1.0,0.0,0.0,0.0,0.083333,0.0,0.0,0.25
AAV,0,4,1.0,0.0,0.0,0.0,0.0,0.0,1.0,0.0,0.0,0.0,0.666667,0.0,0.0,0.0,0.0,1.0,0.0,0.0,0.0,0.0,0.0,0.0,1.0,0.0,0.0,0.0,0.0,0.0,0.0,0.333333
YVEGM,0,0,0.4,0.0,0.0,0.0,0.0,0.0,1.0,0.0,0.0,0.0,0.4,0.0,0.0,0.0,0.0,0.4,0.2,0.4,0.0,0.0,0.0,0.0,1.0,0.0,0.0,0.0,0.0,0.0,0.0,0.4
AQSD,0,1,0.25,0.0,0.0,0.0,0.0,0.0,1.0,0.0,0.0,0.0,0.5,0.5,0.0,0.0,0.0,0.25,0.0,0.75,0.0,0.0,0.0,0.0,0.75,0.0,0.0,0.0,0.25,0.0,0.0,0.0
NEAGNIPTIGWQNL,0,2,0.5,0.071429,0.0,0.0,0.0,0.071429,1.0,0.0,0.0,0.0,0.357143,0.357143,0.0,0.0,0.0,0.285714,0.0,0.428571,0.0,0.0,0.0,0.0,1.0,0.125,0.0,0.142857,0.071429,0.0,0.0,0.285714
YTIMGQFSPLAKML,0,3,0.428571,0.142857,0.0,0.0,0.0,0.071429,1.0,0.0,0.0,0.0,0.428571,0.214286,0.0,0.0,0.076923,0.5,0.142857,0.285714,0.0,0.0,0.1,0.0,1.0,0.0,0.0,0.071429,0.071429,0.0,0.0,0.428571
ELK,0,4,0.333333,0.333333,0.0,0.0,0.0,0.0,1.0,0.0,0.0,0.0,0.0,0.0,0.0,0.0,0.0,0.333333,0.0,0.333333,0.0,0.0,0.0,0.0,0.666667,0.0,0.0,0.0,0.0,0.0,0.0,0.333333
VPPLYPN,0,0,0.714286,0.142857,0.0,0.0,0.0,0.428571,1.0,0.0,0.0,0.0,0.571429,0.142857,0.0,0.0,0.0,0.285714,0.0,0.285714,0.0,0.0,0.0,0.0,1.0,0.0,0.0,0.0,0.0,0.0,0.0,0.285714
KQS,0,1,0.0,0.0,0.0,0.0,0.0,0.0,1.0,0.0,0.0,0.0,0.333333,0.666667,0.0,0.0,0.0,0.0,0.0,0.666667,0.0,0.0,0.0,0.0,1.0,0.0,0.0,0.0,0.333333,0.0,0.0,0.0
VPVQA,0,2,0.8,0.0,0.0,0.0,0.0,0.2,1.0,0.0,0.0,0.0,0.4,0.2,0.0,0.0,0.0,0.6,0.0,0.2,0.0,0.0,0.0,0.0,1.0,0.0,0.0,0.0,0.2,0.0,0.0,0.4
LIV,0,3,1.0,0.333333,0.0,0.0,0.0,0.0,1.0,0.0,0.0,0.0,0.0,0.0,0.0,0.0,0.0,1.0,0.0,0.0,0.0,0.0,0.0,0.0,1.0,0.0,0.0,0.333333,0.0,0.0,0.0,1.0
HVIKPPSRA,0,4,0.555556,0.0,0.0,0.0,0.0,0.222222,1.0,0.0,0.0,0.0,0.555556,0.111111,0.0,0.0,0.0,0.333333,0.0,0.111111,0.0,0.0,0.0,0.0,1.0,0.0,0.0,0.111111,0.0,0.0,0.125,0.222222
KRKQ,0,0,0.0,0.0,0.0,0.0,0.0,0.0,1.0,0.0,0.0,0.0,0.0,0.25,0.0,0.0,0.0,0.0,0.0,0.25,0.0,0.0,0.0,0.0,1.0,0.0,0.0,0.0,0.25,0.0,0.0,0.0
TTLVGS,0,1,0.5,0.166667,0.0,0.0,0.0,0.0,1.0,0.0,0.0,0.0,0.666667,0.5,0.0,0.0,0.0,0.333333,0.0,0.5,0.0,0.0,0.0,0.0,1.0,0.0,0.0,0.0,0.0,0.0,0.0,0.333333
LVR,0,2,0.666667,0.333333,0.0,0.0,0.0,0.0,1.0,0.0,0.0,0.0,0.0,0.0,0.0,0.0,0.0,0.666667,0.0,0.0,0.0,0.0,0.0,0.0,0.666667,0.0,0.0,0.0,0.0,0.0,0.0,0.666667
LIRIRIGT,0,3,0.625,0.125,0.0,0.0,0.0,0.0,1.0,0.0,0.0,0.0,0.25,0.125,0.0,0.0,0.0,0.5,0.0,0.125,0.0,0.0,0.0,0.0,1.0,0.0,0.0,0.375,0.0,0.0,0.0,0.5
ALK,0,4,0.666667,0.333333,0.0,0.0,0.0,0.0,1.0,0.0,0.0,0.0,0.333333,0.0,0.0,0.0,0.0,0.666667,0.0,0.0,0.0,0.0,0.0,0.0,0.666667,0.0,0.0,0.0,0.0,0.0,0.0,0.333333
GDHYK,0,0,0.2,0.0,0.0,0.0,0.0,0.0,1.0,0.0,0.0,0.0,0.6,0.0,0.0,0.0,0.0,0.0,0.0,0.4,0.0,0.0,0.0,0.0,0.8,0.0,0.0,0.0,0.0,0.0,0.0,0.0
ESIINF,0,1,0.333333,0.0,0.0,0.0,0.0,0.0,0.833333,0.0,0.0,0.0,0.166667,0.333333,0.0,0.0,0.0,0.5,0.0,0.5,0.0,0.0,0.0,0.0,1.0,0.0,0.0,0.333333,0.0,0.0,0.0,0.5
IVT,0,2,0.666667,0.0,0.0,0.0,0.0,0.0,1.0,0.0,0.0,0.0,0.333333,0.333333,0.0,0.0,0.0,0.666667,0.0,0.333333,0.0,0.0,0.0,0.0,1.0,0.0,0.0,0.333333,0.0,0.0,0.0,0.666667
KIRVGKVFQILHSF,0,3,0.428571,0.071429,0.0,0.076923,0.0,0.0,0.928571,0.0,0.0,0.0,0.214286,0.142857,0.0,0.0,0.0,0.5,0.0,0.142857,0.0,0.0,0.0,0.0,1.0,0.125,0.0,0.142857,0.071429,0.0,0.0,0.5
PRNRY,0,4,0.2,0.0,0.0,0.0,0.0,0.2,0.8,0.0,0.0,0.0,0.4,0.2,0.0,0.0,0.0,0.0,0.0,0.4,0.0,0.0,0.0,0.0,1.0,0.0,0.0,0.0,0.0,0.0,0.0,0.0
DRQKT,0,0,0.0,0.0,0.0,0.0,0.0,0.0,1.0,0.0,0.0,0.0,0.2,0.4,0.0,0.0,0.0,0.0,0.0,0.6,0.0,0.0,0.0,0.0,1.0,0.0,0.0,0.0,0.2,0.0,0.0,0.0
RYASKVQLLLYDNVRVSTPANIQAWVMDQT,0,1,0.4,0.1,0.0,0.0,0.0,0.033333,1.0,0.0,0.0,0.0,0.333333,0.3,0.0,0.0,0.0,0.4,0.033333,0.433333,0.0,0.0,0.0,0.0,1.0,0.041667,0.0,0.033333,0.1,0.0,0.0,0.333333
HILGILSVLRDVNLLW,0,2,0.625,0.3125,0.066667,0.0,0.0,0.0,0.9375,0.0,0.0,0.0,0.1875,0.125,0.0,0.0,0.0,0.5625,0.0,0.1875,0.0,0.0,0.0,0.0,1.0,0.2,0.0,0.125,0.0,0.0,0.0,0.625
ACMVNKDG,0,3,0.375,0.0,0.0,0.0,0.0,0.0,1.0,0.0,0.0,0.0,0.25,0.25,0.0,0.0,0.0,0.5,0.125,0.25,0.0,0.0,0.0,0.0,1.0,0.0,0.2,0.0,0.0,0.0,0.0,0.375
SCH,0,4,0.0,0.0,0.0,0.0,0.0,0.0,0.666667,0.0,0.0,0.0,0.666667,0.666667,0.0,0.0,0.0,0.333333,0.0,0.333333,0.0,0.0,0.0,0.0,0.666667,0.0,0.0,0.0,0.0,0.0,0.0,0.333333
GQGLTLAVAIAAYFKMKIFGTL,0,0,0.590909,0.136364,0.0,0.0,0.0,0.0,1.0,0.0,0.0,0.0,0.454545,0.136364,0.0,0.0,0.047619,0.590909,0.045455,0.181818,0.0,0.0,0.0,0.0,1.0,0.0,0.0,0.090909,0.045455,0.0,0.0,0.409091
KLLVVYQNV,0,1,0.555556,0.222222,0.0,0.0,0.0,0.0,1.0,0.0,0.0,0.0,0.111111,0.222222,0.0,0.0,0.0,0.555556,0.0,0.333333,0.0,0.0,0.0,0.0,1.0,0.0,0.0,0.0,0.111111,0.0,0.0,0.555556
GFCLF,0,2,0.4,0.2,0.0,0.0,0.0,0.0,0.8,0.0,0.0,0.0,0.2,0.2,0.0,0.0,0.0,0.8,0.0,0.0,0.0,0.0,0.0,0.0,1.0,0.0,0.0,0.0,0.0,0.0,0.0,0.8
EELNEFKTYKIKVIK,0,3,0.266667,0.066667,0.0,0.0,0.0,0.0,1.0,0.0,0.0,0.0,0.133333,0.133333,0.0,0.0,0.0,0.333333,0.0,0.4,0.0,0.0,0.0,0.0,0.933333,0.0,0.0,0.133333,0.0,0.0,0.0,0.333333
SSQFELRFVN,0,4,0.2,0.1,0.0,0.0,0.0,0.0,1.0,0.0,0.0,0.0,0.2,0.4,0.0,0.0,0.0,0.4,0.0,0.5,0.0,0.0,0.0,0.0,1.0,0.0,0.0,0.0,0.1,0.0,0.0,0.4
LSKAQSDFG,0,0,0.333333,0.111111,0.0,0.0,0.0,0.0,1.0,0.0,0.0,0.0,0.444444,0.333333,0.0,0.0,0.0,0.333333,0.0,0.444444,0.0,0.0,0.0,0.0,1.0,0.0,0.0,0.0,0.111111,0.0,0.0,0.222222
IAQ,0,1,0.666667,0.0,0.0,0.0,0.0,0.0,1.0,0.0,0.0,0.0,0.333333,0.333333,0.0,0.0,0.0,0.666667,0.0,0.333333,0.0,0.0,0.0,0.0,1.0,0.0,0.0,0.333333,0.333333,0.0,0.0,0.333333
ATN,0,2,0.333333,0.0,0.0,0.0,0.0,0.0,1.0,0.0,0.0,0.0,0.666667,0.666667,0.0,0.0,0.0,0.333333,0.0,0.666667,0.0,0.0,0.0,0.0,1.0,0.0,0.0,0.0,0.0,0.0,0.0,0.0
NALIAR,0,3,0.666667,0.166667,0.0,0.0,0.0,0.0,1.0,0.0,0.0,0.0,0.333333,0.166667,0.0,0.0,0.0,0.666667,0.0,0.166667,0.0,0.0,0.0,0.0,0.833333,0.0,0.0,0.166667,0.0,0.0,0.0,0.333333
YTEYFVGV,0,4,0.375,0.0,0.0,0.0,0.0,0.0,1.0,0.0,0.0,0.0,0.5,0.125,0.0,0.0,0.0,0.375,0.0,0.5,0.0,0.0,0.0,0.0,1.0,0.0,0.0,0.0,0.0,0.0,0.0,0.375
ISSRVDVRTA,0,0,0.4,0.0,0.0,0.0,0.0,0.0,1.0,0.0,0.0,0.0,0.4,0.3,0.0,0.0,0.0,0.4,0.0,0.4,0.0,0.0,0.0,0.0,1.0,0.0,0.0,0.1,0.0,0.0,0.0,0.3
HIR,0,1,0.333333,0.0,0.0,0.0,0.0,0.0,1.0,0.0,0.0,0.0,0.333333,0.0,0.0,0.0,0.0,0.333333,0.0,0.0,0.0,0.0,0.0,0.0,0.666667,0.0,0.0,0.333333,0.0,0.0,0.0,0.333333
VPGLS,0,2,0.8,0.2,0.0,0.0,0.0,0.2,1.0,0.0,0.0,0.0,0.6,0.2,0.0,0.0,0.0,0.4,0.0,0.2,0.0,0.0,0.0,0.0,1.0,0.0,0.0,0.0,0.0,0.0,0.0,0.4
EQS,0,3,0.0,0.0,0.0,0.0,0.0,0.0,1.0,0.0,0.0,0.0,0.333333,0.666667,0.0,0.0,0.0,0.0,0.0,1.0,0.0,0.0,0.0,0.0,1.0,0.0,0.0,0.0,0.333333,0.0,0.0,0.0
VEKNNSF,0,4,0.142857,0.0,0.0,0.0,0.0,0.0,0.857143,0.0,0.0,0.0,0.142857,0.428571,0.0,0.0,0.0,0.285714,0.0,0.571429,0.0,0.0,0.0,0.0,1.0,0.0,0.0,0.0,0.0,0.166667,0.0,0.285714
GVFCKAY,0,0,0.428571,0.0,0.0,0.0,0.0,0.0,0.857143,0.0,0.0,0.0,0.428571,0.142857,0.0,0.0,0.0,0.571429,0.0,0.142857,0.0,0.0,0.0,0.0,1.0,0.0,0.0,0.0,0.0,0.0,0.0,0.428571
NFD,0,1,0.0,0.0,0.0,0.0,0.0,0.0,1.0,0.0,0.0,0.0,0.0,0.333333,0.0,0.0,0.0,0.333333,0.0,0.666667,0.0,0.0,0.0,0.0,0.666667,0.0,0.0,0.0,0.0,0.0,0.0,0.333333
TQT,0,2,0.0,0.0,0.0,0.0,0.0,0.0,1.0,0.0,0.0,0.0,0.666667,1.0,0.0,0.0,0.0,0.0,0.0,1.0,0.0,0.0,0.0,0.0,1.0,0.0,0.0,0.0,0.333333,0.0,0.0,0.0
ENLYKLMREQKF,0,3,0.166667,0.166667,0.0,0.0,0.0,0.0,0.916667,0.0,0.0,0.0,0.083333,0.166667,0.0,0.0,0.0,0.333333,0.083333,0.416667,0.0,0.0,0.0,0.0,1.0,0.166667,0.0,0.0,0.083333,0.0,0.0,0.333333
PWM,0,4,0.333333,0.0,0.0,0.0,0.0,0.333333,1.0,0.0,0.0,0.0,0.333333,0.0,0.0,0.0,0.0,0.333333,0.333333,0.0,0.0,0.0,0.0,0.0,1.0,0.0,0.0,0.0,0.0,0.0,0.0,0.666667
ER,0,0,0.0,0.0,0.0,0.0,0.0,0.0,1.0,0.0,0.0,0.0,0.0,0.0,0.0,0.0,0.0,0.0,0.0,0.5,0.0,0.0,0.0,0.0,0.0,0.0,0.0,0.0,0.0,0.0,0.0,0.0
KRLANHKK,0,1,0.25,0.125,0.0,0.0,0.0,0.0,1.0,0.0,0.0,0.0,0.25,0.125,0.0,0.0,0.0,0.25,0.0,0.125,0.0,0.0,0.0,0.0,0.625,0.5,0.0,0.0,0.0,0.0,0.0,0.125
SHSKAWVFAA,0,2,0.4,0.0,0.0,0.0,0.0,0.0,1.0,0.0,0.0,0.0,0.6,0.2,0.166667,0.0,0.0,0.5,0.0,0.2,0.0,0.0,0.0,0.0,1.0,0.0,0.0,0.0,0.0,0.0,0.0,0.3
LSF,0,3,0.333333,0.333333,0.0,0.0,0.0,0.0,0.666667,0.0,0.0,0.0,0.333333,0.333333,0.0,0.0,0.0,0.666667,0.0,0.333333,0.0,0.0,0.0,0.0,1.0,0.0,0.0,0.0,0.0,0.0,0.0,0.666667
LTVNVNILGKAK,0,4,0.583333,0.166667,0.0,0.0,0.0,0.0,1.0,0.0,0.0,0.0,0.25,0.25,0.0,0.0,0.0,0.5,0.0,0.25,0.0,0.0,0.0,0.0,0.916667,0.0,0.0,0.083333,0.0,0.0,0.0,0.416667
YPSPV,0,0,0.6,0.0,0.0,0.0,0.0,0.4,1.0,0.0,0.0,0.0,0.8,0.2,0.0,0.0,0.0,0.2,0.0,0.4,0.0,0.0,0.0,0.0,1.0,0.0,0.0,0.0,0.0,0.0,0.25,0.2
KLLQQ,0,1,0.4,0.4,0.0,0.0,0.0,0.0,1.0,0.0,0.0,0.0,0.0,0.4,0.0,0.0,0.0,0.4,0.0,0.4,0.0,0.0,0.0,0.0,1.0,0.0,0.0,0.0,0.4,0.0,0.0,0.4
VDV,0,2,0.666667,0.0,0.0,0.0,0.0,0.0,1.0,0.0,0.0,0.0,0.0,0.0,0.0,0.0,0.0,0.666667,0.0,0.333333,0.0,0.0,0.0,0.0,1.0,0.0,0.0,0.0,0.0,0.0,0.0,0.666667
YTQL,0,3,0.25,0.25,0.0,0.0,0.0,0.0,1.0,0.0,0.0,0.0,0.5,0.5,0.0,0.0,0.0,0.25,0.0,0.75,0.0,0.0,0.0,0.0,1.0,0.0,0.0,0.0,0.25,0.0,0.0,0.25
RMSPSG,0,4,0.333333,0.0,0.0,0.0,0.0,0.166667,1.0,0.0,0.0,0.0,0.666667,0.333333,0.0,0.0,0.0,0.166667,0.166667,0.333333,0.0,0.0,0.0,0.0,1.0,0.0,0.0,0.0,0.0,0.0,0.2,0.166667
EKGA,0,0,0.5,0.0,0.0,0.0,0.0,0.0,1.0,0.0,0.0,0.0,0.5,0.0,0.0,0.0,0.0,0.25,0.0,0.25,0.0,0.0,0.0,0.0,1.0,0.0,0.0,0.0,0.0,0.0,0.0,0.0
KMHFPQPQHL,0,1,0.3,0.1,0.0,0.0,0.0,0.2,1.0,0.0,0.0,0.0,0.4,0.2,0.0,0.0,0.111111,0.3,0.1,0.2,0.0,0.0,0.0,0.0,1.0,0.25,0.0,0.0,0.2,0.0,0.0,0.3
NGIL,0,2,0.75,0.25,0.0,0.0,0.0,0.0,1.0,0.0,0.0,0.0,0.25,0.25,0.0,0.0,0.0,0.5,0.0,0.25,0.0,0.0,0.0,0.0,1.0,0.0,0.0,0.25,0.0,0.0,0.0,0.5
GIAEETELDLISKA,0,3,0.5,0.142857,0.0,0.0,0.0,0.0,1.0,0.0,0.0,0.0,0.357143,0.142857,0.0,0.0,0.0,0.428571,0.0,0.428571,0.0,0.0,0.0,0.0,1.0,0.0,0.0,0.142857,0.0,0.0,0.0,0.285714
TQSDLWFS,0,4,0.125,0.125,0.142857,0.0,0.0,0.0,1.0,0.0,0.0,0.0,0.375,0.5,0.0,0.0,0.0,0.25,0.0,0.625,0.0,0.0,0.0,0.0,1.0,0.0,0.0,0.0,0.125,0.0,0.0,0.375
AARIRLS,0,0,0.571429,0.142857,0.0,0.0,0.0,0.0,1.0,0.0,0.0,0.0,0.428571,0.142857,0.0,0.0,0.0,0.571429,0.0,0.142857,0.0,0.0,0.0,0.0,1.0,0.0,0.0,0.142857,0.0,0.0,0.0,0.285714
EYSIV,0,1,0.4,0.0,0.0,0.0,0.0,0.0,1.0,0.0,0.0,0.0,0.4,0.2,0.0,0.0,0.0,0.4,0.0,0.6,0.0,0.0,0.0,0.0,1.0,0.0,0.0,0.2,0.0,0.0,0.0,0.4
IWRAREA,0,2,0.428571,0.0,0.0,0.0,0.0,0.0,1.0,0.0,0.0,0.0,0.285714,0.0,0.0,0.0,0.0,0.428571,0.0,0.142857,0.0,0.0,0.0,0.0,1.0,0.0,0.0,0.142857,0.0,0.0,0.0,0.285714
LDQ,0,3,0.333333,0.333333,0.0,0.0,0.0,0.0,1.0,0.0,0.0,0.0,0.0,0.333333,0.0,0.0,0.0,0.333333,0.0,0.666667,0.0,0.0,0.0,0.0,1.0,0.0,0.0,0.0,0.333333,0.0,0.0,0.333333
GFAEVLYEPVILIHIWLSVNVN,0,4,0.590909,0.136364,0.0,0.0,0.0,0.045455,1.0,0.0,0.0,0.0,0.272727,0.136364,0.0,0.0,0.0,0.545455,0.0,0.272727,0.0,0.0,0.0,0.0,1.0,0.0625,0.0,0.136364,0.0,0.0,0.0,0.545455
VLLPDEVSGL,0,0,0.7,0.3,0.0,0.0,0.0,0.1,1.0,0.0,0.0,0.0,0.3,0.1,0.0,0.0,0.0,0.5,0.0,0.3,0.0,0.0,0.0,0.0,1.0,0.25,0.0,0.0,0.0,0.0,0.0,0.5
YAASKYREQ,0,1,0.222222,0.0,0.0,0.0,0.0,0.0,1.0,0.0,0.0,0.0,0.555556,0.222222,0.0,0.0,0.0,0.222222,0.0,0.555556,0.0,0.0,0.0,0.0,1.0,0.0,0.0,0.0,0.111111,0.0,0.0,0.0
RWD,0,2,0.0,0.0,0.0,0.0,0.0,0.0,1.0,0.0,0.0,0.0,0.0,0.0,0.0,0.0,0.0,0.0,0.0,0.333333,0.0,0.0,0.0,0.0,0.666667,0.0,0.0,0.0,0.0,0.0,0.0,0.333333
DRKPAI,0,3,0.5,0.0,0.0,0.0,0.0,0.166667,1.0,0.0,0.0,0.0,0.333333,0.0,0.0,0.0,0.0,0.333333,0.0,0.166667,0.0,0.0,0.0,0.0,1.0,0.0,0.0,0.166667,0.0,0.0,0.0,0.166667
EGPAS,0,4,0.6,0.0,0.0,0.0,0.0,0.2,1.0,0.0,0.0,0.0,0.8,0.2,0.0,0.0,0.0,0.2,0.0,0.4,0.0,0.0,0.0,0.0,1.0,0.0,0.0,0.0,0.0,0.0,0.0,0.0
ERR,0,0,0.0,0.0,0.0,0.0,0.0,0.0,1.0,0.0,0.0,0.0,0.0,0.0,0.0,0.0,0.0,0.0,0.0,0.333333,0.0,0.0,0.0,0.0,0.0,0.0,0.0,0.0,0.0,0.0,0.0,0.0
AGSKSTCRATAIPEPGSVEYLRE,0,1,0.434783,0.043478,0.0,0.0,0.0,0.086957,1.0,0.0,0.0,0.0,0.565217,0.26087,0.0,0.0,0.0,0.304348,0.0,0.391304,0.0,0.0,0.0,0.0,0.913043,0.0,0.0,0.043478,0.0,0.0,0.0,0.173913
RDA,0,2,0.333333,0.0,0.0,0.0,0.0,0.0,1.0,0.0,0.0,0.0,0.333333,0.0,0.0,0.0,0.0,0.333333,0.0,0.333333,0.0,0.0,0.0,0.0,1.0,0.0,0.0,0.0,0.0,0.0,0.0,0.0
EVF,0,3,0.333333,0.0,0.0,0.0,0.0,0.0,0.666667,0.0,0.0,0.0,0.0,0.0,0.0,0.0,0.0,0.666667,0.0,0.333333,0.0,0.0,0.0,0.0,1.0,0.0,0.0,0.0,0.0,0.0,0.0,0.666667
LAFK,0,4,0.5,0.25,0.0,0.0,0.0,0.0,1.0,0.0,0.0,0.0,0.25,0.0,0.0,0.0,0.0,0.75,0.0,0.0,0.0,0.0,0.0,0.0,0.75,0.0,0.0,0.0,0.0,0.0,0.0,0.5
LVEKGDVAFI,0,0,0.6,0.1,0.0,0.0,0.0,0.0,1.0,0.0,0.0,0.0,0.2,0.0,0.0,0.0,0.0,0.6,0.0,0.2,0.0,0.0,0.0,0.0,1.0,0.0,0.0,0.1,0.0,0.0,0.0,0.5
QCIRITRLII,0,1,0.5,0.1,0.0,0.0,0.0,0.0,1.0,0.0,0.0,0.0,0.1,0.3,0.0,0.0,0.0,0.6,0.0,0.2,0.0,0.0,0.0,0.0,1.0,0.25,0.0,0.4,0.1,0.0,0.0,0.6
DHHQVYSPGEQ,0,2,0.272727,0.0,0.0,0.0,0.0,0.090909,1.0,0.0,0.0,0.0,0.545455,0.272727,0.0,0.0,0.0,0.090909,0.0,0.545455,0.0,0.0,0.0,0.0,1.0,0.0,0.0,0.0,0.181818,0.0,0.0,0.090909
ENG,0,3,0.333333,0.0,0.0,0.0,0.0,0.0,1.0,0.0,0.0,0.0,0.333333,0.333333,0.0,0.0,0.0,0.0,0.0,0.666667,0.0,0.0,0.0,0.0,1.0,0.0,0.0,0.0,0.0,0.0,0.0,0.0
SQGL,0,4,0.5,0.25,0.0,0.0,0.0,0.0,1.0,0.0,0.0,0.0,0.5,0.5,0.0,0.0,0.0,0.25,0.0,0.5,0.0,0.0,0.0,0.0,1.0,0.0,0.0,0.0,0.25,0.0,0.0,0.25
PRLRR,0,0,0.4,0.2,0.0,0.0,0.0,0.2,1.0,0.0,0.0,0.0,0.2,0.0,0.0,0.0,0.0,0.2,0.0,0.0,0.0,0.0,0.0,0.0,0.6,0.0,0.0,0.0,0.0,0.0,0.0,0.2
AGLVVHLVGIKEALN,0,1,0.733333,0.2,0.0,0.0,0.0,0.0,1.0,0.0,0.0,0.0,0.333333,0.066667,0.0,0.0,0.0,0.6,0.0,0.133333,0.0,0.0,0.0,0.0,1.0,0.0,0.0,0.066667,0.0,0.0,0.0,0.466667
HEEQS,0,2,0.0,0.0,0.0,0.0,0.0,0.0,1.0,0.0,0.0,0.0,0.4,0.4,0.0,0.0,0.0,0.0,0.0,0.8,0.0,0.0,0.0,0.0,1.0,0.0,0.0,0.0,0.2,0.0,0.0,0.0
RVSDRGP,0,3,0.428571,0.0,0.0,0.0,0.0,0.142857,1.0,0.0,0.0,0.0,0.428571,0.142857,0.0,0.0,0.0,0.142857,0.0,0.285714,0.0,0.0,0.0,0.0,1.0,0.0,0.0,0.0,0.0,0.0,0.0,0.142857
RG,0,4,0.5,0.0,0.0,0.0,0.0,0.0,1.0,0.0,0.0,0.0,0.5,0.0,0.0,0.0,0.0,0.0,0.0,0.0,0.0,0.0,0.0,0.0,1.0,0.0,0.0,0.0,0.0,0.0,0.0,0.0
RWF,0,0,0.0,0.0,0.0,0.0,0.0,0.0,0.333333,0.0,0.0,0.0,0.0,0.0,0.0,0.0,0.0,0.333333,0.0,0.0,0.0,0.0,0.0,0.0,1.0,0.0,0.0,0.0,0.0,0.0,0.0,0.666667
VAG,0,1,1.0,0.0,0.0,0.0,0.0,0.0,1.0,0.0,0.0,0.0,0.666667,0.0,0.0,0.0,0.0,0.666667,0.0,0.0,0.0,0.0,0.0,0.0,1.0,0.0,0.0,0.0,0.0,0.0,0.0,0.333333
YDPAKV,0,2,0.5,0.0,0.0,0.0,0.0,0.166667,1.0,0.0,0.0,0.0,0.5,0.0,0.0,0.0,0.0,0.333333,0.0,0.333333,0.0,0.0,0.0,0.0,1.0,0.0,0.0,0.0,0.0,0.0,0.0,0.166667
WNN,0,3,0.0,0.0,0.0,0.0,0.0,0.0,1.0,0.0,0.0,0.0,0.0,0.666667,0.0,0.0,0.0,0.0,0.0,0.666667,0.0,0.0,0.0,0.0,1.0,0.0,0.0,0.0,0.0,0.0,0.0,0.333333
IRVRLEPFWLR,0,4,0.454545,0.181818,0.0,0.0,0.0,0.090909,1.0,0.0,0.0,0.0,0.090909,0.0,0.0,0.0,0.0,0.454545,0.0,0.090909,0.1,0.0,0.0,0.0,0.909091,0.0,0.0,0.090909,0.0,0.0,0.0,0.545455
SRIRIFHW,0,0,0.25,0.0,0.0,0.0,0.0,0.0,0.625,0.0,0.0,0.0,0.25,0.125,0.0,0.0,0.0,0.375,0.0,0.125,0.0,0.0,0.0,0.0,1.0,0.0,0.0,0.25,0.0,0.0,0.0,0.5
LLIQ,0,1,0.75,0.5,0.0,0.0,0.0,0.0,1.0,0.0,0.0,0.0,0.0,0.25,0.0,0.0,0.0,0.75,0.0,0.25,0.0,0.0,0.0,0.0,1.0,0.0,0.0,0.25,0.25,0.0,0.0,0.75
QPSSVDSQTAM,0,2,0.272727,0.0,0.0,0.0,0.0,0.090909,1.0,0.0,0.0,0.0,0.545455,0.545455,0.0,0.0,0.0,0.272727,0.090909,0.636364,0.0,0.0,0.0,0.0,1.0,0.0,0.0,0.0,0.181818,0.0,0.1,0.181818
RLSS,0,3,0.25,0.25,0.0,0.0,0.0,0.0,1.0,0.0,0.0,0.0,0.5,0.5,0.0,0.0,0.0,0.25,0.0,0.5,0.0,0.0,0.0,0.0,1.0,0.0,0.0,0.0,0.0,0.0,0.0,0.25
VQVTSTAV,0,4,0.5,0.0,0.0,0.0,0.0,0.0,1.0,0.0,0.0,0.0,0.5,0.5,0.0,0.0,0.0,0.5,0.0,0.5,0.0,0.0,0.0,0.0,1.0,0.0,0.0,0.0,0.125,0.0,0.0,0.375
DIS,0,0,0.333333,0.0,0.0,0.0,0.0,0.0,1.0,0.0,0.0,0.0,0.333333,0.333333,0.0,0.0,0.0,0.333333,0.0,0.666667,0.0,0.0,0.0,0.0,1.0,0.0,0.0,0.333333,0.0,0.0,0.0,0.333333
LNT,0,1,0.333333,0.333333,0.0,0.0,0.0,0.0,1.0,0.0,0.0,0.0,0.333333,0.666667,0.0,0.0,0.0,0.333333,0.0,0.666667,0.0,0.0,0.0,0.0,1.0,0.0,0.0,0.0,0.0,0.0,0.0,0.333333
DLIN,0,2,0.5,0.25,0.0,0.0,0.0,0.0,1.0,0.0,0.0,0.0,0.0,0.25,0.0,0.0,0.0,0.5,0.0,0.5,0.0,0.0,0.0,0.0,1.0,0.0,0.0,0.25,0.0,0.0,0.0,0.5
EVPKA,0,3,0.6,0.0,0.0,0.0,0.0,0.2,1.0,0.0,0.0,0.0,0.4,0.0,0.0,0.0,0.0,0.4,0.0,0.2,0.0,0.0,0.0,0.0,1.0,0.0,0.0,0.0,0.0,0.0,0.0,0.2
VNSEEKIYLG,0,4,0.4,0.1,0.0,0.0,0.0,0.0,1.0,0.0,0.0,0.0,0.3,0.2,0.0,0.0,0.0,0.3,0.0,0.5,0.0,0.0,0.0,0.0,1.0,0.0,0.0,0.1,0.0,0.0,0.0,0.3
MVKAA,0,0,0.6,0.0,0.0,0.0,0.0,0.0,1.0,0.0,0.0,0.0,0.4,0.0,0.0,0.0,0.0,0.8,0.2,0.0,0.0,0.0,0.0,0.0,1.0,0.0,0.0,0.0,0.0,0.0,0.0,0.4
KVL,0,1,0.666667,0.333333,0.0,0.0,0.0,0.0,1.0,0.0,0.0,0.0,0.0,0.0,0.0,0.0,0.0,0.666667,0.0,0.0,0.0,0.0,0.0,0.0,1.0,0.0,0.0,0.0,0.0,0.0,0.0,0.666667
RWV,0,2,0.333333,0.0,0.0,0.0,0.0,0.0,1.0,0.0,0.0,0.0,0.0,0.0,0.0,0.0,0.0,0.333333,0.0,0.0,0.0,0.0,0.0,0.0,1.0,0.0,0.0,0.0,0.0,0.0,0.0,0.666667
NKVGCP,0,3,0.5,0.0,0.0,0.0,0.0,0.166667,1.0,0.0,0.0,0.0,0.333333,0.333333,0.0,0.0,0.0,0.333333,0.0,0.166667,0.0,0.0,0.0,0.0,1.0,0.0,0.0,0.0,0.0,0.0,0.0,0.333333
AQA,0,4,0.666667,0.0,0.0,0.0,0.0,0.0,1.0,0.0,0.0,0.0,0.666667,0.333333,0.0,0.0,0.0,0.666667,0.0,0.333333,0.0,0.0,0.0,0.0,1.0,0.0,0.0,0.0,0.333333,0.0,0.0,0.0
ESE,0,0,0.0,0.0,0.0,0.0,0.0,0.0,1.0,0.0,0.0,0.0,0.333333,0.333333,0.0,0.0,0.0,0.0,0.0,1.0,0.0,0.0,0.0,0.0,0.666667,0.0,0.0,0.0,0.0,0.0,0.0,0.0
ALDSDQYY,0,1,0.25,0.125,0.0,0.0,0.0,0.0,0.75,0.0,0.0,0.0,0.5,0.25,0.0,0.0,0.0,0.25,0.0,0.75,0.0,0.0,0.0,0.0,1.0,0.0,0.0,0.0,0.125,0.0,0.0,0.125
PEAKIQL,0,2,0.571429,0.142857,0.0,0.0,0.0,0.142857,1.0,0.0,0.0,0.0,0.285714,0.142857,0.0,0.0,0.0,0.428571,0.0,0.285714,0.0,0.0,0.0,0.0,1.0,0.0,0.0,0.142857,0.142857,0.0,0.0,0.285714
EHVNNDI,0,3,0.285714,0.0,0.0,0.0,0.0,0.0,1.0,0.0,0.0,0.0,0.142857,0.285714,0.0,0.0,0.0,0.285714,0.0,0.571429,0.0,0.0,0.0,0.0,1.0,0.0,0.0,0.142857,0.0,0.0,0.0,0.285714
PEQ,0,4,0.333333,0.0,0.0,0.0,0.0,0.333333,1.0,0.0,0.0,0.0,0.333333,0.333333,0.0,0.0,0.0,0.0,0.0,0.666667,0.0,0.0,0.0,0.0,1.0,0.0,0.0,0.0,0.333333,0.0,0.0,0.0
LNGP,0,0,0.75,0.25,0.0,0.0,0.0,0.25,1.0,0.0,0.0,0.0,0.5,0.25,0.0,0.0,0.0,0.25,0.0,0.25,0.0,0.0,0.0,0.0,1.0,0.0,0.0,0.0,0.0,0.0,0.0,0.25
AMSRDIQLEDI,0,1,0.363636,0.090909,0.0,0.0,0.0,0.0,1.0,0.0,0.0,0.0,0.181818,0.181818,0.0,0.0,0.0,0.454545,0.090909,0.454545,0.0,0.0,0.0,0.0,1.0,0.0,0.0,0.181818,0.090909,0.0,0.0,0.363636
AFGSK,0,2,0.4,0.0,0.0,0.0,0.0,0.0,1.0,0.0,0.0,0.0,0.6,0.2,0.0,0.0,0.0,0.4,0.0,0.2,0.0,0.0,0.0,0.0,0.8,0.0,0.0,0.0,0.0,0.0,0.0,0.2
LLQ,0,3,0.666667,0.666667,0.0,0.0,0.0,0.0,1.0,0.0,0.0,0.0,0.0,0.333333,0.0,0.0,0.0,0.666667,0.0,0.333333,0.0,0.0,0.0,0.0,1.0,0.0,0.0,0.0,0.333333,0.0,0.0,0.666667
LF,0,4,0.5,0.5,0.0,0.0,0.0,0.0,0.5,0.0,0.0,0.0,0.0,0.0,0.0,0.0,0.0,1.0,0.0,0.0,0.0,0.0,0.0,0.0,1.0,0.0,0.0,0.0,0.0,0.0,0.0,1.0
NKV,0,0,0.333333,0.0,0.0,0.0,0.0,0.0,1.0,0.0,0.0,0.0,0.0,0.333333,0.0,0.0,0.0,0.333333,0.0,0.333333,0.0,0.0,0.0,0.0,1.0,0.0,0.0,0.0,0.0,0.0,0.0,0.333333
EAL,0,1,0.666667,0.333333,0.0,0.0,0.0,0.0,1.0,0.0,0.0,0.0,0.333333,0.0,0.0,0.0,0.0,0.666667,0.0,0.333333,0.0,0.0,0.0,0.0,1.0,0.0,0.0,0.0,0.0,0.0,0.0,0.333333
AILY,0,2,0.75,0.25,0.0,0.0,0.0,0.0,0.75,0.0,0.0,0.0,0.5,0.0,0.0,0.0,0.0,0.75,0.0,0.25,0.0,0.0,0.0,0.0,1.0,0.0,0.0,0.25,0.0,0.0,0.0,0.5
QAN,0,3,0.333333,0.0,0.0,0.0,0.0,0.0,1.0,0.0,0.0,0.0,0.333333,0.666667,0.0,0.0,0.0,0.333333,0.0,0.666667,0.0,0.0,0.0,0.0,1.0,0.0,0.0,0.0,0.333333,0.0,0.0,0.0
SQIG,0,4,0.5,0.0,0.0,0.0,0.0,0.0,1.0,0.0,0.0,0.0,0.5,0.5,0.0,0.0,0.0,0.25,0.0,0.5,0.0,0.0,0.0,0.0,1.0,0.0,0.0,0.25,0.25,0.0,0.0,0.25
RWK,0,0,0.0,0.0,0.0,0.0,0.0,0.0,1.0,0.0,0.0,0.0,0.0,0.0,0.0,0.0,0.0,0.0,0.0,0.0,0.0,0.0,0.0,0.0,0.666667,0.0,0.0,0.0,0.0,0.0,0.0,0.333333
AWFS,0,1,0.25,0.0,0.0,0.0,0.0,0.0,1.0,0.0,0.0,0.0,0.5,0.25,0.0,0.0,0.0,0.5,0.0,0.25,0.0,0.0,0.0,0.0,1.0,0.0,0.0,0.0,0.0,0.0,0.0,0.5
CIE,0,2,0.333333,0.0,0.0,0.0,0.0,0.0,1.0,0.0,0.0,0.0,0.0,0.333333,0.0,0.0,0.0,0.666667,0.0,0.333333,0.0,0.0,0.0,0.0,0.666667,0.0,0.0,0.333333,0.0,0.0,0.0,0.666667
EEL,0,3,0.333333,0.333333,0.0,0.0,0.0,0.0,1.0,0.0,0.0,0.0,0.0,0.0,0.0,0.0,0.0,0.333333,0.0,0.666667,0.0,0.0,0.0,0.0,1.0,0.0,0.0,0.0,0.0,0.0,0.0,0.333333
ALI,0,4,1.0,0.333333,0.0,0.0,0.0,0.0,1.0,0.0,0.0,0.0,0.333333,0.0,0.0,0.0,0.0,1.0,0.0,0.0,0.0,0.0,0.0,0.0,1.0,0.0,0.0,0.333333,0.0,0.0,0.0,0.666667
VLV,0,0,1.0,0.333333,0.0,0.0,0.0,0.0,1.0,0.0,0.0,0.0,0.0,0.0,0.0,0.0,0.0,1.0,0.0,0.0,0.0,0.0,0.0,0.0,1.0,0.0,0.0,0.0,0.0,0.0,0.0,1.0
KWQ,0,1,0.0,0.0,0.0,0.0,0.0,0.0,1.0,0.0,0.0,0.0,0.0,0.333333,0.0,0.0,0.0,0.0,0.0,0.333333,0.0,0.0,0.0,0.0,1.0,0.0,0.0,0.0,0.333333,0.0,0.0,0.333333
DIP,0,2,0.666667,0.0,0.0,0.0,0.0,0.333333,1.0,0.0,0.0,0.0,0.333333,0.0,0.0,0.0,0.0,0.333333,0.0,0.333333,0.0,0.0,0.0,0.0,1.0,0.0,0.0,0.333333,0.0,0.0,0.0,0.333333
LQG,0,3,0.666667,0.333333,0.0,0.0,0.0,0.0,1.0,0.0,0.0,0.0,0.333333,0.333333,0.0,0.0,0.0,0.333333,0.0,0.333333,0.0,0.0,0.0,0.0,1.0,0.0,0.0,0.0,0.333333,0.0,0.0,0.333333
EKF,0,4,0.0,0.0,0.0,0.0,0.0,0.0,0.666667,0.0,0.0,0.0,0.0,0.0,0.0,0.0,0.0,0.333333,0.0,0.333333,0.0,0.0,0.0,0.0,1.0,0.0,0.0,0.0,0.0,0.0,0.0,0.333333
ADY,0,0,0.333333,0.0,0.0,0.0,0.0,0.0,0.666667,0.0,0.0,0.0,0.666667,0.0,0.0,0.0,0.0,0.333333,0.0,0.666667,0.0,0.0,0.0,0.0,1.0,0.0,0.0,0.0,0.0,0.0,0.0,0.0
PCAAL,0,1,0.8,0.2,0.0,0.0,0.0,0.2,1.0,0.0,0.0,0.0,0.6,0.2,0.0,0.0,0.0,0.8,0.0,0.0,0.0,0.0,0.0,0.0,1.0,0.0,0.0,0.0,0.0,0.0,0.0,0.4
LTTESK,0,2,0.166667,0.166667,0.0,0.0,0.0,0.0,1.0,0.0,0.0,0.0,0.5,0.5,0.0,0.0,0.0,0.166667,0.0,0.666667,0.0,0.0,0.0,0.0,0.833333,0.0,0.0,0.0,0.0,0.0,0.0,0.166667
VVHNPPILF,0,3,0.666667,0.111111,0.0,0.0,0.0,0.222222,0.888889,0.0,0.0,0.0,0.333333,0.111111,0.0,0.0,0.0,0.555556,0.0,0.111111,0.0,0.0,0.0,0.0,1.0,0.0,0.0,0.111111,0.0,0.0,0.0,0.555556
EIPT,0,4,0.5,0.0,0.0,0.0,0.0,0.25,1.0,0.0,0.0,0.0,0.5,0.25,0.0,0.0,0.0,0.25,0.0,0.5,0.0,0.0,0.0,0.0,1.0,0.0,0.0,0.25,0.0,0.0,0.0,0.25
YPFAKGQLSQ,0,0,0.4,0.1,0.0,0.0,0.0,0.1,1.0,0.0,0.0,0.0,0.5,0.3,0.0,0.0,0.0,0.3,0.0,0.4,0.111111,0.0,0.0,0.0,1.0,0.0,0.0,0.0,0.2,0.0,0.0,0.2
KEGVPGINA,0,1,0.666667,0.0,0.0,0.0,0.0,0.111111,1.0,0.0,0.0,0.0,0.444444,0.111111,0.0,0.0,0.0,0.333333,0.0,0.222222,0.0,0.0,0.0,0.0,1.0,0.0,0.0,0.111111,0.0,0.0,0.0,0.222222
SGRDRLCK,0,2,0.25,0.125,0.0,0.0,0.0,0.0,1.0,0.0,0.0,0.0,0.25,0.25,0.0,0.0,0.0,0.25,0.0,0.25,0.0,0.0,0.0,0.0,0.875,0.0,0.0,0.0,0.0,0.0,0.0,0.25
VDD,0,3,0.333333,0.0,0.0,0.0,0.0,0.0,1.0,0.0,0.0,0.0,0.0,0.0,0.0,0.0,0.0,0.333333,0.0,0.666667,0.0,0.0,0.0,0.0,0.333333,0.0,0.0,0.0,0.0,0.0,0.0,0.333333
ALN,0,4,0.666667,0.333333,0.0,0.0,0.0,0.0,1.0,0.0,0.0,0.0,0.333333,0.333333,0.0,0.0,0.0,0.666667,0.0,0.333333,0.0,0.0,0.0,0.0,1.0,0.0,0.0,0.0,0.0,0.0,0.0,0.333333
SP,0,0,0.5,0.0,0.0,0.0,0.0,0.5,1.0,0.0,0.0,0.0,1.0,0.5,0.0,0.0,0.0,0.0,0.0,0.5,0.0,0.0,0.0,0.0,1.0,0.0,0.0,0.0,0.0,0.0,0.0,0.0
PLR,0,1,0.666667,0.333333,0.0,0.0,0.0,0.333333,1.0,0.0,0.0,0.0,0.333333,0.0,0.0,0.0,0.0,0.333333,0.0,0.0,0.0,0.0,0.0,0.0,0.666667,0.0,0.0,0.0,0.0,0.0,0.0,0.333333
RPE,0,2,0.333333,0.0,0.0,0.0,0.0,0.333333,1.0,0.0,0.0,0.0,0.333333,0.0,0.0,0.0,0.0,0.0,0.0,0.333333,0.0,0.0,0.0,0.0,0.666667,0.0,0.0,0.0,0.0,0.0,0.0,0.0
LFAKQLPEIN,0,3,0.5,0.2,0.0,0.0,0.0,0.1,1.0,0.0,0.0,0.0,0.2,0.2,0.0,0.0,0.0,0.5,0.0,0.3,0.0,0.0,0.0,0.0,1.0,0.0,0.0,0.1,0.1,0.0,0.0,0.4
RSVNYGLQD,0,4,0.333333,0.111111,0.0,0.0,0.125,0.0,1.0,0.0,0.0,0.0,0.333333,0.333333,0.0,0.0,0.0,0.222222,0.0,0.555556,0.0,0.0,0.0,0.0,0.888889,0.0,0.0,0.0,0.111111,0.0,0.0,0.222222
YPKLAPNE,0,0,0.5,0.125,0.0,0.0,0.0,0.25,1.0,0.0,0.0,0.0,0.5,0.125,0.0,0.0,0.0,0.25,0.0,0.375,0.0,0.0,0.0,0.0,0.875,0.0,0.0,0.0,0.0,0.0,0.0,0.125
NVATNPPC,0,1,0.5,0.0,0.0,0.0,0.0,0.25,1.0,0.0,0.0,0.0,0.5,0.5,0.0,0.0,0.0,0.375,0.0,0.375,0.0,0.0,0.0,0.0,1.0,0.0,0.0,0.0,0.0,0.0,0.0,0.25
TPE,0,2,0.333333,0.0,0.0,0.0,0.0,0.333333,1.0,0.0,0.0,0.0,0.666667,0.333333,0.0,0.0,0.0,0.0,0.0,0.666667,0.0,0.0,0.0,0.0,0.666667,0.0,0.0,0.0,0.0,0.0,0.0,0.0
SLA,0,3,0.666667,0.333333,0.0,0.0,0.0,0.0,1.0,0.0,0.0,0.0,0.666667,0.333333,0.0,0.0,0.0,0.666667,0.0,0.333333,0.0,0.0,0.0,0.0,1.0,0.0,0.0,0.0,0.0,0.0,0.0,0.333333
SDIGV,0,4,0.6,0.0,0.0,0.0,0.0,0.0,1.0,0.0,0.0,0.0,0.4,0.2,0.0,0.0,0.0,0.4,0.0,0.4,0.0,0.0,0.0,0.0,1.0,0.0,0.0,0.2,0.0,0.0,0.0,0.4
KIRDGVHAMTY,0,0,0.363636,0.0,0.0,0.0,0.0,0.0,0.909091,0.0,0.0,0.0,0.454545,0.090909,0.0,0.0,0.0,0.363636,0.090909,0.272727,0.0,0.0,0.0,0.0,1.0,0.0,0.0,0.090909,0.0,0.0,0.0,0.272727
LLYCYRAELLEKASQNA,0,1,0.411765,0.235294,0.0,0.0,0.0,0.0,1.0,0.0,0.0,0.0,0.352941,0.235294,0.0,0.0625,0.0,0.470588,0.0,0.411765,0.0,0.0,0.0,0.0,1.0,0.090909,0.0,0.0,0.058824,0.0,0.0,0.294118
MLEDVEEP,0,2,0.375,0.125,0.0,0.0,0.0,0.125,1.0,0.0,0.0,0.0,0.125,0.0,0.0,0.0,0.0,0.375,0.125,0.5,0.0,0.0,0.0,0.0,1.0,0.0,0.0,0.0,0.0,0.0,0.0,0.375
AVF,0,3,0.666667,0.0,0.0,0.0,0.0,0.0,0.666667,0.0,0.0,0.0,0.333333,0.0,0.0,0.0,0.0,1.0,0.0,0.0,0.0,0.0,0.0,0.0,1.0,0.0,0.0,0.0,0.0,0.0,0.0,0.666667
KDLVLI,0,4,0.666667,0.333333,0.0,0.0,0.0,0.0,1.0,0.0,0.0,0.0,0.0,0.0,0.0,0.0,0.0,0.666667,0.0,0.166667,0.0,0.0,0.0,0.0,1.0,0.0,0.0,0.166667,0.0,0.0,0.0,0.666667
VFK,0,0,0.333333,0.0,0.0,0.0,0.0,0.0,1.0,0.0,0.0,0.0,0.0,0.0,0.0,0.0,0.0,0.666667,0.0,0.0,0.0,0.0,0.0,0.0,0.666667,0.0,0.0,0.0,0.0,0.0,0.0,0.666667
LPGHS,0,1,0.6,0.2,0.0,0.0,0.0,0.2,1.0,0.0,0.0,0.0,0.8,0.2,0.0,0.0,0.0,0.2,0.0,0.2,0.0,0.0,0.0,0.0,1.0,0.0,0.0,0.0,0.0,0.0,0.0,0.2
FSDKIAK,0,2,0.285714,0.0,0.0,0.0,0.0,0.0,1.0,0.0,0.0,0.0,0.285714,0.142857,0.0,0.0,0.0,0.428571,0.0,0.285714,0.0,0.0,0.0,0.0,0.857143,0.0,0.0,0.142857,0.0,0.0,0.0,0.285714
QEV,0,3,0.333333,0.0,0.0,0.0,0.0,0.0,1.0,0.0,0.0,0.0,0.0,0.333333,0.0,0.0,0.0,0.333333,0.0,0.666667,0.0,0.0,0.0,0.0,1.0,0.0,0.0,0.0,0.333333,0.0,0.0,0.333333
ASLLPPY,0,4,0.714286,0.285714,0.0,0.0,0.0,0.285714,0.857143,0.0,0.0,0.0,0.714286,0.142857,0.0,0.0,0.0,0.428571,0.0,0.285714,0.0,0.0,0.0,0.0,1.0,0.0,0.0,0.0,0.0,0.0,0.0,0.285714
PGHQKPPEG,0,0,0.555556,0.0,0.0,0.0,0.0,0.333333,1.0,0.0,0.0,0.0,0.666667,0.111111,0.0,0.0,0.0,0.0,0.0,0.222222,0.0,0.0,0.2,0.0,1.0,0.333333,0.0,0.0,0.111111,0.0,0.0,0.0
NLGESFRARE,0,1,0.3,0.1,0.0,0.0,0.0,0.0,1.0,0.0,0.0,0.0,0.3,0.2,0.0,0.0,0.0,0.3,0.0,0.4,0.0,0.0,0.0,0.0,0.8,0.25,0.0,0.0,0.0,0.0,0.0,0.2
VTQ,0,2,0.333333,0.0,0.0,0.0,0.0,0.0,1.0,0.0,0.0,0.0,0.333333,0.666667,0.0,0.0,0.0,0.333333,0.0,0.666667,0.0,0.0,0.0,0.0,1.0,0.0,0.0,0.0,0.333333,0.0,0.0,0.333333
QAWVMDQTFVVPKDDWVIG,0,3,0.421053,0.0,0.0,0.0,0.0,0.052632,1.0,0.0,0.0,0.0,0.210526,0.157895,0.0,0.0,0.0,0.421053,0.052632,0.315789,0.0,0.0,0.0,0.0,1.0,0.230769,0.0,0.052632,0.105263,0.0,0.0,0.473684
EPP,0,4,0.666667,0.0,0.0,0.0,0.0,0.666667,1.0,0.0,0.0,0.0,0.666667,0.0,0.0,0.0,0.0,0.0,0.0,0.333333,0.0,0.0,0.0,0.0,1.0,0.0,0.0,0.0,0.0,0.0,0.0,0.0
AGT,0,0,0.666667,0.0,0.0,0.0,0.0,0.0,1.0,0.0,0.0,0.0,1.0,0.333333,0.0,0.0,0.0,0.333333,0.0,0.333333,0.0,0.0,0.0,0.0,1.0,0.0,0.0,0.0,0.0,0.0,0.0,0.0
IHEP,0,1,0.5,0.0,0.0,0.0,0.0,0.25,1.0,0.0,0.0,0.0,0.5,0.0,0.0,0.0,0.0,0.25,0.0,0.25,0.0,0.0,0.0,0.0,1.0,0.0,0.0,0.25,0.0,0.0,0.0,0.25
EPE,0,2,0.333333,0.0,0.0,0.0,0.0,0.333333,1.0,0.0,0.0,0.0,0.333333,0.0,0.0,0.0,0.0,0.0,0.0,0.666667,0.0,0.0,0.0,0.0,0.666667,0.0,0.0,0.0,0.0,0.0,0.0,0.0
DMDAANTAGEKNPNTQ,0,3,0.3125,0.0,0.0,0.0,0.0,0.0625,1.0,0.0,0.0,0.0,0.4375,0.375,0.0,0.0,0.0,0.25,0.0625,0.5625,0.0,0.0,0.083333,0.0,1.0,0.1,0.0,0.0,0.0625,0.066667,0.0,0.0625
KVPDKMK,0,4,0.285714,0.0,0.0,0.0,0.0,0.142857,1.0,0.0,0.0,0.0,0.142857,0.0,0.0,0.0,0.166667,0.285714,0.142857,0.142857,0.0,0.0,0.0,0.0,0.857143,1.0,0.0,0.0,0.0,0.0,0.0,0.285714
ELI,0,0,0.666667,0.333333,0.0,0.0,0.0,0.0,1.0,0.0,0.0,0.0,0.0,0.0,0.0,0.0,0.0,0.666667,0.0,0.333333,0.0,0.0,0.0,0.0,1.0,0.0,0.0,0.333333,0.0,0.0,0.0,0.666667
NILAQANYTNG,0,1,0.454545,0.090909,0.0,0.0,0.0,0.0,1.0,0.0,0.0,0.0,0.454545,0.454545,0.0,0.0,0.0,0.363636,0.0,0.545455,0.0,0.0,0.0,0.0,1.0,0.2,0.0,0.090909,0.090909,0.0,0.0,0.181818
LVL,0,2,1.0,0.666667,0.0,0.0,0.0,0.0,1.0,0.0,0.0,0.0,0.0,0.0,0.0,0.0,0.0,1.0,0.0,0.0,0.0,0.0,0.0,0.0,1.0,0.0,0.0,0.0,0.0,0.0,0.0,1.0
EKT,0,3,0.0,0.0,0.0,0.0,0.0,0.0,1.0,0.0,0.0,0.0,0.333333,0.333333,0.0,0.0,0.0,0.0,0.0,0.666667,0.0,0.0,0.0,0.0,1.0,0.0,0.0,0.0,0.0,0.0,0.0,0.0
MR,0,4,0.0,0.0,0.0,0.0,0.0,0.0,1.0,0.0,0.0,0.0,0.0,0.0,0.0,0.0,0.0,0.5,0.5,0.0,0.0,0.0,0.0,0.0,0.5,0.0,0.0,0.0,0.0,0.0,0.0,0.5
KIPL,0,0,0.75,0.25,0.0,0.0,0.0,0.25,1.0,0.0,0.0,0.0,0.25,0.0,0.0,0.0,0.0,0.5,0.0,0.0,0.0,0.0,0.0,0.0,1.0,0.0,0.0,0.25,0.0,0.0,0.0,0.5
DALE,0,1,0.5,0.25,0.0,0.0,0.0,0.0,1.0,0.0,0.0,0.0,0.25,0.0,0.0,0.0,0.0,0.5,0.0,0.5,0.0,0.0,0.0,0.0,0.75,0.0,0.0,0.0,0.0,0.0,0.0,0.25
YCGAS,0,2,0.4,0.0,0.0,0.0,0.0,0.0,1.0,0.0,0.0,0.0,0.8,0.4,0.0,0.25,0.0,0.4,0.0,0.4,0.0,0.0,0.0,0.0,1.0,0.0,0.0,0.0,0.0,0.0,0.0,0.2
NVS,0,3,0.333333,0.0,0.0,0.0,0.0,0.0,1.0,0.0,0.0,0.0,0.333333,0.666667,0.0,0.0,0.0,0.333333,0.0,0.666667,0.0,0.0,0.0,0.0,1.0,0.0,0.0,0.0,0.0,0.0,0.0,0.333333
ERERAGKKKDITLA,0,4,0.357143,0.071429,0.0,0.0,0.0,0.0,1.0,0.0,0.0,0.0,0.285714,0.071429,0.0,0.0,0.0,0.285714,0.0,0.285714,0.0,0.0,0.0,0.0,1.0,0.0,0.0,0.071429,0.0,0.0,0.0,0.142857
RPVVVRKEA,0,0,0.555556,0.0,0.0,0.0,0.0,0.111111,1.0,0.0,0.0,0.0,0.222222,0.0,0.0,0.0,0.0,0.444444,0.0,0.111111,0.0,0.0,0.0,0.0,1.0,0.0,0.0,0.0,0.0,0.0,0.0,0.333333
YLVC,0,1,0.5,0.25,0.0,0.0,0.0,0.0,1.0,0.0,0.0,0.0,0.25,0.25,0.0,0.0,0.0,0.75,0.0,0.25,0.0,0.0,0.0,0.0,1.0,0.0,0.0,0.0,0.0,0.0,0.0,0.75
HVTTS,0,2,0.2,0.0,0.0,0.0,0.0,0.0,1.0,0.0,0.0,0.0,0.8,0.6,0.0,0.0,0.0,0.2,0.0,0.6,0.0,0.0,0.0,0.0,1.0,0.0,0.0,0.0,0.0,0.0,0.0,0.2
KCVINGPFWKDHF,0,3,0.307692,0.0,0.0,0.0,0.0,0.076923,0.846154,0.0,0.0,0.0,0.230769,0.153846,0.0,0.0,0.0,0.384615,0.0,0.153846,0.083333,0.0,0.0,0.0,1.0,0.0,0.1,0.076923,0.0,0.0,0.0,0.461538
MRRHEITFKN,0,4,0.1,0.0,0.0,0.0,0.0,0.0,1.0,0.0,0.111111,0.0,0.2,0.2,0.0,0.0,0.0,0.3,0.1,0.3,0.0,0.0,0.0,0.0,1.0,0.0,0.0,0.1,0.0,0.111111,0.0,0.3
HMENGKN,0,0,0.142857,0.0,0.0,0.0,0.0,0.0,1.0,0.0,0.0,0.0,0.285714,0.285714,0.0,0.0,0.0,0.142857,0.142857,0.428571,0.0,0.0,0.0,0.0,1.0,0.0,0.0,0.0,0.0,0.166667,0.0,0.142857
ISIYC,0,1,0.4,0.0,0.0,0.0,0.0,0.0,1.0,0.0,0.0,0.0,0.4,0.4,0.0,0.25,0.0,0.6,0.0,0.4,0.0,0.0,0.0,0.0,1.0,0.0,0.0,0.4,0.0,0.0,0.0,0.6
AHGMFNPHMWKCCM,0,2,0.214286,0.0,0.0,0.0,0.0,0.071429,1.0,0.076923,0.0,0.0,0.357143,0.214286,0.0,0.0,0.0,0.5,0.214286,0.071429,0.0,0.0,0.1,0.0,1.0,0.125,0.0,0.0,0.0,0.0,0.0,0.5
HCG,0,3,0.333333,0.0,0.0,0.0,0.0,0.0,1.0,0.0,0.0,0.0,0.666667,0.333333,0.0,0.0,0.0,0.333333,0.0,0.0,0.0,0.0,0.0,0.0,1.0,0.0,0.0,0.0,0.0,0.0,0.0,0.333333
GIDHDWFW,0,4,0.25,0.0,0.0,0.0,0.0,0.0,0.625,0.0,0.0,0.0,0.25,0.0,0.25,0.0,0.0,0.25,0.0,0.25,0.0,0.0,0.0,0.0,1.0,0.0,0.0,0.125,0.0,0.0,0.0,0.5
WRKSCRNYLIYVMRC,0,0,0.2,0.066667,0.0,0.0,0.0,0.0,1.0,0.0,0.0,0.0,0.2,0.266667,0.0,0.0,0.0,0.4,0.066667,0.266667,0.0,0.0,0.0,0.0,1.0,0.0,0.0,0.066667,0.0,0.0,0.0,0.466667
FWA,0,1,0.333333,0.0,0.0,0.0,0.0,0.0,1.0,0.0,0.0,0.0,0.333333,0.0,0.0,0.0,0.0,0.666667,0.0,0.0,0.0,0.0,0.0,0.0,1.0,0.0,0.0,0.0,0.0,0.0,0.0,0.666667
CFECD,0,2,0.0,0.0,0.0,0.0,0.0,0.0,1.0,0.0,0.0,0.0,0.0,0.4,0.0,0.0,0.0,0.6,0.0,0.4,0.0,0.0,0.0,0.0,0.8,0.0,0.0,0.0,0.0,0.0,0.0,0.6
TTKSYRFWAFKEST,0,3,0.071429,0.0,0.0,0.0,0.0,0.0,1.0,0.0,0.0,0.0,0.5,0.357143,0.0,0.0,0.0,0.214286,0.0,0.5,0.0,0.0,0.0,0.0,1.0,0.0,0.0,0.0,0.0,0.0,0.0,0.214286
MKLNKVFWSA,0,4,0.3,0.1,0.0,0.0,0.0,0.0,1.0,0.0,0.0,0.0,0.2,0.2,0.0,0.0,0.0,0.5,0.1,0.2,0.0,0.0,0.0,0.0,1.0,0.0,0.0,0.0,0.0,0.0,0.0,0.5
NFEVYDMDITT,0,0,0.181818,0.0,0.0,0.0,0.0,0.0,1.0,0.0,0.0,0.0,0.272727,0.272727,0.0,0.0,0.0,0.363636,0.090909,0.636364,0.0,0.0,0.0,0.0,1.0,0.0,0.0,0.090909,0.0,0.0,0.0,0.363636
NNG,0,1,0.333333,0.0,0.0,0.0,0.0,0.0,1.0,0.0,0.0,0.0,0.333333,0.666667,0.0,0.0,0.0,0.0,0.0,0.666667,0.0,0.0,0.0,0.0,1.0,0.0,0.0,0.0,0.0,0.0,0.0,0.0
NVHRRTVFKVMTRGHLVM,0,2,0.333333,0.055556,0.0,0.0,0.0,0.0,1.0,0.0,0.0,0.0,0.277778,0.166667,0.0,0.0,0.0,0.444444,0.111111,0.166667,0.0,0.0,0.0,0.0,1.0,0.083333,0.0,0.0,0.0,0.0,0.0,0.444444
KTKWC,0,3,0.0,0.0,0.0,0.0,0.0,0.0,1.0,0.0,0.0,0.0,0.2,0.4,0.0,0.0,0.0,0.2,0.0,0.2,0.0,0.0,0.0,0.0,1.0,0.0,0.0,0.0,0.0,0.0,0.0,0.4
THSCK,0,4,0.0,0.0,0.0,0.0,0.0,0.0,1.0,0.0,0.0,0.0,0.6,0.6,0.0,0.0,0.0,0.2,0.0,0.4,0.0,0.0,0.0,0.333333,0.8,0.0,0.0,0.0,0.0,0.0,0.0,0.2
HFWKN,0,0,0.0,0.0,0.0,0.0,0.0,0.0,1.0,0.0,0.0,0.0,0.2,0.2,0.0,0.0,0.0,0.2,0.0,0.2,0.0,0.0,0.0,0.0,1.0,0.0,0.0,0.0,0.0,0.25,0.0,0.4
DMLH,0,1,0.25,0.25,0.0,0.333333,0.0,0.0,0.75,0.0,0.0,0.0,0.25,0.0,0.0,0.0,0.0,0.5,0.25,0.25,0.0,0.0,0.0,0.0,0.75,0.0,0.0,0.0,0.0,0.0,0.0,0.5
DTKWW,0,2,0.0,0.0,0.0,0.0,0.0,0.0,0.6,0.0,0.0,0.0,0.2,0.2,0.0,0.0,0.0,0.0,0.0,0.4,0.0,0.0,0.0,0.0,1.0,0.0,0.0,0.0,0.0,0.0,0.0,0.4
QCW,0,3,0.0,0.0,0.0,0.0,0.0,0.0,0.666667,0.0,0.0,0.0,0.0,0.666667,0.0,0.0,0.0,0.333333,0.0,0.333333,0.0,0.0,0.0,0.0,1.0,0.0,0.0,0.0,0.333333,0.0,0.0,0.666667
HICFGKERLEP,0,4,0.363636,0.090909,0.0,0.0,0.0,0.090909,1.0,0.0,0.0,0.0,0.272727,0.090909,0.0,0.0,0.0,0.363636,0.0,0.181818,0.0,0.0,0.0,0.111111,1.0,0.0,0.0,0.090909,0.0,0.0,0.0,0.363636
ECKDP,0,0,0.2,0.0,0.0,0.0,0.0,0.2,1.0,0.0,0.0,0.0,0.2,0.2,0.0,0.0,0.0,0.2,0.0,0.4,0.0,0.0,0.0,0.0,1.0,0.0,0.0,0.0,0.0,0.0,0.0,0.2
CFYMIIP,0,1,0.428571,0.0,0.0,0.0,0.0,0.142857,1.0,0.0,0.0,0.166667,0.285714,0.142857,0.0,0.0,0.0,0.714286,0.142857,0.142857,0.0,0.0,0.0,0.0,1.0,0.0,0.0,0.285714,0.0,0.0,0.0,0.714286
NIE,0,2,0.333333,0.0,0.0,0.0,0.0,0.0,1.0,0.0,0.0,0.0,0.0,0.333333,0.0,0.0,0.0,0.333333,0.0,0.666667,0.0,0.0,0.0,0.0,0.666667,0.0,0.0,0.333333,0.0,0.0,0.0,0.333333
SKQS,0,3,0.0,0.0,0.0,0.0,0.0,0.0,1.0,0.0,0.0,0.0,0.5,0.75,0.0,0.0,0.0,0.0,0.0,0.75,0.0,0.0,0.0,0.0,1.0,0.0,0.0,0.0,0.25,0.0,0.0,0.0
HLRNMI,0,4,0.333333,0.166667,0.0,0.0,0.0,0.0,1.0,0.0,0.0,0.2,0.166667,0.166667,0.0,0.0,0.0,0.5,0.166667,0.166667,0.0,0.0,0.0,0.0,1.0,0.0,0.0,0.166667,0.0,0.0,0.0,0.5
TI,0,0,0.5,0.0,0.0,0.0,0.0,0.0,1.0,0.0,0.0,0.0,0.5,0.5,0.0,0.0,0.0,0.5,0.0,0.5,0.0,0.0,0.0,0.0,1.0,0.0,0.0,0.5,0.0,0.0,0.0,0.5
DMY,0,1,0.0,0.0,0.0,0.0,0.0,0.0,0.666667,0.0,0.0,0.0,0.333333,0.0,0.0,0.0,0.0,0.333333,0.333333,0.666667,0.0,0.0,0.0,0.0,1.0,0.0,0.0,0.0,0.0,0.0,0.0,0.333333
CCS,0,2,0.0,0.0,0.0,0.0,0.0,0.0,1.0,0.0,0.0,0.0,0.333333,1.0,0.0,0.0,0.0,0.666667,0.0,0.333333,0.0,0.0,0.0,0.0,1.0,0.0,0.0,0.0,0.0,0.0,0.0,0.666667
CQA,0,3,0.333333,0.0,0.0,0.0,0.0,0.0,1.0,0.0,0.0,0.0,0.333333,0.666667,0.0,0.0,0.0,0.666667,0.0,0.333333,0.0,0.0,0.0,0.0,1.0,0.0,0.0,0.0,0.333333,0.0,0.0,0.333333
MKQ,0,4,0.0,0.0,0.0,0.0,0.0,0.0,1.0,0.0,0.0,0.0,0.0,0.333333,0.0,0.0,0.0,0.333333,0.333333,0.333333,0.0,0.0,0.0,0.0,1.0,0.0,0.0,0.0,0.333333,0.0,0.0,0.333333
MHVMDYPR,0,0,0.25,0.0,0.0,0.0,0.0,0.125,1.0,0.0,0.0,0.0,0.375,0.0,0.0,0.0,0.0,0.375,0.25,0.25,0.0,0.0,0.0,0.0,0.875,0.0,0.0,0.0,0.0,0.0,0.0,0.375
HSSVKEMD,0,1,0.125,0.0,0.0,0.0,0.0,0.0,1.0,0.0,0.0,0.0,0.375,0.25,0.0,0.0,0.0,0.25,0.125,0.5,0.0,0.0,0.0,0.0,0.875,0.0,0.0,0.0,0.0,0.0,0.0,0.25
YEWWCTDAIAAQ,0,2,0.333333,0.0,0.0,0.0,0.0,0.0,1.0,0.0,0.0,0.0,0.416667,0.25,0.0,0.0,0.0,0.416667,0.0,0.416667,0.0,0.0,0.0,0.0,1.0,0.0,0.0,0.083333,0.083333,0.0,0.0,0.333333
INTDAHHMADIKE,0,3,0.307692,0.0,0.0,0.0,0.0,0.0,1.0,0.0,0.0,0.0,0.384615,0.153846,0.0,0.0,0.0,0.384615,0.076923,0.384615,0.0,0.0,0.0,0.0,0.846154,0.142857,0.0,0.153846,0.0,0.0,0.0,0.230769
CADFAYDNWI,0,4,0.3,0.0,0.0,0.0,0.0,0.0,1.0,0.0,0.0,0.0,0.3,0.2,0.0,0.0,0.0,0.5,0.0,0.4,0.0,0.0,0.0,0.0,1.0,0.0,0.0,0.1,0.0,0.0,0.0,0.4
MMD,0,0,0.0,0.0,0.0,0.0,0.0,0.0,1.0,0.0,0.0,0.0,0.0,0.0,0.0,0.0,0.0,0.666667,0.666667,0.333333,0.0,0.0,0.0,0.0,0.666667,0.0,0.0,0.0,0.0,0.0,0.0,0.666667
DWTD,0,1,0.0,0.0,0.0,0.0,0.0,0.0,1.0,0.0,0.0,0.0,0.25,0.25,0.0,0.0,0.0,0.0,0.0,0.75,0.0,0.0,0.0,0.0,0.75,0.0,0.0,0.0,0.0,0.0,0.0,0.25
CCG,0,2,0.333333,0.0,0.0,0.0,0.0,0.0,1.0,0.0,0.0,0.0,0.333333,0.666667,0.0,0.0,0.0,0.666667,0.0,0.0,0.0,0.0,0.0,0.0,1.0,0.0,0.0,0.0,0.0,0.0,0.0,0.666667
CDRVE,0,3,0.2,0.0,0.0,0.0,0.0,0.0,1.0,0.0,0.0,0.0,0.0,0.2,0.0,0.0,0.0,0.4,0.0,0.4,0.0,0.0,0.0,0.0,0.8,0.0,0.0,0.0,0.0,0.0,0.0,0.4
ICDWFHKHNFL,0,4,0.181818,0.090909,0.0,0.0,0.0,0.0,1.0,0.0,0.0,0.0,0.181818,0.181818,0.0,0.0,0.0,0.454545,0.0,0.181818,0.0,0.0,0.0,0.0,1.0,0.0,0.0,0.090909,0.0,0.0,0.0,0.545455
MWWVRLH,0,0,0.285714,0.142857,0.0,0.166667,0.0,0.0,0.857143,0.0,0.0,0.0,0.142857,0.0,0.0,0.0,0.0,0.428571,0.142857,0.0,0.0,0.0,0.0,0.0,0.857143,0.0,0.0,0.0,0.0,0.0,0.0,0.714286
MSM,0,1,0.0,0.0,0.0,0.0,0.0,0.0,1.0,0.0,0.0,0.0,0.333333,0.333333,0.0,0.0,0.0,0.666667,0.666667,0.333333,0.0,0.0,0.0,0.0,1.0,0.0,0.0,0.0,0.0,0.0,0.0,0.666667
RVYC,0,2,0.25,0.0,0.0,0.0,0.0,0.0,1.0,0.0,0.0,0.0,0.25,0.25,0.0,0.333333,0.0,0.5,0.0,0.25,0.0,0.0,0.0,0.0,1.0,0.0,0.0,0.0,0.0,0.0,0.0,0.5
EKS,0,3,0.0,0.0,0.0,0.0,0.0,0.0,1.0,0.0,0.0,0.0,0.333333,0.333333,0.0,0.0,0.0,0.0,0.0,0.666667,0.0,0.0,0.0,0.0,1.0,0.0,0.0,0.0,0.0,0.0,0.0,0.0
LNKNWFVSCPR,0,4,0.272727,0.090909,0.0,0.0,0.0,0.090909,1.0,0.0,0.0,0.0,0.181818,0.363636,0.0,0.0,0.0,0.363636,0.0,0.272727,0.0,0.0,0.0,0.0,0.909091,0.0,0.0,0.0,0.0,0.1,0.0,0.454545
EMDNEKQ,0,0,0.0,0.0,0.0,0.0,0.0,0.0,1.0,0.0,0.0,0.0,0.0,0.285714,0.0,0.0,0.0,0.142857,0.142857,0.714286,0.0,0.0,0.0,0.0,1.0,0.0,0.0,0.0,0.142857,0.0,0.0,0.142857
CRI,0,1,0.333333,0.0,0.0,0.0,0.0,0.0,1.0,0.0,0.0,0.0,0.0,0.333333,0.0,0.0,0.0,0.666667,0.0,0.0,0.0,0.0,0.0,0.0,1.0,0.0,0.0,0.333333,0.0,0.0,0.0,0.666667
TVI,0,2,0.666667,0.0,0.0,0.0,0.0,0.0,1.0,0.0,0.0,0.0,0.333333,0.333333,0.0,0.0,0.0,0.666667,0.0,0.333333,0.0,0.0,0.0,0.0,1.0,0.0,0.0,0.333333,0.0,0.0,0.0,0.666667
KERG,0,3,0.25,0.0,0.0,0.0,0.0,0.0,1.0,0.0,0.0,0.0,0.25,0.0,0.0,0.0,0.0,0.0,0.0,0.25,0.0,0.0,0.0,0.0,1.0,0.0,0.0,0.0,0.0,0.0,0.0,0.0
DTHFIKA,0,4,0.285714,0.0,0.0,0.0,0.0,0.0,1.0,0.0,0.0,0.0,0.428571,0.142857,0.0,0.0,0.0,0.428571,0.0,0.285714,0.0,0.0,0.0,0.0,1.0,0.0,0.0,0.142857,0.0,0.0,0.0,0.285714
YMRV,0,0,0.25,0.0,0.0,0.0,0.0,0.0,1.0,0.0,0.0,0.0,0.25,0.0,0.0,0.0,0.0,0.5,0.25,0.25,0.0,0.0,0.0,0.0,1.0,0.0,0.0,0.0,0.0,0.0,0.0,0.5
CRLT,0,1,0.25,0.25,0.0,0.0,0.0,0.0,1.0,0.0,0.0,0.0,0.25,0.5,0.0,0.0,0.0,0.5,0.0,0.25,0.0,0.0,0.0,0.0,1.0,0.0,0.0,0.0,0.0,0.0,0.0,0.5
CVEPCH,0,2,0.333333,0.0,0.0,0.0,0.0,0.166667,0.833333,0.0,0.0,0.0,0.333333,0.333333,0.0,0.0,0.0,0.5,0.0,0.166667,0.0,0.0,0.0,0.0,0.833333,0.0,0.0,0.0,0.0,0.0,0.0,0.5
MAE,0,3,0.333333,0.0,0.0,0.0,0.0,0.0,1.0,0.0,0.0,0.0,0.333333,0.0,0.0,0.0,0.0,0.666667,0.333333,0.333333,0.0,0.0,0.0,0.0,0.666667,0.0,0.0,0.0,0.0,0.0,0.0,0.333333
MSMMV,0,4,0.2,0.0,0.0,0.0,0.0,0.0,1.0,0.0,0.0,0.0,0.2,0.2,0.0,0.0,0.0,0.8,0.6,0.2,0.0,0.0,0.0,0.0,1.0,0.0,0.0,0.0,0.0,0.0,0.0,0.8
HWQ,0,0,0.0,0.0,0.0,0.0,0.0,0.0,1.0,0.0,0.0,0.0,0.333333,0.333333,0.0,0.0,0.0,0.0,0.0,0.333333,0.0,0.0,0.0,0.0,1.0,0.0,0.0,0.0,0.333333,0.0,0.0,0.333333
KNIDFNSDCLDGE,0,1,0.230769,0.076923,0.0,0.0,0.0,0.0,1.0,0.0,0.0,0.0,0.153846,0.307692,0.0,0.0,0.0,0.307692,0.0,0.538462,0.0,0.0,0.0,0.0,0.923077,0.0,0.0,0.076923,0.0,0.083333,0.0,0.307692
MNFCRLFQAG,0,2,0.3,0.1,0.0,0.0,0.0,0.0,1.0,0.0,0.0,0.0,0.2,0.3,0.0,0.0,0.0,0.6,0.1,0.2,0.0,0.0,0.0,0.0,1.0,0.0,0.0,0.0,0.1,0.0,0.0,0.5
EW,0,3,0.0,0.0,0.0,0.0,0.0,0.0,0.5,0.0,0.0,0.0,0.0,0.0,0.0,0.0,0.0,0.0,0.0,0.5,0.0,0.0,0.0,0.0,1.0,0.0,0.0,0.0,0.0,0.0,0.0,0.5
YQNNKTIHGIS,0,4,0.272727,0.0,0.0,0.0,0.0,0.0,1.0,0.0,0.0,0.0,0.454545,0.454545,0.0,0.0,0.0,0.181818,0.0,0.545455,0.0,0.0,0.0,0.0,1.0,0.0,0.0,0.181818,0.090909,0.0,0.0,0.181818
RQYWDIQGSFLMGW,0,0,0.285714,0.071429,0.0,0.0,0.0,0.0,0.928571,0.0,0.0,0.0,0.285714,0.214286,0.0,0.0,0.0,0.285714,0.071429,0.357143,0.0,0.0,0.0,0.0,1.0,0.0,0.0,0.071429,0.142857,0.0,0.0,0.428571
FDKSWWIC,0,1,0.125,0.0,0.0,0.0,0.0,0.0,1.0,0.0,0.0,0.0,0.125,0.25,0.0,0.0,0.0,0.375,0.0,0.25,0.0,0.0,0.0,0.0,1.0,0.0,0.0,0.125,0.0,0.0,0.0,0.625
QNHAFHKHVRT,0,2,0.181818,0.0,0.0,0.0,0.0,0.0,1.0,0.0,0.0,0.0,0.454545,0.272727,0.0,0.0,0.0,0.272727,0.0,0.272727,0.0,0.0,0.0,0.0,1.0,0.0,0.0,0.0,0.090909,0.0,0.0,0.181818
FIV,0,3,0.666667,0.0,0.0,0.0,0.0,0.0,1.0,0.0,0.0,0.0,0.0,0.0,0.0,0.0,0.0,1.0,0.0,0.0,0.0,0.0,0.0,0.0,1.0,0.0,0.0,0.333333,0.0,0.0,0.0,1.0
NQS,0,4,0.0,0.0,0.0,0.0,0.0,0.0,1.0,0.0,0.0,0.0,0.333333,1.0,0.0,0.0,0.0,0.0,0.0,1.0,0.0,0.0,0.0,0.0,1.0,0.0,0.0,0.0,0.333333,0.0,0.0,0.0
QCV,0,0,0.333333,0.0,0.0,0.0,0.0,0.0,1.0,0.0,0.0,0.0,0.0,0.666667,0.0,0.0,0.0,0.666667,0.0,0.333333,0.0,0.0,0.0,0.0,1.0,0.0,0.0,0.0,0.333333,0.0,0.0,0.666667
MLK,0,1,0.333333,0.333333,0.0,0.0,0.0,0.0,1.0,0.0,0.0,0.0,0.0,0.0,0.0,0.0,0.0,0.666667,0.333333,0.0,0.0,0.0,0.0,0.0,0.666667,0.0,0.0,0.0,0.0,0.0,0.0,0.666667
MLN,0,2,0.333333,0.333333,0.0,0.0,0.0,0.0,1.0,0.0,0.0,0.0,0.0,0.333333,0.0,0.0,0.0,0.666667,0.333333,0.333333,0.0,0.0,0.0,0.0,1.0,0.0,0.0,0.0,0.0,0.0,0.0,0.666667
QTT,0,3,0.0,0.0,0.0,0.0,0.0,0.0,1.0,0.0,0.0,0.0,0.666667,1.0,0.0,0.0,0.0,0.0,0.0,1.0,0.0,0.0,0.0,0.0,1.0,0.0,0.0,0.0,0.333333,0.0,0.0,0.0
TFNDINRK,0,4,0.125,0.0,0.0,0.0,0.0,0.0,1.0,0.0,0.0,0.0,0.125,0.375,0.0,0.0,0.0,0.25,0.0,0.5,0.0,0.0,0.0,0.0,0.75,0.0,0.0,0.125,0.0,0.0,0.0,0.25
MC,0,0,0.0,0.0,0.0,0.0,0.0,0.0,1.0,0.0,0.0,0.0,0.0,0.5,0.0,0.0,0.0,1.0,0.5,0.0,0.0,0.0,0.0,0.0,1.0,0.0,0.0,0.0,0.0,0.0,0.0,1.0
CWSWFQAR,0,1,0.125,0.0,0.0,0.0,0.0,0.0,1.0,0.0,0.0,0.0,0.25,0.375,0.0,0.0,0.0,0.375,0.0,0.25,0.0,0.0,0.0,0.0,0.875,0.0,0.0,0.0,0.125,0.0,0.0,0.5
CCYLAFDYQTVGM,0,2,0.307692,0.076923,0.0,0.0,0.0,0.0,1.0,0.0,0.0,0.0,0.384615,0.307692,0.0,0.0,0.0,0.538462,0.076923,0.384615,0.0,0.0,0.0,0.0,1.0,0.0,0.0,0.0,0.076923,0.0,0.0,0.461538
MDQPIMPS,0,3,0.375,0.0,0.0,0.0,0.0,0.25,1.0,0.0,0.0,0.0,0.375,0.25,0.0,0.0,0.0,0.375,0.25,0.375,0.0,0.0,0.0,0.0,1.0,0.0,0.0,0.125,0.125,0.0,0.142857,0.375
DMYC,0,4,0.0,0.0,0.0,0.0,0.0,0.0,1.0,0.0,0.0,0.0,0.25,0.25,0.0,0.333333,0.0,0.5,0.25,0.5,0.0,0.0,0.0,0.0,1.0,0.0,0.0,0.0,0.0,0.0,0.0,0.5
PYVRVTYIDCMVLR,0,0,0.428571,0.071429,0.0,0.0,0.0,0.071429,1.0,0.0,0.0,0.0,0.285714,0.142857,0.0,0.0,0.0,0.5,0.071429,0.285714,0.0,0.0,0.0,0.0,0.928571,0.0,0.0,0.071429,0.0,0.0,0.0,0.5
CIKTQ,0,1,0.2,0.0,0.0,0.0,0.0,0.0,1.0,0.0,0.0,0.0,0.2,0.6,0.0,0.0,0.0,0.4,0.0,0.4,0.0,0.0,0.0,0.0,1.0,0.0,0.0,0.2,0.2,0.0,0.0,0.4
CSCSRLRL,0,2,0.25,0.25,0.0,0.0,0.0,0.0,1.0,0.0,0.0,0.0,0.25,0.5,0.0,0.0,0.0,0.5,0.0,0.25,0.0,0.0,0.0,0.0,1.0,0.0,0.0,0.0,0.0,0.0,0.0,0.5
MFV,0,3,0.333333,0.0,0.0,0.0,0.0,0.0,1.0,0.0,0.0,0.0,0.0,0.0,0.0,0.0,0.0,1.0,0.333333,0.0,0.0,0.0,0.0,0.0,1.0,0.0,0.0,0.0,0.0,0.0,0.0,1.0
YHDFAWVQCIF,0,4,0.272727,0.0,0.0,0.0,0.0,0.0,0.909091,0.0,0.0,0.0,0.272727,0.181818,0.142857,0.0,0.0,0.545455,0.0,0.272727,0.0,0.0,0.0,0.0,1.0,0.0,0.0,0.090909,0.090909,0.0,0.0,0.545455
CEH,0,0,0.0,0.0,0.0,0.0,0.0,0.0,0.666667,0.0,0.0,0.0,0.333333,0.333333,0.0,0.0,0.0,0.333333,0.0,0.333333,0.0,0.0,0.0,0.0,0.333333,0.0,0.0,0.0,0.0,0.0,0.0,0.333333
KQDNQ,0,1,0.0,0.0,0.0,0.0,0.0,0.0,1.0,0.0,0.0,0.0,0.0,0.6,0.0,0.0,0.0,0.0,0.0,0.8,0.0,0.0,0.0,0.0,1.0,0.0,0.0,0.0,0.4,0.0,0.0,0.0
SCR,0,2,0.0,0.0,0.0,0.0,0.0,0.0,1.0,0.0,0.0,0.0,0.333333,0.666667,0.0,0.0,0.0,0.333333,0.0,0.333333,0.0,0.0,0.0,0.0,0.666667,0.0,0.0,0.0,0.0,0.0,0.0,0.333333
GKHFCEARQMQQ,0,3,0.166667,0.0,0.0,0.0,0.0,0.0,1.0,0.0,0.0,0.0,0.25,0.333333,0.0,0.0,0.0,0.333333,0.083333,0.333333,0.0,0.0,0.0,0.1,1.0,0.0,0.0,0.0,0.25,0.0,0.0,0.25
TKTVCSMKCGE,0,4,0.181818,0.0,0.0,0.0,0.0,0.0,1.0,0.0,0.0,0.0,0.363636,0.454545,0.0,0.0,0.0,0.363636,0.090909,0.363636,0.0,0.0,0.0,0.0,0.909091,0.2,0.0,0.0,0.0,0.0,0.0,0.363636
SWF,0,0,0.0,0.0,0.0,0.0,0.0,0.0,0.333333,0.0,0.0,0.0,0.333333,0.333333,0.0,0.0,0.0,0.333333,0.0,0.333333,0.0,0.0,0.0,0.0,1.0,0.0,0.0,0.0,0.0,0.0,0.0,0.666667
TCD,0,1,0.0,0.0,0.0,0.0,0.0,0.0,1.0,0.0,0.0,0.0,0.333333,0.666667,0.0,0.0,0.0,0.333333,0.0,0.666667,0.0,0.0,0.0,0.0,0.666667,0.0,0.0,0.0,0.0,0.0,0.0,0.333333
MAY,0,2,0.333333,0.0,0.0,0.0,0.0,0.0,0.666667,0.0,0.0,0.0,0.666667,0.0,0.0,0.0,0.0,0.666667,0.333333,0.333333,0.0,0.0,0.0,0.0,1.0,0.0,0.0,0.0,0.0,0.0,0.0,0.333333
HACREGDDSH,0,3,0.2,0.0,0.0,0.0,0.0,0.0,0.9,0.0,0.0,0.0,0.5,0.2,0.0,0.0,0.0,0.2,0.0,0.4,0.0,0.0,0.0,0.125,0.9,0.0,0.0,0.0,0.0,0.0,0.0,0.1
IFI,0,4,0.666667,0.0,0.0,0.0,0.0,0.0,1.0,0.0,0.0,0.0,0.0,0.0,0.0,0.0,0.0,1.0,0.0,0.0,0.0,0.0,0.0,0.0,1.0,0.0,0.0,0.666667,0.0,0.0,0.0,1.0
NWM,0,0,0.0,0.0,0.0,0.0,0.0,0.0,1.0,0.0,0.0,0.0,0.0,0.333333,0.0,0.0,0.0,0.333333,0.333333,0.333333,0.0,0.0,0.0,0.0,1.0,0.0,0.0,0.0,0.0,0.0,0.0,0.666667
RQWWEET,0,1,0.0,0.0,0.0,0.0,0.0,0.0,1.0,0.0,0.0,0.0,0.142857,0.285714,0.0,0.0,0.0,0.0,0.0,0.571429,0.0,0.0,0.0,0.0,1.0,0.0,0.0,0.0,0.142857,0.0,0.0,0.285714
QCNCVVNTHSMAL,0,2,0.307692,0.076923,0.0,0.0,0.0,0.0,1.0,0.0,0.0,0.0,0.307692,0.538462,0.0,0.0,0.0,0.538462,0.076923,0.384615,0.0,0.0,0.0,0.0,1.0,0.0,0.1,0.0,0.076923,0.0,0.0,0.461538
CPCW,0,3,0.25,0.0,0.0,0.0,0.0,0.25,0.75,0.0,0.0,0.0,0.25,0.5,0.0,0.0,0.0,0.5,0.0,0.0,0.0,0.0,0.0,0.0,1.0,0.0,0.0,0.0,0.0,0.0,0.0,0.75
IVGTFCVMLRATGP,0,4,0.571429,0.071429,0.0,0.0,0.0,0.071429,1.0,0.0,0.0,0.0,0.428571,0.214286,0.0,0.0,0.0,0.571429,0.071429,0.142857,0.0,0.0,0.0,0.0,1.0,0.0,0.0,0.071429,0.0,0.0,0.0,0.5
FVTGCYNEMA,0,0,0.3,0.0,0.0,0.0,0.0,0.0,1.0,0.0,0.0,0.0,0.4,0.3,0.0,0.0,0.0,0.5,0.1,0.4,0.0,0.0,0.0,0.0,1.0,0.0,0.0,0.0,0.0,0.0,0.0,0.4
MMDNKYIWVTAMF,0,1,0.230769,0.0,0.0,0.0,0.0,0.0,0.923077,0.0,0.0,0.0,0.230769,0.153846,0.0,0.0,0.0,0.538462,0.230769,0.307692,0.0,0.0,0.0,0.0,1.0,0.0,0.0,0.076923,0.0,0.0,0.0,0.538462
HCECSYWATC,0,2,0.1,0.0,0.0,0.0,0.0,0.0,1.0,0.0,0.0,0.0,0.5,0.5,0.0,0.0,0.0,0.4,0.0,0.4,0.0,0.0,0.0,0.0,1.0,0.25,0.0,0.0,0.0,0.0,0.0,0.4
CEV,0,3,0.333333,0.0,0.0,0.0,0.0,0.0,1.0,0.0,0.0,0.0,0.0,0.333333,0.0,0.0,0.0,0.666667,0.0,0.333333,0.0,0.0,0.0,0.0,1.0,0.0,0.0,0.0,0.0,0.0,0.0,0.666667
MHEWSL,0,4,0.166667,0.166667,0.0,0.0,0.0,0.0,1.0,0.0,0.0,0.0,0.333333,0.166667,0.0,0.0,0.0,0.333333,0.166667,0.333333,0.0,0.0,0.0,0.0,1.0,0.0,0.0,0.0,0.0,0.0,0.0,0.5
KRCMYFFGT,0,0,0.111111,0.0,0.0,0.0,0.0,0.0,1.0,0.0,0.0,0.0,0.333333,0.222222,0.0,0.0,0.0,0.444444,0.111111,0.222222,0.0,0.0,0.0,0.0,1.0,0.0,0.0,0.0,0.0,0.0,0.0,0.444444
CYH,0,1,0.0,0.0,0.0,0.0,0.0,0.0,0.333333,0.0,0.0,0.0,0.666667,0.333333,0.0,0.0,0.0,0.333333,0.0,0.333333,0.0,0.0,0.0,0.0,0.666667,0.0,0.0,0.0,0.0,0.0,0.0,0.333333
VQWKACYE,0,2,0.25,0.0,0.0,0.0,0.0,0.0,1.0,0.0,0.0,0.0,0.25,0.25,0.0,0.0,0.0,0.375,0.0,0.375,0.0,0.0,0.0,0.0,0.875,0.0,0.0,0.0,0.125,0.0,0.0,0.375
QS,0,3,0.0,0.0,0.0,0.0,0.0,0.0,1.0,0.0,0.0,0.0,0.5,1.0,0.0,0.0,0.0,0.0,0.0,1.0,0.0,0.0,0.0,0.0,1.0,0.0,0.0,0.0,0.5,0.0,0.0,0.0
KGM,0,4,0.333333,0.0,0.0,0.0,0.0,0.0,1.0,0.0,0.0,0.0,0.333333,0.0,0.0,0.0,0.0,0.333333,0.333333,0.0,0.0,0.0,0.0,0.0,1.0,0.0,0.0,0.0,0.0,0.0,0.0,0.333333
RNI,0,0,0.333333,0.0,0.0,0.0,0.0,0.0,1.0,0.0,0.0,0.0,0.0,0.333333,0.0,0.0,0.0,0.333333,0.0,0.333333,0.0,0.0,0.0,0.0,1.0,0.0,0.0,0.333333,0.0,0.0,0.0,0.333333
ESRCLFGFCKHHLNI,0,1,0.266667,0.133333,0.0,0.0,0.0,0.0,1.0,0.0,0.0,0.0,0.266667,0.266667,0.0,0.0,0.0,0.466667,0.0,0.2,0.0,0.0,0.0,0.0,1.0,0.0,0.0,0.066667,0.0,0.0,0.0,0.466667
IKDF,0,2,0.25,0.0,0.0,0.0,0.0,0.0,0.75,0.0,0.0,0.0,0.0,0.0,0.0,0.0,0.0,0.5,0.0,0.25,0.0,0.0,0.0,0.0,1.0,0.0,0.0,0.25,0.0,0.0,0.0,0.5
IMSLAFCE,0,3,0.375,0.125,0.0,0.0,0.0,0.0,1.0,0.0,0.0,0.0,0.25,0.25,0.0,0.0,0.0,0.75,0.125,0.25,0.0,0.0,0.0,0.0,0.875,0.0,0.0,0.125,0.0,0.0,0.0,0.625
CRP,0,4,0.333333,0.0,0.0,0.0,0.0,0.333333,1.0,0.0,0.0,0.0,0.333333,0.333333,0.0,0.0,0.0,0.333333,0.0,0.0,0.0,0.0,0.0,0.0,1.0,0.0,0.0,0.0,0.0,0.0,0.0,0.333333
QWK,0,0,0.0,0.0,0.0,0.0,0.0,0.0,1.0,0.0,0.0,0.0,0.0,0.333333,0.0,0.0,0.0,0.0,0.0,0.333333,0.0,0.0,0.0,0.0,0.666667,0.0,0.0,0.0,0.333333,0.0,0.0,0.333333
QRNCCF,0,1,0.0,0.0,0.0,0.0,0.0,0.0,0.833333,0.0,0.0,0.0,0.0,0.666667,0.0,0.0,0.0,0.5,0.0,0.333333,0.0,0.0,0.0,0.0,1.0,0.0,0.0,0.0,0.166667,0.0,0.0,0.5
IWHENT,0,2,0.166667,0.0,0.0,0.0,0.0,0.0,1.0,0.0,0.0,0.0,0.333333,0.333333,0.0,0.0,0.0,0.166667,0.0,0.5,0.0,0.0,0.0,0.0,1.0,0.0,0.0,0.166667,0.0,0.0,0.0,0.333333
KMF,0,3,0.0,0.0,0.0,0.0,0.0,0.0,0.666667,0.0,0.0,0.0,0.0,0.0,0.0,0.0,0.5,0.666667,0.333333,0.0,0.0,0.0,0.0,0.0,1.0,0.0,0.0,0.0,0.0,0.0,0.0,0.666667
QMHYQ,0,4,0.0,0.0,0.0,0.0,0.0,0.0,1.0,0.0,0.0,0.0,0.4,0.4,0.0,0.0,0.0,0.2,0.2,0.6,0.0,0.0,0.0,0.0,1.0,0.0,0.0,0.0,0.4,0.0,0.0,0.2
GTHIWQKKFTNY,0,0,0.166667,0.0,0.0,0.0,0.0,0.0,0.916667,0.0,0.0,0.0,0.416667,0.333333,0.0,0.0,0.0,0.166667,0.0,0.416667,0.0,0.0,0.0,0.0,1.0,0.0,0.0,0.083333,0.083333,0.0,0.0,0.25
CLRKN,0,1,0.2,0.2,0.0,0.0,0.0,0.0,1.0,0.0,0.0,0.0,0.0,0.4,0.0,0.0,0.0,0.4,0.0,0.2,0.0,0.0,0.0,0.0,1.0,0.0,0.0,0.0,0.0,0.25,0.0,0.4
MYS,0,2,0.0,0.0,0.0,0.0,0.0,0.0,1.0,0.0,0.0,0.0,0.666667,0.333333,0.0,0.0,0.0,0.333333,0.333333,0.666667,0.0,0.0,0.0,0.0,1.0,0.0,0.0,0.0,0.0,0.0,0.0,0.333333
DT,0,3,0.0,0.0,0.0,0.0,0.0,0.0,1.0,0.0,0.0,0.0,0.5,0.5,0.0,0.0,0.0,0.0,0.0,1.0,0.0,0.0,0.0,0.0,1.0,0.0,0.0,0.0,0.0,0.0,0.0,0.0
RTVTM,0,4,0.2,0.0,0.0,0.0,0.0,0.0,1.0,0.0,0.0,0.0,0.4,0.4,0.0,0.0,0.0,0.4,0.2,0.4,0.0,0.0,0.0,0.0,1.0,0.0,0.0,0.0,0.0,0.0,0.0,0.4
IMM,0,0,0.333333,0.0,0.0,0.0,0.0,0.0,1.0,0.0,0.0,0.0,0.0,0.0,0.0,0.0,0.0,1.0,0.666667,0.0,0.0,0.0,0.0,0.0,1.0,0.0,0.0,0.333333,0.0,0.0,0.0,1.0
RQVMDEPMTNMS,0,1,0.166667,0.0,0.0,0.0,0.0,0.083333,1.0,0.0,0.0,0.0,0.25,0.333333,0.0,0.0,0.0,0.333333,0.25,0.5,0.0,0.0,0.0,0.0,1.0,0.0,0.0,0.0,0.083333,0.0,0.0,0.333333
EMYWFEDEPKNDD,0,2,0.076923,0.0,0.0,0.0,0.0,0.076923,1.0,0.0,0.0,0.0,0.153846,0.076923,0.0,0.0,0.0,0.153846,0.076923,0.615385,0.0,0.0,0.0,0.0,0.846154,0.142857,0.0,0.0,0.0,0.083333,0.0,0.230769
DGM,0,3,0.333333,0.0,0.0,0.0,0.0,0.0,1.0,0.0,0.0,0.0,0.333333,0.0,0.0,0.0,0.0,0.333333,0.333333,0.333333,0.0,0.0,0.0,0.0,1.0,0.0,0.0,0.0,0.0,0.0,0.0,0.333333
WWCCTNYYYKQVQ,0,4,0.076923,0.0,0.0,0.0,0.0,0.0,1.0,0.0,0.0,0.0,0.307692,0.461538,0.0,0.0,0.0,0.230769,0.0,0.538462,0.0,0.0,0.0,0.0,1.0,0.0,0.1,0.0,0.153846,0.0,0.0,0.384615
NWL,0,0,0.333333,0.333333,0.0,0.0,0.0,0.0,1.0,0.0,0.0,0.0,0.0,0.333333,0.0,0.0,0.0,0.333333,0.0,0.333333,0.0,0.0,0.0,0.0,1.0,0.0,0.0,0.0,0.0,0.0,0.0,0.666667
QVWDMCVPAPM,0,1,0.454545,0.0,0.0,0.0,0.0,0.181818,1.0,0.0,0.0,0.0,0.272727,0.181818,0.0,0.0,0.0,0.545455,0.181818,0.181818,0.0,0.0,0.0,0.0,1.0,0.2,0.0,0.0,0.090909,0.0,0.0,0.545455
QIS,0,2,0.333333,0.0,0.0,0.0,0.0,0.0,1.0,0.0,0.0,0.0,0.333333,0.666667,0.0,0.0,0.0,0.333333,0.0,0.666667,0.0,0.0,0.0,0.0,1.0,0.0,0.0,0.333333,0.333333,0.0,0.0,0.333333
QGNIQKFGTFMRRD,0,3,0.214286,0.0,0.0,0.0,0.0,0.0,1.0,0.0,0.0,0.0,0.214286,0.285714,0.0,0.0,0.0,0.285714,0.071429,0.357143,0.0,0.0,0.0,0.0,0.785714,0.125,0.0,0.071429,0.142857,0.0,0.0,0.285714
LQRMCNLEFFHNQWDR,0,4,0.125,0.125,0.0,0.0,0.0,0.0,1.0,0.0,0.0,0.0,0.0625,0.3125,0.0,0.0,0.0,0.375,0.0625,0.375,0.0,0.0,0.0,0.0,0.875,0.2,0.0,0.0,0.125,0.0,0.0,0.4375
HEQRSNSFHF,0,0,0.0,0.0,0.0,0.0,0.111111,0.0,0.7,0.0,0.0,0.0,0.4,0.4,0.0,0.0,0.0,0.2,0.0,0.5,0.0,0.0,0.0,0.0,1.0,0.0,0.0,0.0,0.1,0.0,0.0,0.2
DML,0,1,0.333333,0.333333,0.0,0.0,0.0,0.0,1.0,0.0,0.0,0.0,0.0,0.0,0.0,0.0,0.0,0.666667,0.333333,0.333333,0.0,0.0,0.0,0.0,1.0,0.0,0.0,0.0,0.0,0.0,0.0,0.666667
KYM,0,2,0.0,0.0,0.0,0.0,0.0,0.0,1.0,0.0,0.0,0.0,0.333333,0.0,0.0,0.0,0.0,0.333333,0.333333,0.333333,0.0,0.0,0.0,0.0,1.0,0.0,0.0,0.0,0.0,0.0,0.0,0.333333
DNTKFWDMVHITT,0,3,0.153846,0.0,0.0,0.0,0.0,0.0,1.0,0.0,0.0,0.0,0.307692,0.307692,0.0,0.0,0.0,0.307692,0.076923,0.461538,0.0,0.0,0.0,0.0,1.0,0.142857,0.0,0.076923,0.0,0.0,0.0,0.384615
HCC,0,4,0.0,0.0,0.0,0.0,0.0,0.0,1.0,0.0,0.0,0.0,0.333333,0.666667,0.0,0.0,0.0,0.666667,0.0,0.0,0.0,0.0,0.0,1.0,1.0,0.0,0.0,0.0,0.0,0.0,0.0,0.666667
WRV,0,0,0.333333,0.0,0.0,0.0,0.0,0.0,1.0,0.0,0.0,0.0,0.0,0.0,0.0,0.0,0.0,0.333333,0.0,0.0,0.0,0.0,0.0,0.0,1.0,0.0,0.0,0.0,0.0,0.0,0.0,0.666667
YSMDW,0,1,0.0,0.0,0.0,0.0,0.0,0.0,0.8,0.0,0.0,0.0,0.4,0.2,0.0,0.0,0.0,0.2,0.2,0.6,0.0,0.0,0.0,0.0,1.0,0.0,0.0,0.0,0.0,0.0,0.0,0.4
RRQ,0,2,0.0,0.0,0.0,0.0,0.0,0.0,1.0,0.0,0.0,0.0,0.0,0.333333,0.0,0.0,0.0,0.0,0.0,0.333333,0.0,0.0,0.0,0.0,1.0,0.0,0.0,0.0,0.333333,0.0,0.0,0.0
CCPAC,0,3,0.4,0.0,0.0,0.0,0.0,0.2,1.0,0.0,0.0,0.0,0.4,0.6,0.0,0.0,0.0,0.8,0.0,0.0,0.0,0.0,0.0,0.0,1.0,0.0,0.0,0.0,0.0,0.0,0.0,0.6
TTW,0,4,0.0,0.0,0.0,0.0,0.0,0.0,0.666667,0.0,0.0,0.0,0.666667,0.666667,0.0,0.0,0.0,0.0,0.0,0.666667,0.0,0.0,0.0,0.0,1.0,0.0,0.0,0.0,0.0,0.0,0.0,0.333333
MECYASNDH,0,0,0.111111,0.0,0.0,0.0,0.0,0.0,0.888889,0.0,0.0,0.0,0.444444,0.333333,0.0,0.0,0.0,0.333333,0.111111,0.555556,0.0,0.0,0.0,0.0,0.777778,0.0,0.0,0.0,0.0,0.0,0.0,0.222222
NFE,0,1,0.0,0.0,0.0,0.0,0.0,0.0,1.0,0.0,0.0,0.0,0.0,0.333333,0.0,0.0,0.0,0.333333,0.0,0.666667,0.0,0.0,0.0,0.0,0.666667,0.0,0.0,0.0,0.0,0.0,0.0,0.333333
NYEDTDNRMVI,0,2,0.181818,0.0,0.0,0.0,0.0,0.0,1.0,0.0,0.0,0.0,0.181818,0.272727,0.0,0.0,0.0,0.272727,0.090909,0.636364,0.0,0.0,0.0,0.0,1.0,0.2,0.0,0.090909,0.0,0.0,0.0,0.272727
WVN,0,3,0.333333,0.0,0.0,0.0,0.0,0.0,1.0,0.0,0.0,0.0,0.0,0.333333,0.0,0.0,0.0,0.333333,0.0,0.333333,0.0,0.0,0.0,0.0,1.0,0.0,0.0,0.0,0.0,0.0,0.0,0.666667
TYM,0,4,0.0,0.0,0.0,0.0,0.0,0.0,1.0,0.0,0.0,0.0,0.666667,0.333333,0.0,0.0,0.0,0.333333,0.333333,0.666667,0.0,0.0,0.0,0.0,1.0,0.0,0.0,0.0,0.0,0.0,0.0,0.333333
DIWDCVLWTPIRP,0,0,0.461538,0.076923,0.083333,0.0,0.0,0.153846,1.0,0.0,0.0,0.0,0.230769,0.153846,0.0,0.0,0.0,0.384615,0.0,0.230769,0.0,0.0,0.0,0.0,1.0,0.0,0.0,0.153846,0.0,0.0,0.0,0.538462
NSKF,0,1,0.0,0.0,0.0,0.0,0.0,0.0,0.75,0.0,0.0,0.0,0.25,0.5,0.0,0.0,0.0,0.25,0.0,0.5,0.0,0.0,0.0,0.0,1.0,0.0,0.0,0.0,0.0,0.0,0.0,0.25
FFSYIMV,0,2,0.285714,0.0,0.0,0.0,0.0,0.0,1.0,0.0,0.0,0.0,0.285714,0.142857,0.0,0.0,0.0,0.714286,0.142857,0.285714,0.0,0.0,0.0,0.0,1.0,0.0,0.0,0.142857,0.0,0.0,0.0,0.714286
YCNAKKQ,0,3,0.142857,0.0,0.0,0.0,0.0,0.0,1.0,0.0,0.0,0.0,0.285714,0.428571,0.0,0.166667,0.0,0.285714,0.0,0.428571,0.0,0.0,0.0,0.0,1.0,0.0,0.0,0.0,0.142857,0.0,0.0,0.142857
ERYCEIH,0,4,0.142857,0.0,0.0,0.0,0.0,0.0,0.857143,0.0,0.0,0.0,0.285714,0.142857,0.0,0.166667,0.0,0.285714,0.0,0.428571,0.0,0.0,0.0,0.0,0.857143,0.0,0.0,0.142857,0.0,0.0,0.0,0.285714
MLTLNRWGHN,0,0,0.3,0.2,0.0,0.0,0.0,0.0,1.0,0.0,0.0,0.0,0.3,0.3,0.0,0.0,0.0,0.3,0.1,0.3,0.0,0.0,0.0,0.0,1.0,0.0,0.0,0.0,0.0,0.0,0.0,0.4
TDHVNC,0,1,0.166667,0.0,0.0,0.0,0.0,0.0,1.0,0.0,0.0,0.0,0.333333,0.5,0.0,0.0,0.0,0.333333,0.0,0.5,0.0,0.0,0.0,0.0,1.0,0.0,0.0,0.0,0.0,0.0,0.0,0.333333
WQDHATLAH,0,2,0.333333,0.111111,0.0,0.0,0.0,0.0,0.888889,0.0,0.0,0.0,0.555556,0.222222,0.0,0.0,0.0,0.333333,0.0,0.333333,0.0,0.0,0.0,0.0,0.888889,0.0,0.0,0.0,0.111111,0.0,0.0,0.222222
MIL,0,3,0.666667,0.333333,0.0,0.0,0.0,0.0,1.0,0.0,0.0,0.5,0.0,0.0,0.0,0.0,0.0,1.0,0.333333,0.0,0.0,0.0,0.0,0.0,1.0,0.0,0.0,0.333333,0.0,0.0,0.0,1.0
RQCHP,0,4,0.2,0.0,0.0,0.0,0.0,0.2,1.0,0.0,0.0,0.0,0.4,0.4,0.0,0.0,0.0,0.2,0.0,0.2,0.0,0.0,0.0,0.0,1.0,0.0,0.0,0.0,0.2,0.0,0.0,0.2
HHMCVM,0,0,0.166667,0.0,0.0,0.0,0.0,0.0,1.0,0.0,0.0,0.0,0.333333,0.166667,0.0,0.0,0.0,0.666667,0.333333,0.0,0.0,0.0,0.0,0.25,1.0,0.0,0.0,0.0,0.0,0.0,0.0,0.666667
HHVHQWQ,0,1,0.142857,0.0,0.0,0.0,0.0,0.0,1.0,0.0,0.0,0.0,0.428571,0.285714,0.333333,0.0,0.0,0.142857,0.0,0.285714,0.0,0.0,0.0,0.0,1.0,0.0,0.0,0.0,0.285714,0.0,0.0,0.285714
VKTCTVWSCGVWH,0,2,0.307692,0.0,0.0,0.0,0.0,0.0,0.846154,0.0,0.0,0.0,0.384615,0.384615,0.0,0.0,0.0,0.384615,0.0,0.230769,0.0,0.0,0.0,0.0,0.923077,0.0,0.0,0.0,0.0,0.0,0.0,0.538462
FSCQM,0,3,0.0,0.0,0.0,0.0,0.0,0.0,1.0,0.0,0.0,0.0,0.2,0.6,0.0,0.0,0.0,0.6,0.2,0.4,0.0,0.0,0.0,0.0,1.0,0.0,0.0,0.0,0.2,0.0,0.0,0.6
RMW,0,4,0.0,0.0,0.0,0.0,0.0,0.0,0.666667,0.0,0.0,0.0,0.0,0.0,0.0,0.0,0.0,0.333333,0.333333,0.0,0.0,0.0,0.0,0.0,1.0,0.0,0.0,0.0,0.0,0.0,0.0,0.666667
RVNKM,0,0,0.2,0.0,0.0,0.0,0.0,0.0,1.0,0.0,0.0,0.0,0.0,0.2,0.0,0.0,0.25,0.4,0.2,0.2,0.0,0.0,0.0,0.0,1.0,0.0,0.0,0.0,0.0,0.0,0.0,0.4
SEM,0,1,0.0,0.0,0.0,0.0,0.0,0.0,1.0,0.0,0.0,0.0,0.333333,0.333333,0.0,0.0,0.0,0.333333,0.333333,0.666667,0.0,0.0,0.0,0.0,1.0,0.0,0.0,0.0,0.0,0.0,0.0,0.333333
MWNLQL,0,2,0.333333,0.333333,0.0,0.0,0.0,0.0,1.0,0.0,0.0,0.0,0.0,0.333333,0.0,0.0,0.0,0.5,0.166667,0.333333,0.0,0.0,0.0,0.0,1.0,0.0,0.0,0.0,0.166667,0.0,0.0,0.666667
YQSGCKECKQ,0,3,0.1,0.0,0.0,0.0,0.0,0.0,1.0,0.0,0.0,0.0,0.3,0.5,0.0,0.0,0.0,0.2,0.0,0.5,0.0,0.0,0.0,0.0,1.0,0.0,0.0,0.0,0.2,0.0,0.0,0.2
TRN,0,4,0.0,0.0,0.0,0.0,0.0,0.0,1.0,0.0,0.0,0.0,0.333333,0.666667,0.0,0.0,0.0,0.0,0.0,0.666667,0.0,0.0,0.0,0.0,1.0,0.0,0.0,0.0,0.0,0.0,0.0,0.0
CL,0,0,0.5,0.5,0.0,0.0,0.0,0.0,1.0,0.0,0.0,0.0,0.0,0.5,0.0,0.0,0.0,1.0,0.0,0.0,0.0,0.0,0.0,0.0,1.0,0.0,0.0,0.0,0.0,0.0,0.0,1.0
THEISMCAVVWW,0,1,0.333333,0.0,0.0,0.0,0.0,0.0,0.833333,0.0,0.0,0.0,0.333333,0.25,0.0,0.0,0.0,0.5,0.083333,0.25,0.0,0.0,0.0,0.0,1.0,0.0,0.0,0.083333,0.0,0.0,0.0,0.583333
MSK,0,2,0.0,0.0,0.0,0.0,0.0,0.0,1.0,0.0,0.0,0.0,0.333333,0.333333,0.0,0.0,0.0,0.333333,0.333333,0.333333,0.0,0.0,0.0,0.0,0.666667,0.0,0.0,0.0,0.0,0.0,0.0,0.333333
MTE,0,3,0.0,0.0,0.0,0.0,0.0,0.0,1.0,0.0,0.0,0.0,0.333333,0.333333,0.0,0.0,0.0,0.333333,0.333333,0.666667,0.0,0.0,0.0,0.0,0.666667,0.0,0.0,0.0,0.0,0.0,0.0,0.333333
FCTNKSV,0,4,0.142857,0.0,0.0,0.0,0.0,0.0,1.0,0.0,0.0,0.0,0.285714,0.571429,0.0,0.0,0.0,0.428571,0.0,0.428571,0.0,0.0,0.0,0.0,1.0,0.0,0.0,0.0,0.0,0.0,0.0,0.428571
FWVI,0,0,0.5,0.0,0.0,0.0,0.0,0.0,1.0,0.0,0.0,0.0,0.0,0.0,0.0,0.0,0.0,0.75,0.0,0.0,0.0,0.0,0.0,0.0,1.0,0.0,0.0,0.25,0.0,0.0,0.0,1.0
RRKEE,0,1,0.0,0.0,0.0,0.0,0.0,0.0,1.0,0.0,0.0,0.0,0.0,0.0,0.0,0.0,0.0,0.0,0.0,0.4,0.0,0.0,0.0,0.0,0.0,0.0,0.0,0.0,0.0,0.0,0.0,0.0
ISMECYN,0,2,0.142857,0.0,0.0,0.0,0.0,0.0,1.0,0.0,0.0,0.0,0.285714,0.428571,0.0,0.0,0.0,0.428571,0.142857,0.571429,0.0,0.0,0.0,0.0,1.0,0.0,0.0,0.142857,0.0,0.0,0.0,0.428571
NECAFDTKE,0,3,0.111111,0.0,0.0,0.0,0.0,0.0,1.0,0.0,0.0,0.0,0.222222,0.333333,0.0,0.0,0.0,0.333333,0.0,0.555556,0.0,0.0,0.0,0.0,0.777778,0.0,0.0,0.0,0.0,0.0,0.0,0.222222
NFKIHR,0,4,0.166667,0.0,0.0,0.0,0.0,0.0,1.0,0.0,0.0,0.0,0.166667,0.166667,0.0,0.0,0.0,0.333333,0.0,0.166667,0.0,0.0,0.0,0.0,0.666667,0.0,0.0,0.166667,0.0,0.0,0.0,0.333333
IWC,0,0,0.333333,0.0,0.0,0.0,0.0,0.0,1.0,0.0,0.0,0.0,0.0,0.333333,0.0,0.0,0.0,0.666667,0.0,0.0,0.0,0.0,0.0,0.0,1.0,0.0,0.0,0.333333,0.0,0.0,0.0,1.0
CWNQLNVF,0,1,0.25,0.125,0.0,0.0,0.0,0.0,0.875,0.0,0.0,0.0,0.0,0.5,0.0,0.0,0.0,0.5,0.0,0.375,0.0,0.0,0.0,0.0,1.0,0.0,0.0,0.0,0.125,0.0,0.0,0.625
WCIRHAEC,0,2,0.25,0.0,0.0,0.0,0.0,0.0,1.0,0.0,0.142857,0.0,0.25,0.25,0.0,0.0,0.0,0.5,0.0,0.125,0.0,0.0,0.0,0.0,1.0,0.5,0.0,0.125,0.0,0.0,0.0,0.5
HHNMGWMLYDRNMR,0,3,0.142857,0.071429,0.0,0.0,0.0,0.0,1.0,0.0,0.0,0.0,0.285714,0.142857,0.1,0.0,0.0,0.285714,0.214286,0.285714,0.0,0.0,0.0,0.0,0.928571,0.125,0.0,0.0,0.0,0.0,0.0,0.357143
WKC,0,4,0.0,0.0,0.0,0.0,0.0,0.0,1.0,0.0,0.0,0.0,0.0,0.333333,0.0,0.0,0.0,0.333333,0.0,0.0,0.0,0.0,0.0,0.0,1.0,0.0,0.0,0.0,0.0,0.0,0.0,0.666667
QFN,0,0,0.0,0.0,0.0,0.0,0.0,0.0,1.0,0.0,0.0,0.0,0.0,0.666667,0.0,0.0,0.0,0.333333,0.0,0.666667,0.0,0.0,0.0,0.0,1.0,0.0,0.0,0.0,0.333333,0.0,0.0,0.333333
FDMSMQQLDI,0,1,0.2,0.1,0.0,0.0,0.0,0.0,1.0,0.0,0.0,0.0,0.1,0.3,0.0,0.0,0.0,0.5,0.2,0.5,0.0,0.0,0.0,0.0,1.0,0.0,0.0,0.1,0.2,0.0,0.0,0.5
QHCWGQMKPCGV,0,2,0.333333,0.0,0.0,0.0,0.0,0.083333,1.0,0.0,0.0,0.0,0.333333,0.333333,0.0,0.0,0.0,0.333333,0.083333,0.166667,0.0,0.0,0.125,0.0,1.0,0.166667,0.0,0.0,0.166667,0.0,0.0,0.416667
RCTFGCRINTILVETH,0,3,0.3125,0.0625,0.0,0.0,0.0,0.0,0.9375,0.0,0.0,0.0,0.3125,0.375,0.0,0.0,0.0,0.4375,0.0,0.3125,0.0,0.071429,0.0,0.0,0.9375,0.1,0.076923,0.125,0.0,0.0,0.0,0.4375
MTYS,0,4,0.0,0.0,0.0,0.0,0.0,0.0,1.0,0.0,0.0,0.0,0.75,0.5,0.0,0.0,0.0,0.25,0.25,0.75,0.0,0.0,0.0,0.0,1.0,0.0,0.0,0.0,0.0,0.0,0.0,0.25
MPN,0,0,0.333333,0.0,0.0,0.0,0.0,0.333333,1.0,0.0,0.0,0.0,0.333333,0.333333,0.0,0.0,0.0,0.333333,0.333333,0.333333,0.0,0.0,0.0,0.0,1.0,0.0,0.0,0.0,0.0,0.0,0.0,0.333333
IQMA,0,1,0.5,0.0,0.0,0.0,0.0,0.0,1.0,0.0,0.0,0.0,0.25,0.25,0.0,0.0,0.0,0.75,0.25,0.25,0.0,0.0,0.0,0.0,1.0,0.0,0.0,0.25,0.25,0.0,0.0,0.5
IQM,0,2,0.333333,0.0,0.0,0.0,0.0,0.0,1.0,0.0,0.0,0.0,0.0,0.333333,0.0,0.0,0.0,0.666667,0.333333,0.333333,0.0,0.0,0.0,0.0,1.0,0.0,0.0,0.333333,0.333333,0.0,0.0,0.666667
NIIW,0,3,0.5,0.0,0.0,0.0,0.0,0.0,0.75,0.0,0.0,0.0,0.0,0.25,0.0,0.0,0.0,0.5,0.0,0.25,0.0,0.0,0.0,0.0,1.0,0.0,0.0,0.5,0.0,0.0,0.0,0.75
CPW,0,4,0.333333,0.0,0.0,0.0,0.0,0.333333,0.666667,0.0,0.0,0.0,0.333333,0.333333,0.0,0.0,0.0,0.333333,0.0,0.0,0.0,0.0,0.0,0.0,1.0,0.0,0.0,0.0,0.0,0.0,0.0,0.666667
HMRLMIMF,0,0,0.25,0.125,0.0,0.0,0.0,0.0,0.875,0.0,0.0,0.142857,0.125,0.0,0.0,0.0,0.0,0.75,0.375,0.0,0.0,0.0,0.0,0.0,1.0,0.0,0.0,0.125,0.0,0.0,0.0,0.75
CWMN,0,1,0.0,0.0,0.0,0.0,0.0,0.0,1.0,0.0,0.0,0.0,0.0,0.5,0.0,0.0,0.0,0.5,0.25,0.25,0.0,0.0,0.0,0.0,1.0,0.0,1.0,0.0,0.0,0.0,0.0,0.75
TNIEGRNA,0,2,0.375,0.0,0.0,0.0,0.0,0.0,1.0,0.0,0.0,0.0,0.375,0.375,0.0,0.0,0.0,0.25,0.0,0.5,0.0,0.0,0.0,0.0,1.0,0.0,0.0,0.125,0.0,0.0,0.0,0.125
FIQ,0,3,0.333333,0.0,0.0,0.0,0.0,0.0,1.0,0.0,0.0,0.0,0.0,0.333333,0.0,0.0,0.0,0.666667,0.0,0.333333,0.0,0.0,0.0,0.0,1.0,0.0,0.0,0.333333,0.333333,0.0,0.0,0.666667
IW,0,4,0.5,0.0,0.0,0.0,0.0,0.0,0.5,0.0,0.0,0.0,0.0,0.0,0.0,0.0,0.0,0.5,0.0,0.0,0.0,0.0,0.0,0.0,1.0,0.0,0.0,0.5,0.0,0.0,0.0,1.0
CMPFEH,0,0,0.166667,0.0,0.0,0.0,0.0,0.166667,0.833333,0.0,0.0,0.0,0.333333,0.166667,0.0,0.0,0.0,0.5,0.166667,0.166667,0.2,0.0,0.0,0.0,0.666667,0.0,0.0,0.0,0.0,0.0,0.0,0.5
MEMSNYEHTPY,0,1,0.090909,0.0,0.0,0.0,0.0,0.090909,0.909091,0.0,0.0,0.0,0.545455,0.272727,0.0,0.0,0.0,0.181818,0.181818,0.636364,0.0,0.0,0.0,0.0,1.0,0.0,0.0,0.0,0.0,0.0,0.0,0.181818
MNIICYWTEHDQISS,0,2,0.2,0.0,0.0,0.0,0.0,0.0,1.0,0.0,0.0,0.0,0.333333,0.4,0.0,0.0,0.0,0.333333,0.066667,0.533333,0.0,0.0,0.0,0.0,1.0,0.0,0.0,0.2,0.066667,0.0,0.0,0.4
WDMQWIINAYK,0,3,0.272727,0.0,0.0,0.0,0.0,0.0,1.0,0.0,0.0,0.0,0.181818,0.181818,0.0,0.0,0.0,0.363636,0.090909,0.363636,0.0,0.0,0.0,0.0,0.909091,0.0,0.0,0.181818,0.090909,0.0,0.0,0.454545
MWQN,0,4,0.0,0.0,0.0,0.0,0.0,0.0,1.0,0.0,0.0,0.0,0.0,0.5,0.0,0.0,0.0,0.25,0.25,0.5,0.0,0.0,0.0,0.0,1.0,0.0,0.0,0.0,0.25,0.0,0.0,0.5
IQCIML,0,0,0.5,0.166667,0.0,0.0,0.0,0.0,1.0,0.0,0.0,0.0,0.0,0.333333,0.0,0.0,0.0,0.833333,0.166667,0.166667,0.0,0.0,0.0,0.0,1.0,0.0,0.0,0.333333,0.166667,0.0,0.0,0.833333
QFKMHYSEQKLCRW,0,1,0.071429,0.071429,0.0,0.0,0.0,0.0,0.928571,0.0,0.0,0.0,0.214286,0.285714,0.0,0.0,0.076923,0.285714,0.071429,0.357143,0.0,0.0,0.0,0.0,1.0,0.0,0.0,0.0,0.142857,0.0,0.0,0.357143
DNCHHKKTWSN,0,2,0.0,0.0,0.0,0.0,0.0,0.0,1.0,0.0,0.0,0.0,0.363636,0.454545,0.142857,0.0,0.0,0.090909,0.0,0.454545,0.0,0.0,0.0,0.0,1.0,0.0,0.0,0.0,0.0,0.0,0.0,0.181818
NVC,0,3,0.333333,0.0,0.0,0.0,0.0,0.0,1.0,0.0,0.0,0.0,0.0,0.666667,0.0,0.0,0.0,0.666667,0.0,0.333333,0.0,0.0,0.0,0.0,1.0,0.0,0.0,0.0,0.0,0.0,0.0,0.666667
SHI,0,4,0.333333,0.0,0.0,0.0,0.0,0.0,1.0,0.0,0.0,0.0,0.666667,0.333333,0.0,0.0,0.0,0.333333,0.0,0.333333,0.0,0.0,0.0,0.0,1.0,0.0,0.0,0.333333,0.0,0.0,0.0,0.333333
DNC,0,0,0.0,0.0,0.0,0.0,0.0,0.0,1.0,0.0,0.0,0.0,0.0,0.666667,0.0,0.0,0.0,0.333333,0.0,0.666667,0.0,0.0,0.0,0.0,1.0,0.0,0.0,0.0,0.0,0.0,0.0,0.333333
TSC,0,1,0.0,0.0,0.0,0.0,0.0,0.0,1.0,0.0,0.0,0.0,0.666667,1.0,0.0,0.0,0.0,0.333333,0.0,0.666667,0.0,0.0,0.0,0.0,1.0,0.0,0.0,0.0,0.0,0.0,0.0,0.333333
SDMEA,0,2,0.2,0.0,0.0,0.0,0.0,0.0,1.0,0.0,0.0,0.0,0.4,0.2,0.0,0.0,0.0,0.4,0.2,0.6,0.0,0.0,0.0,0.0,1.0,0.0,0.0,0.0,0.0,0.0,0.0,0.2
SSNYCT,0,3,0.0,0.0,0.0,0.0,0.0,0.0,1.0,0.0,0.0,0.0,0.666667,0.833333,0.0,0.2,0.0,0.166667,0.0,0.833333,0.0,0.0,0.0,0.0,1.0,0.0,0.0,0.0,0.0,0.0,0.0,0.166667
FITLTWRWVF,0,4,0.3,0.1,0.0,0.0,0.0,0.0,0.9,0.0,0.0,0.0,0.2,0.2,0.0,0.0,0.0,0.5,0.0,0.2,0.0,0.0,0.0,0.0,1.0,0.0,0.0,0.1,0.0,0.0,0.0,0.7
VCRNYAFCPYTYHHEDC,0,0,0.176471,0.0,0.0,0.0,0.0,0.058824,1.0,0.0,0.0,0.0,0.470588,0.294118,0.0,0.0,0.0,0.352941,0.0,0.411765,0.0,0.0,0.0,0.0,1.0,0.090909,0.0,0.0,0.0,0.0,0.0,0.294118
DVMGEWVPTDMA,0,1,0.416667,0.0,0.0,0.0,0.0,0.083333,1.0,0.0,0.0,0.0,0.333333,0.083333,0.0,0.0,0.0,0.416667,0.166667,0.333333,0.0,0.0,0.125,0.0,1.0,0.0,0.0,0.0,0.0,0.0,0.0,0.416667
WMAYFL,0,2,0.333333,0.166667,0.0,0.0,0.0,0.0,1.0,0.0,0.0,0.0,0.333333,0.0,0.0,0.0,0.0,0.666667,0.166667,0.166667,0.0,0.0,0.0,0.0,1.0,0.0,0.0,0.0,0.0,0.0,0.0,0.666667
MES,0,3,0.0,0.0,0.0,0.0,0.0,0.0,1.0,0.0,0.0,0.0,0.333333,0.333333,0.0,0.0,0.0,0.333333,0.333333,0.666667,0.0,0.0,0.0,0.0,1.0,0.0,0.0,0.0,0.0,0.0,0.0,0.333333
YMT,0,4,0.0,0.0,0.0,0.0,0.0,0.0,1.0,0.0,0.0,0.0,0.666667,0.333333,0.0,0.0,0.0,0.333333,0.333333,0.666667,0.0,0.0,0.0,0.0,1.0,0.0,0.0,0.0,0.0,0.0,0.0,0.333333
TTMTWC,0,0,0.0,0.0,0.0,0.0,0.0,0.0,1.0,0.0,0.0,0.0,0.5,0.666667,0.0,0.0,0.0,0.333333,0.166667,0.5,0.0,0.0,0.0,0.0,1.0,0.0,0.0,0.0,0.0,0.0,0.0,0.5
VMIQALEPVC,0,1,0.6,0.1,0.0,0.0,0.0,0.1,1.0,0.0,0.0,0.111111,0.2,0.2,0.0,0.0,0.0,0.7,0.1,0.2,0.0,0.0,0.0,0.0,1.0,0.0,0.0,0.1,0.1,0.0,0.0,0.6
EREQWNPNM,0,2,0.111111,0.0,0.0,0.0,0.0,0.111111,1.0,0.0,0.0,0.0,0.111111,0.333333,0.0,0.0,0.0,0.111111,0.111111,0.555556,0.0,0.0,0.0,0.0,1.0,0.0,0.0,0.0,0.111111,0.0,0.0,0.222222
QQM,0,3,0.0,0.0,0.0,0.0,0.0,0.0,1.0,0.0,0.0,0.0,0.0,0.666667,0.0,0.0,0.0,0.333333,0.333333,0.666667,0.0,0.0,0.0,0.0,1.0,0.0,0.0,0.0,0.666667,0.0,0.0,0.333333
WTMN,0,4,0.0,0.0,0.0,0.0,0.0,0.0,1.0,0.0,0.0,0.0,0.25,0.5,0.0,0.0,0.0,0.25,0.25,0.5,0.0,0.0,0.0,0.0,1.0,0.0,0.0,0.0,0.0,0.0,0.0,0.5
ESHDIKIM,0,0,0.25,0.0,0.0,0.0,0.0,0.0,1.0,0.0,0.0,0.0,0.25,0.125,0.0,0.0,0.0,0.375,0.125,0.375,0.0,0.0,0.0,0.0,1.0,0.0,0.0,0.25,0.0,0.0,0.0,0.375
HEVTDFC,0,1,0.142857,0.0,0.0,0.0,0.0,0.0,1.0,0.0,0.0,0.0,0.285714,0.285714,0.0,0.0,0.0,0.428571,0.0,0.428571,0.0,0.0,0.0,0.0,1.0,0.0,0.0,0.0,0.0,0.0,0.0,0.428571
KFIIIQVQMDGN,0,2,0.416667,0.0,0.0,0.0,0.0,0.0,1.0,0.0,0.0,0.0,0.083333,0.25,0.0,0.0,0.0,0.5,0.083333,0.333333,0.0,0.0,0.0,0.0,1.0,0.0,0.0,0.25,0.166667,0.0,0.0,0.5
WVYIE,0,3,0.4,0.0,0.0,0.0,0.0,0.0,1.0,0.0,0.0,0.0,0.2,0.0,0.0,0.0,0.0,0.4,0.0,0.4,0.0,0.0,0.0,0.0,0.8,0.0,0.0,0.2,0.0,0.0,0.0,0.6
VRRFYCTLHQVF,0,4,0.25,0.083333,0.0,0.090909,0.0,0.0,0.916667,0.0,0.0,0.0,0.25,0.25,0.0,0.090909,0.0,0.5,0.0,0.25,0.0,0.0,0.0,0.0,1.0,0.0,0.0,0.0,0.083333,0.0,0.0,0.5
YFEWFTSAIQCLM,0,0,0.230769,0.076923,0.0,0.0,0.0,0.0,1.0,0.0,0.0,0.0,0.307692,0.307692,0.0,0.0,0.0,0.538462,0.076923,0.384615,0.0,0.0,0.0,0.0,1.0,0.0,0.0,0.076923,0.076923,0.0,0.0,0.538462
KCV,0,1,0.333333,0.0,0.0,0.0,0.0,0.0,1.0,0.0,0.0,0.0,0.0,0.333333,0.0,0.0,0.0,0.666667,0.0,0.0,0.0,0.0,0.0,0.0,1.0,0.0,0.0,0.0,0.0,0.0,0.0,0.666667
YFHHC,0,2,0.0,0.0,0.0,0.0,0.0,0.0,1.0,0.0,0.0,0.0,0.6,0.2,0.0,0.0,0.0,0.4,0.0,0.2,0.0,0.0,0.0,0.333333,1.0,0.0,0.0,0.0,0.0,0.0,0.0,0.4
TCP,0,3,0.333333,0.0,0.0,0.0,0.0,0.333333,1.0,0.0,0.0,0.0,0.666667,0.666667,0.0,0.0,0.0,0.333333,0.0,0.333333,0.0,0.0,0.0,0.0,1.0,0.0,0.0,0.0,0.0,0.0,0.0,0.333333
FRYYFKRVQWMLC,0,4,0.153846,0.076923,0.0,0.0,0.0,0.0,1.0,0.0,0.0,0.0,0.153846,0.153846,0.0,0.0,0.0,0.461538,0.076923,0.230769,0.0,0.0,0.0,0.0,1.0,0.0,0.0,0.0,0.076923,0.0,0.0,0.538462
CHIRH,0,0,0.2,0.0,0.0,0.0,0.0,0.0,0.8,0.0,0.25,0.0,0.4,0.2,0.0,0.0,0.0,0.4,0.0,0.0,0.0,0.0,0.0,0.0,0.6,0.0,0.0,0.2,0.0,0.0,0.0,0.4
VRQMMMNQGCIFR,0,1,0.230769,0.0,0.0,0.0,0.0,0.0,1.0,0.0,0.0,0.0,0.076923,0.307692,0.0,0.0,0.0,0.538462,0.230769,0.230769,0.0,0.0,0.0,0.0,0.923077,0.0,0.0,0.076923,0.153846,0.0,0.0,0.538462
MCIFR,0,2,0.2,0.0,0.0,0.0,0.0,0.0,1.0,0.0,0.0,0.0,0.0,0.2,0.0,0.0,0.0,0.8,0.2,0.0,0.0,0.0,0.0,0.0,0.8,0.0,0.0,0.2,0.0,0.0,0.0,0.8
DRS,0,3,0.0,0.0,0.0,0.0,0.5,0.0,1.0,0.0,0.0,0.0,0.333333,0.333333,0.0,0.0,0.0,0.0,0.0,0.666667,0.0,0.0,0.0,0.0,1.0,0.0,0.0,0.0,0.0,0.0,0.0,0.0
GTMSAQH,0,4,0.285714,0.0,0.0,0.0,0.0,0.0,0.857143,0.0,0.0,0.0,0.714286,0.428571,0.0,0.0,0.0,0.285714,0.142857,0.428571,0.0,0.0,0.0,0.0,0.857143,0.0,0.0,0.0,0.142857,0.0,0.0,0.142857
RCFVTFKLWRYEF,0,0,0.153846,0.076923,0.083333,0.0,0.0,0.0,0.923077,0.0,0.0,0.0,0.153846,0.153846,0.0,0.0,0.0,0.461538,0.0,0.230769,0.0,0.0,0.0,0.0,1.0,0.0,0.0,0.0,0.0,0.0,0.0,0.538462
IWN,0,1,0.333333,0.0,0.0,0.0,0.0,0.0,1.0,0.0,0.0,0.0,0.0,0.333333,0.0,0.0,0.0,0.333333,0.0,0.333333,0.0,0.0,0.0,0.0,1.0,0.0,0.0,0.333333,0.0,0.0,0.0,0.666667
DTNQCIFH,0,2,0.125,0.0,0.0,0.0,0.0,0.0,0.75,0.0,0.0,0.0,0.25,0.5,0.0,0.0,0.0,0.375,0.0,0.5,0.0,0.0,0.0,0.0,0.875,0.0,0.0,0.125,0.125,0.0,0.0,0.375
FMCWPWF,0,3,0.142857,0.0,0.0,0.0,0.0,0.142857,0.714286,0.0,0.0,0.0,0.142857,0.142857,0.0,0.0,0.0,0.571429,0.142857,0.0,0.0,0.0,0.0,0.0,1.0,1.0,0.0,0.0,0.0,0.0,0.0,0.857143
KQM,0,4,0.0,0.0,0.0,0.0,0.0,0.0,1.0,0.0,0.0,0.0,0.0,0.333333,0.0,0.0,0.0,0.333333,0.333333,0.333333,0.0,0.0,0.0,0.0,1.0,0.0,0.0,0.0,0.333333,0.0,0.0,0.333333
CLR,0,0,0.333333,0.333333,0.0,0.0,0.0,0.0,1.0,0.0,0.0,0.0,0.0,0.333333,0.0,0.0,0.0,0.666667,0.0,0.0,0.0,0.0,0.0,0.0,0.666667,0.0,0.0,0.0,0.0,0.0,0.0,0.666667
KNV,0,1,0.333333,0.0,0.0,0.0,0.0,0.0,1.0,0.0,0.0,0.0,0.0,0.333333,0.0,0.0,0.0,0.333333,0.0,0.333333,0.0,0.0,0.0,0.0,1.0,0.0,0.0,0.0,0.0,0.5,0.0,0.333333
WSEMP,0,2,0.2,0.0,0.0,0.0,0.0,0.2,1.0,0.0,0.0,0.0,0.4,0.2,0.0,0.0,0.0,0.2,0.2,0.4,0.0,0.0,0.0,0.0,1.0,0.0,0.0,0.0,0.0,0.0,0.0,0.4
MCCRHLPETIARMW,0,3,0.285714,0.071429,0.0,0.0,0.0,0.071429,0.928571,0.0,0.076923,0.0,0.285714,0.214286,0.0,0.0,0.0,0.5,0.142857,0.142857,0.0,0.0,0.0,0.0,1.0,0.0,0.0,0.071429,0.0,0.0,0.0,0.5
RRWQVHESIKWF,0,4,0.166667,0.0,0.0,0.0,0.0,0.0,0.833333,0.0,0.0,0.0,0.166667,0.166667,0.0,0.0,0.0,0.25,0.0,0.25,0.0,0.0,0.0,0.0,1.0,0.0,0.0,0.083333,0.083333,0.0,0.0,0.416667
GDYMMRQKWMY,0,0,0.090909,0.0,0.0,0.0,0.0,0.0,0.909091,0.0,0.0,0.0,0.272727,0.090909,0.0,0.0,0.0,0.272727,0.272727,0.363636,0.0,0.0,0.0,0.0,1.0,0.2,0.0,0.0,0.090909,0.0,0.0,0.363636
FW,0,1,0.0,0.0,0.0,0.0,0.0,0.0,0.0,0.0,0.0,0.0,0.0,0.0,0.0,0.0,0.0,0.5,0.0,0.0,0.0,0.0,0.0,0.0,1.0,0.0,0.0,0.0,0.0,0.0,0.0,1.0
DTSN,0,2,0.0,0.0,0.0,0.0,0.0,0.0,1.0,0.0,0.0,0.0,0.5,0.75,0.0,0.0,0.0,0.0,0.0,1.0,0.0,0.0,0.0,0.0,1.0,0.0,0.0,0.0,0.0,0.0,0.0,0.0
GQSMNI,0,3,0.333333,0.0,0.0,0.0,0.0,0.0,1.0,0.0,0.0,0.0,0.333333,0.5,0.0,0.0,0.0,0.333333,0.166667,0.5,0.0,0.0,0.0,0.0,1.0,0.0,0.0,0.166667,0.166667,0.0,0.0,0.333333
MVP,0,4,0.666667,0.0,0.0,0.0,0.0,0.333333,1.0,0.0,0.0,0.0,0.333333,0.0,0.0,0.0,0.0,0.666667,0.333333,0.0,0.0,0.0,0.0,0.0,1.0,0.0,0.0,0.0,0.0,0.0,0.0,0.666667
NFDG,0,0,0.25,0.0,0.0,0.0,0.0,0.0,1.0,0.0,0.0,0.0,0.25,0.25,0.0,0.0,0.0,0.25,0.0,0.5,0.0,0.0,0.0,0.0,1.0,0.0,0.0,0.0,0.0,0.0,0.0,0.25
FLFWCI,0,1,0.333333,0.166667,0.0,0.0,0.0,0.0,1.0,0.0,0.0,0.0,0.0,0.166667,0.0,0.0,0.0,0.833333,0.0,0.0,0.0,0.0,0.0,0.0,1.0,0.0,0.0,0.166667,0.0,0.0,0.0,1.0
CYT,0,2,0.0,0.0,0.0,0.0,0.0,0.0,1.0,0.0,0.0,0.0,0.666667,0.666667,0.0,0.0,0.0,0.333333,0.0,0.666667,0.0,0.0,0.0,0.0,1.0,0.0,0.0,0.0,0.0,0.0,0.0,0.333333
KMY,0,3,0.0,0.0,0.0,0.0,0.0,0.0,0.666667,0.0,0.0,0.0,0.333333,0.0,0.0,0.0,0.5,0.333333,0.333333,0.333333,0.0,0.0,0.0,0.0,1.0,0.0,0.0,0.0,0.0,0.0,0.0,0.333333
MDLVRWNGNEGRDCKG,0,4,0.3125,0.0625,0.0,0.0,0.0,0.0,1.0,0.0,0.0,0.0,0.1875,0.1875,0.0,0.0,0.0,0.25,0.0625,0.3125,0.0,0.0,0.0,0.0,1.0,0.0,0.0,0.0,0.0,0.0,0.0,0.3125
CTK,0,0,0.0,0.0,0.0,0.0,0.0,0.0,1.0,0.0,0.0,0.0,0.333333,0.666667,0.0,0.0,0.0,0.333333,0.0,0.333333,0.0,0.0,0.0,0.0,0.666667,0.0,0.0,0.0,0.0,0.0,0.0,0.333333
IRWM,0,1,0.25,0.0,0.0,0.0,0.0,0.0,1.0,0.0,0.0,0.0,0.0,0.0,0.0,0.0,0.0,0.5,0.25,0.0,0.0,0.0,0.0,0.0,1.0,0.0,0.0,0.25,0.0,0.0,0.0,0.75
NMELLD,0,2,0.333333,0.333333,0.0,0.0,0.0,0.0,1.0,0.0,0.0,0.0,0.0,0.166667,0.0,0.0,0.0,0.5,0.166667,0.5,0.0,0.0,0.0,0.0,0.833333,0.0,0.0,0.0,0.0,0.0,0.0,0.5
HEMTV,0,3,0.2,0.0,0.0,0.0,0.0,0.0,1.0,0.0,0.0,0.0,0.4,0.2,0.0,0.0,0.0,0.4,0.2,0.4,0.0,0.0,0.0,0.0,1.0,0.0,0.0,0.0,0.0,0.0,0.0,0.4
VNCK,0,4,0.25,0.0,0.0,0.0,0.0,0.0,1.0,0.0,0.0,0.0,0.0,0.5,0.0,0.0,0.0,0.5,0.0,0.25,0.0,0.0,0.0,0.0,0.75,0.0,0.0,0.0,0.0,0.0,0.0,0.5
EDW,0,0,0.0,0.0,0.0,0.0,0.0,0.0,0.666667,0.0,0.0,0.0,0.0,0.0,0.0,0.0,0.0,0.0,0.0,0.666667,0.0,0.0,0.0,0.0,1.0,0.0,0.0,0.0,0.0,0.0,0.0,0.333333
TTHCGFRA,0,1,0.25,0.0,0.0,0.0,0.0,0.0,1.0,0.0,0.0,0.0,0.625,0.375,0.0,0.0,0.0,0.375,0.0,0.25,0.0,0.166667,0.0,0.0,1.0,0.0,0.0,0.0,0.0,0.0,0.0,0.25
MQDMWWKWHYTERF,0,2,0.0,0.0,0.0,0.0,0.0,0.0,0.928571,0.0,0.0,0.0,0.214286,0.142857,0.0,0.0,0.0,0.214286,0.142857,0.357143,0.0,0.0,0.0,0.0,1.0,0.0,0.0,0.0,0.071429,0.0,0.0,0.428571
DFVDN,0,3,0.2,0.0,0.0,0.0,0.0,0.0,1.0,0.0,0.0,0.0,0.0,0.2,0.0,0.0,0.0,0.4,0.0,0.6,0.0,0.0,0.0,0.0,1.0,0.0,0.0,0.0,0.0,0.0,0.0,0.4
DQMD,0,4,0.0,0.0,0.0,0.0,0.0,0.0,1.0,0.0,0.0,0.0,0.0,0.25,0.0,0.0,0.0,0.25,0.25,0.75,0.0,0.0,0.0,0.0,0.75,0.0,0.0,0.0,0.25,0.0,0.0,0.25
KCR,0,0,0.0,0.0,0.0,0.0,0.0,0.0,1.0,0.0,0.0,0.0,0.0,0.333333,0.0,0.0,0.0,0.333333,0.0,0.0,0.0,0.0,0.0,0.0,0.666667,0.0,0.0,0.0,0.0,0.0,0.0,0.333333
RDFKI,0,1,0.2,0.0,0.0,0.0,0.0,0.0,1.0,0.0,0.0,0.0,0.0,0.0,0.0,0.0,0.0,0.4,0.0,0.2,0.0,0.0,0.0,0.0,1.0,0.0,0.0,0.2,0.0,0.0,0.0,0.4
CN,0,2,0.0,0.0,0.0,0.0,0.0,0.0,1.0,0.0,0.0,0.0,0.0,1.0,0.0,0.0,0.0,0.5,0.0,0.5,0.0,0.0,0.0,0.0,1.0,0.0,0.0,0.0,0.0,0.0,0.0,0.5
KRS,0,3,0.0,0.0,0.0,0.0,0.5,0.0,1.0,0.0,0.0,0.0,0.333333,0.333333,0.0,0.0,0.0,0.0,0.0,0.333333,0.0,0.0,0.0,0.0,1.0,0.0,0.0,0.0,0.0,0.0,0.0,0.0
HVQN,0,4,0.25,0.0,0.0,0.0,0.0,0.0,1.0,0.0,0.0,0.0,0.25,0.5,0.0,0.0,0.0,0.25,0.0,0.5,0.0,0.0,0.0,0.0,1.0,0.0,0.0,0.0,0.25,0.0,0.0,0.25
MEHFA,0,0,0.2,0.0,0.0,0.0,0.0,0.0,1.0,0.0,0.0,0.0,0.4,0.0,0.0,0.0,0.0,0.6,0.2,0.2,0.0,0.0,0.0,0.0,1.0,0.0,0.0,0.0,0.0,0.0,0.0,0.4
KRQ,0,1,0.0,0.0,0.0,0.0,0.0,0.0,1.0,0.0,0.0,0.0,0.0,0.333333,0.0,0.0,0.0,0.0,0.0,0.333333,0.0,0.0,0.0,0.0,1.0,0.0,0.0,0.0,0.333333,0.0,0.0,0.0
NDSSECH,0,2,0.0,0.0,0.0,0.0,0.0,0.0,0.857143,0.0,0.0,0.0,0.428571,0.571429,0.0,0.0,0.0,0.142857,0.0,0.714286,0.0,0.0,0.0,0.0,0.857143,0.0,0.0,0.0,0.0,0.0,0.0,0.142857
NNN,0,3,0.0,0.0,0.0,0.0,0.0,0.0,1.0,0.0,0.0,0.0,0.0,1.0,0.0,0.0,0.0,0.0,0.0,1.0,0.0,0.0,0.0,0.0,1.0,0.0,0.0,0.0,0.0,0.0,0.0,0.0
MQKQTE,0,4,0.0,0.0,0.0,0.0,0.0,0.0,1.0,0.0,0.0,0.0,0.166667,0.5,0.0,0.0,0.0,0.166667,0.166667,0.666667,0.0,0.0,0.0,0.0,0.833333,0.0,0.0,0.0,0.333333,0.0,0.0,0.166667
MQEIVW,0,0,0.333333,0.0,0.0,0.0,0.0,0.0,0.833333,0.0,0.0,0.0,0.0,0.166667,0.0,0.0,0.0,0.5,0.166667,0.333333,0.0,0.0,0.0,0.0,1.0,0.0,0.0,0.166667,0.166667,0.0,0.0,0.666667
TVRPDMNE,0,1,0.25,0.0,0.0,0.0,0.0,0.125,1.0,0.0,0.0,0.0,0.25,0.25,0.0,0.0,0.0,0.25,0.125,0.5,0.0,0.0,0.0,0.0,0.875,0.0,0.0,0.0,0.0,0.0,0.0,0.25
MLQ,0,2,0.333333,0.333333,0.0,0.0,0.0,0.0,1.0,0.0,0.0,0.0,0.0,0.333333,0.0,0.0,0.0,0.666667,0.333333,0.333333,0.0,0.0,0.0,0.0,1.0,0.0,0.0,0.0,0.333333,0.0,0.0,0.666667
IKMP,0,3,0.5,0.0,0.0,0.0,0.0,0.25,1.0,0.0,0.0,0.0,0.25,0.0,0.0,0.0,0.333333,0.5,0.25,0.0,0.0,0.0,0.0,0.0,1.0,0.0,0.0,0.25,0.0,0.0,0.0,0.5
MM,0,4,0.0,0.0,0.0,0.0,0.0,0.0,1.0,0.0,0.0,0.0,0.0,0.0,0.0,0.0,0.0,1.0,1.0,0.0,0.0,0.0,0.0,0.0,1.0,0.0,0.0,0.0,0.0,0.0,0.0,1.0
NWT,0,0,0.0,0.0,0.0,0.0,0.0,0.0,1.0,0.0,0.0,0.0,0.333333,0.666667,0.0,0.0,0.0,0.0,0.0,0.666667,0.0,0.0,0.0,0.0,1.0,0.0,0.0,0.0,0.0,0.0,0.0,0.333333
RMQAYVP,0,1,0.428571,0.0,0.0,0.0,0.0,0.142857,1.0,0.0,0.0,0.0,0.428571,0.142857,0.0,0.0,0.0,0.428571,0.142857,0.285714,0.0,0.0,0.0,0.0,1.0,0.0,0.0,0.0,0.142857,0.0,0.0,0.285714
KRG,0,2,0.333333,0.0,0.0,0.0,0.0,0.0,1.0,0.0,0.0,0.0,0.333333,0.0,0.0,0.0,0.0,0.0,0.0,0.0,0.0,0.0,0.0,0.0,1.0,0.0,0.0,0.0,0.0,0.0,0.0,0.0
SMESMYWAGK,0,3,0.2,0.0,0.0,0.0,0.0,0.0,1.0,0.0,0.0,0.0,0.5,0.2,0.0,0.0,0.0,0.3,0.2,0.4,0.0,0.0,0.0,0.0,0.9,0.0,0.0,0.0,0.0,0.0,0.0,0.3
KQW,0,4,0.0,0.0,0.0,0.0,0.0,0.0,0.666667,0.0,0.0,0.0,0.0,0.333333,0.0,0.0,0.0,0.0,0.0,0.333333,0.0,0.0,0.0,0.0,1.0,0.0,0.0,0.0,0.333333,0.0,0.0,0.333333
WWDH,0,0,0.0,0.0,0.0,0.0,0.0,0.0,0.75,0.0,0.0,0.0,0.25,0.0,0.0,0.0,0.0,0.0,0.0,0.25,0.0,0.0,0.0,0.0,0.5,0.0,0.0,0.0,0.0,0.0,0.0,0.5
MYFYL,0,1,0.2,0.2,0.0,0.0,0.0,0.0,1.0,0.0,0.0,0.0,0.4,0.0,0.0,0.0,0.0,0.6,0.2,0.4,0.0,0.0,0.0,0.0,1.0,0.0,0.0,0.0,0.0,0.0,0.0,0.6
CYA,0,2,0.333333,0.0,0.0,0.0,0.0,0.0,1.0,0.0,0.0,0.0,0.666667,0.333333,0.0,0.0,0.0,0.666667,0.0,0.333333,0.0,0.0,0.0,0.0,1.0,0.0,0.0,0.0,0.0,0.0,0.0,0.333333
HTW,0,3,0.0,0.0,0.0,0.0,0.0,0.0,0.666667,0.0,0.0,0.0,0.666667,0.333333,0.0,0.0,0.0,0.0,0.0,0.333333,0.0,0.0,0.0,0.0,1.0,0.0,0.0,0.0,0.0,0.0,0.0,0.333333
VAIKCM,0,4,0.5,0.0,0.0,0.0,0.0,0.0,1.0,0.0,0.0,0.0,0.166667,0.166667,0.0,0.0,0.0,0.833333,0.166667,0.0,0.0,0.0,0.0,0.0,1.0,0.0,0.0,0.166667,0.0,0.0,0.0,0.666667
CDIQL,0,0,0.4,0.2,0.0,0.0,0.0,0.0,1.0,0.0,0.0,0.0,0.0,0.4,0.0,0.0,0.0,0.6,0.0,0.4,0.0,0.0,0.0,0.0,1.0,0.0,0.0,0.2,0.2,0.0,0.0,0.6
MFW,0,1,0.0,0.0,0.0,0.0,0.0,0.0,0.333333,0.0,0.0,0.0,0.0,0.0,0.0,0.0,0.0,0.666667,0.333333,0.0,0.0,0.0,0.0,0.0,1.0,0.0,0.0,0.0,0.0,0.0,0.0,1.0
KMN,0,2,0.0,0.0,0.0,0.0,0.0,0.0,1.0,0.0,0.0,0.0,0.0,0.333333,0.0,0.0,0.5,0.333333,0.333333,0.333333,0.0,0.0,0.0,0.0,1.0,0.0,0.0,0.0,0.0,0.0,0.0,0.333333
NNI,0,3,0.333333,0.0,0.0,0.0,0.0,0.0,1.0,0.0,0.0,0.0,0.0,0.666667,0.0,0.0,0.0,0.333333,0.0,0.666667,0.0,0.0,0.0,0.0,1.0,0.0,0.0,0.333333,0.0,0.0,0.0,0.333333
HSTRKDYKC,0,4,0.0,0.0,0.0,0.0,0.0,0.0,1.0,0.0,0.0,0.0,0.444444,0.333333,0.0,0.0,0.0,0.111111,0.0,0.444444,0.0,0.0,0.0,0.0,1.0,0.0,0.0,0.0,0.0,0.0,0.0,0.111111
IWCKI,0,0,0.4,0.0,0.0,0.0,0.0,0.0,1.0,0.0,0.0,0.0,0.0,0.2,0.0,0.0,0.0,0.6,0.0,0.0,0.0,0.0,0.0,0.0,1.0,0.0,0.0,0.4,0.0,0.0,0.0,0.8
FWG,0,1,0.333333,0.0,0.0,0.0,0.0,0.0,1.0,0.0,0.0,0.0,0.333333,0.0,0.0,0.0,0.0,0.333333,0.0,0.0,0.0,0.0,0.0,0.0,1.0,0.0,0.0,0.0,0.0,0.0,0.0,0.666667
IEFM,0,2,0.25,0.0,0.0,0.0,0.0,0.0,1.0,0.0,0.0,0.0,0.0,0.0,0.0,0.0,0.0,0.75,0.25,0.25,0.0,0.0,0.0,0.0,1.0,0.0,0.0,0.25,0.0,0.0,0.0,0.75
SCK,0,3,0.0,0.0,0.0,0.0,0.0,0.0,1.0,0.0,0.0,0.0,0.333333,0.666667,0.0,0.0,0.0,0.333333,0.0,0.333333,0.0,0.0,0.0,0.0,0.666667,0.0,0.0,0.0,0.0,0.0,0.0,0.333333
DHKMIQNF,0,4,0.125,0.0,0.0,0.0,0.0,0.0,0.875,0.0,0.0,0.142857,0.125,0.25,0.0,0.0,0.142857,0.375,0.125,0.375,0.0,0.0,0.0,0.0,1.0,0.0,0.0,0.125,0.125,0.0,0.0,0.375
QNM,0,0,0.0,0.0,0.0,0.0,0.0,0.0,1.0,0.0,0.0,0.0,0.0,0.666667,0.0,0.0,0.0,0.333333,0.333333,0.666667,0.0,0.0,0.0,0.0,1.0,0.0,0.0,0.0,0.333333,0.0,0.0,0.333333
RRCRDY,0,1,0.0,0.0,0.0,0.0,0.0,0.0,0.833333,0.0,0.0,0.0,0.166667,0.166667,0.0,0.0,0.0,0.166667,0.0,0.333333,0.0,0.0,0.0,0.0,1.0,0.0,0.0,0.0,0.0,0.0,0.0,0.166667
WTIKVVI,0,2,0.571429,0.0,0.0,0.0,0.0,0.0,1.0,0.0,0.0,0.0,0.142857,0.142857,0.0,0.0,0.0,0.571429,0.0,0.142857,0.0,0.0,0.0,0.0,1.0,0.0,0.0,0.285714,0.0,0.0,0.0,0.714286
FDQCV,0,3,0.2,0.0,0.0,0.0,0.0,0.0,1.0,0.0,0.0,0.0,0.0,0.4,0.0,0.0,0.0,0.6,0.0,0.4,0.0,0.0,0.0,0.0,1.0,0.0,0.0,0.0,0.2,0.0,0.0,0.6
RTKCFKDHQRRDCV,0,4,0.071429,0.0,0.0,0.0,0.0,0.0,1.0,0.0,0.0,0.0,0.142857,0.285714,0.0,0.0,0.0,0.285714,0.0,0.285714,0.0,0.0,0.0,0.0,1.0,0.0,0.0,0.0,0.071429,0.0,0.0,0.285714
HCEMY,0,0,0.0,0.0,0.0,0.0,0.0,0.0,0.8,0.0,0.0,0.0,0.4,0.2,0.0,0.0,0.0,0.4,0.2,0.4,0.0,0.0,0.0,0.0,1.0,0.0,0.0,0.0,0.0,0.0,0.0,0.4
CML,0,1,0.333333,0.333333,0.0,0.0,0.0,0.0,1.0,0.0,0.0,0.0,0.0,0.333333,0.0,0.0,0.0,1.0,0.333333,0.0,0.0,0.0,0.0,0.0,1.0,0.0,0.0,0.0,0.0,0.0,0.0,1.0
TCH,0,2,0.0,0.0,0.0,0.0,0.0,0.0,0.666667,0.0,0.0,0.0,0.666667,0.666667,0.0,0.0,0.0,0.333333,0.0,0.333333,0.0,0.0,0.0,0.0,0.666667,0.0,0.0,0.0,0.0,0.0,0.0,0.333333
MPMKRS,0,3,0.166667,0.0,0.0,0.0,0.2,0.166667,1.0,0.0,0.0,0.0,0.333333,0.166667,0.0,0.0,0.0,0.333333,0.333333,0.166667,0.0,0.0,0.0,0.0,1.0,0.0,0.0,0.0,0.0,0.0,0.0,0.333333
WWTIE,0,4,0.2,0.0,0.0,0.0,0.0,0.0,1.0,0.0,0.0,0.0,0.2,0.2,0.0,0.0,0.0,0.2,0.0,0.4,0.0,0.0,0.0,0.0,0.8,0.0,0.0,0.2,0.0,0.0,0.0,0.6
WYI,0,0,0.333333,0.0,0.0,0.0,0.0,0.0,1.0,0.0,0.0,0.0,0.333333,0.0,0.0,0.0,0.0,0.333333,0.0,0.333333,0.0,0.0,0.0,0.0,1.0,0.0,0.0,0.333333,0.0,0.0,0.0,0.666667
WVHF,0,1,0.25,0.0,0.0,0.0,0.0,0.0,0.5,0.0,0.0,0.0,0.25,0.0,0.0,0.0,0.0,0.5,0.0,0.0,0.0,0.0,0.0,0.0,1.0,0.0,0.0,0.0,0.0,0.0,0.0,0.75
NKQ,0,2,0.0,0.0,0.0,0.0,0.0,0.0,1.0,0.0,0.0,0.0,0.0,0.666667,0.0,0.0,0.0,0.0,0.0,0.666667,0.0,0.0,0.0,0.0,1.0,0.0,0.0,0.0,0.333333,0.0,0.0,0.0
ISQMRLCYI,0,3,0.333333,0.111111,0.0,0.0,0.0,0.0,1.0,0.0,0.0,0.0,0.222222,0.333333,0.0,0.0,0.0,0.555556,0.111111,0.333333,0.0,0.0,0.0,0.0,1.0,0.0,0.0,0.222222,0.111111,0.0,0.0,0.555556
NHI,0,4,0.333333,0.0,0.0,0.0,0.0,0.0,1.0,0.0,0.0,0.0,0.333333,0.333333,0.0,0.0,0.0,0.333333,0.0,0.333333,0.0,0.0,0.0,0.0,1.0,0.0,0.0,0.333333,0.0,0.0,0.0,0.333333
CLMMA,0,0,0.4,0.2,0.0,0.0,0.0,0.0,1.0,0.0,0.0,0.0,0.2,0.2,0.0,0.0,0.0,1.0,0.4,0.0,0.0,0.0,0.0,0.0,1.0,0.0,0.0,0.0,0.0,0.0,0.0,0.8
RHDCTFNQMRWFCL,0,1,0.071429,0.071429,0.0,0.0,0.0,0.0,1.0,0.0,0.076923,0.0,0.142857,0.357143,0.0,0.0,0.0,0.428571,0.071429,0.285714,0.0,0.0,0.0,0.083333,1.0,0.125,0.090909,0.0,0.071429,0.0,0.0,0.5
KCNCEQHM,0,2,0.0,0.0,0.0,0.0,0.0,0.0,1.0,0.0,0.0,0.0,0.125,0.5,0.0,0.0,0.0,0.375,0.125,0.375,0.0,0.0,0.0,0.0,1.0,0.0,0.0,0.0,0.125,0.0,0.0,0.375
ECGTT,0,3,0.2,0.0,0.0,0.0,0.0,0.0,1.0,0.0,0.0,0.0,0.6,0.6,0.0,0.0,0.0,0.2,0.0,0.6,0.0,0.0,0.0,0.0,1.0,0.0,0.0,0.0,0.0,0.0,0.0,0.2
HNWHPM,0,4,0.166667,0.0,0.0,0.0,0.0,0.166667,1.0,0.0,0.0,0.0,0.5,0.166667,0.0,0.0,0.0,0.166667,0.166667,0.166667,0.0,0.0,0.0,0.0,1.0,0.0,0.0,0.0,0.0,0.0,0.0,0.333333
IGCGINFCSHFGIV,0,0,0.5,0.0,0.0,0.0,0.0,0.0,1.0,0.0,0.0,0.0,0.357143,0.285714,0.0,0.0,0.0,0.571429,0.0,0.142857,0.0,0.0,0.0,0.0,1.0,0.0,0.090909,0.214286,0.0,0.0,0.0,0.571429
WG,0,1,0.5,0.0,0.0,0.0,0.0,0.0,1.0,0.0,0.0,0.0,0.5,0.0,0.0,0.0,0.0,0.0,0.0,0.0,0.0,0.0,0.0,0.0,1.0,0.0,0.0,0.0,0.0,0.0,0.0,0.5
KSIQTKS,0,2,0.142857,0.0,0.0,0.0,0.0,0.0,1.0,0.0,0.0,0.0,0.428571,0.571429,0.0,0.0,0.0,0.142857,0.0,0.571429,0.0,0.0,0.0,0.0,1.0,0.0,0.0,0.142857,0.142857,0.0,0.0,0.142857
MKSAHNKEWED,0,3,0.090909,0.0,0.0,0.0,0.0,0.0,1.0,0.0,0.0,0.0,0.272727,0.181818,0.142857,0.0,0.0,0.181818,0.090909,0.454545,0.0,0.0,0.0,0.0,0.818182,0.0,0.0,0.0,0.0,0.0,0.0,0.181818
MIDHNHWIQVKN,0,4,0.25,0.0,0.0,0.0,0.0,0.0,1.0,0.0,0.0,0.090909,0.166667,0.25,0.0,0.0,0.0,0.333333,0.083333,0.333333,0.0,0.0,0.0,0.0,1.0,0.166667,0.0,0.166667,0.083333,0.090909,0.0,0.416667
WIQQG,0,0,0.4,0.0,0.0,0.0,0.0,0.0,1.0,0.0,0.0,0.0,0.2,0.4,0.0,0.0,0.0,0.2,0.0,0.4,0.0,0.0,0.0,0.0,1.0,0.0,0.0,0.2,0.4,0.0,0.0,0.4
FCRNHDS,0,1,0.0,0.0,0.0,0.0,0.0,0.0,1.0,0.0,0.0,0.0,0.285714,0.428571,0.0,0.0,0.0,0.285714,0.0,0.428571,0.0,0.0,0.0,0.0,1.0,0.0,0.0,0.0,0.0,0.0,0.0,0.285714
CGTKT,0,2,0.2,0.0,0.0,0.0,0.0,0.0,1.0,0.0,0.0,0.0,0.6,0.6,0.0,0.0,0.0,0.2,0.0,0.4,0.0,0.0,0.0,0.0,1.0,0.0,0.0,0.0,0.0,0.0,0.0,0.2
MMK,0,3,0.0,0.0,0.0,0.0,0.0,0.0,1.0,0.0,0.0,0.0,0.0,0.0,0.0,0.0,0.0,0.666667,0.666667,0.0,0.0,0.0,0.0,0.0,0.666667,0.0,0.0,0.0,0.0,0.0,0.0,0.666667
WWG,0,4,0.333333,0.0,0.0,0.0,0.0,0.0,1.0,0.0,0.0,0.0,0.333333,0.0,0.0,0.0,0.0,0.0,0.0,0.0,0.0,0.0,0.0,0.0,1.0,0.0,0.0,0.0,0.0,0.0,0.0,0.666667
HNQI,0,0,0.25,0.0,0.0,0.0,0.0,0.0,1.0,0.0,0.0,0.0,0.25,0.5,0.0,0.0,0.0,0.25,0.0,0.5,0.0,0.0,0.0,0.0,1.0,0.0,0.0,0.25,0.25,0.0,0.0,0.25
MCQVAPCWCIAGD,0,1,0.461538,0.0,0.0,0.0,0.0,0.076923,1.0,0.0,0.0,0.0,0.307692,0.307692,0.0,0.0,0.0,0.615385,0.076923,0.153846,0.0,0.0,0.0,0.0,0.923077,0.142857,0.0,0.076923,0.076923,0.0,0.0,0.538462
TPSMMSYHWA,0,2,0.2,0.0,0.0,0.0,0.0,0.1,1.0,0.0,0.0,0.0,0.7,0.3,0.0,0.0,0.0,0.3,0.2,0.4,0.0,0.0,0.0,0.0,1.0,0.0,0.0,0.0,0.0,0.0,0.111111,0.3
DKAFQMSQM,0,3,0.111111,0.0,0.0,0.0,0.0,0.0,1.0,0.0,0.0,0.0,0.222222,0.333333,0.0,0.0,0.0,0.444444,0.222222,0.444444,0.0,0.0,0.0,0.0,1.0,0.0,0.0,0.0,0.222222,0.0,0.0,0.333333
MKNWYK,0,4,0.0,0.0,0.0,0.0,0.0,0.0,1.0,0.0,0.0,0.0,0.166667,0.166667,0.0,0.0,0.0,0.166667,0.166667,0.333333,0.0,0.0,0.0,0.0,0.833333,0.0,0.0,0.0,0.0,0.2,0.0,0.333333
SMWRESV,0,0,0.142857,0.0,0.0,0.0,0.0,0.0,1.0,0.0,0.0,0.0,0.285714,0.285714,0.0,0.0,0.0,0.285714,0.142857,0.428571,0.0,0.0,0.0,0.0,1.0,0.0,0.0,0.0,0.0,0.0,0.0,0.428571
CTHERKE,0,1,0.0,0.0,0.0,0.0,0.0,0.0,1.0,0.0,0.0,0.0,0.285714,0.285714,0.0,0.0,0.0,0.142857,0.0,0.428571,0.0,0.0,0.0,0.0,0.285714,0.0,0.0,0.0,0.0,0.0,0.0,0.142857
QTFM,0,2,0.0,0.0,0.0,0.0,0.0,0.0,1.0,0.0,0.0,0.0,0.25,0.5,0.0,0.0,0.0,0.5,0.25,0.5,0.0,0.0,0.0,0.0,1.0,0.0,0.0,0.0,0.25,0.0,0.0,0.5
MCQQGTY,0,3,0.142857,0.0,0.0,0.0,0.0,0.0,0.857143,0.0,0.0,0.0,0.428571,0.571429,0.0,0.0,0.0,0.285714,0.142857,0.571429,0.0,0.0,0.0,0.0,1.0,0.0,0.0,0.0,0.285714,0.0,0.0,0.285714
YIVQNPFHMCYHMW,0,4,0.214286,0.0,0.0,0.0,0.0,0.071429,0.928571,0.0,0.0,0.0,0.357143,0.214286,0.0,0.0,0.0,0.428571,0.142857,0.285714,0.076923,0.0,0.0,0.083333,1.0,0.0,0.0,0.071429,0.071429,0.0,0.0,0.5
CYIHIFM,0,0,0.285714,0.0,0.0,0.0,0.0,0.0,1.0,0.0,0.0,0.0,0.285714,0.142857,0.0,0.0,0.0,0.714286,0.142857,0.142857,0.0,0.0,0.0,0.0,1.0,0.0,0.0,0.285714,0.0,0.0,0.0,0.714286
CRQ,0,1,0.0,0.0,0.0,0.0,0.0,0.0,1.0,0.0,0.0,0.0,0.0,0.666667,0.0,0.0,0.0,0.333333,0.0,0.333333,0.0,0.0,0.0,0.0,1.0,0.0,0.0,0.0,0.333333,0.0,0.0,0.333333
IME,0,2,0.333333,0.0,0.0,0.0,0.0,0.0,1.0,0.0,0.0,0.0,0.0,0.0,0.0,0.0,0.0,0.666667,0.333333,0.333333,0.0,0.0,0.0,0.0,0.666667,0.0,0.0,0.333333,0.0,0.0,0.0,0.666667
CLHWMHPSWLLFNC,0,3,0.285714,0.214286,0.0,0.076923,0.0,0.071429,1.0,0.0,0.0,0.0,0.285714,0.285714,0.0,0.0,0.0,0.5,0.071429,0.142857,0.0,0.0,0.0,0.0,1.0,0.0,0.0,0.0,0.0,0.0,0.076923,0.642857
WYGCLVI,0,4,0.571429,0.142857,0.0,0.0,0.0,0.0,1.0,0.0,0.0,0.0,0.285714,0.142857,0.0,0.0,0.0,0.571429,0.0,0.142857,0.0,0.0,0.0,0.0,1.0,0.0,0.0,0.142857,0.0,0.0,0.0,0.714286
NTHNRMSRCFED,0,0,0.0,0.0,0.0,0.0,0.0,0.0,1.0,0.0,0.0,0.0,0.25,0.416667,0.0,0.0,0.0,0.25,0.083333,0.5,0.0,0.0,0.0,0.0,0.833333,0.0,0.0,0.0,0.0,0.0,0.0,0.25
CA,0,1,0.5,0.0,0.0,0.0,0.0,0.0,1.0,0.0,0.0,0.0,0.5,0.5,0.0,0.0,0.0,1.0,0.0,0.0,0.0,0.0,0.0,0.0,1.0,0.0,0.0,0.0,0.0,0.0,0.0,0.5
TMFLLHFT,0,2,0.25,0.25,0.0,0.142857,0.0,0.0,1.0,0.0,0.0,0.0,0.375,0.25,0.0,0.0,0.0,0.625,0.125,0.25,0.0,0.0,0.0,0.0,1.0,0.0,0.0,0.0,0.0,0.0,0.0,0.625
CMN,0,3,0.0,0.0,0.0,0.0,0.0,0.0,1.0,0.0,0.0,0.0,0.0,0.666667,0.0,0.0,0.0,0.666667,0.333333,0.333333,0.0,0.0,0.0,0.0,1.0,0.0,0.0,0.0,0.0,0.0,0.0,0.666667
NTINRVTKEHPGWTAV,0,4,0.375,0.0,0.0,0.0,0.0,0.0625,1.0,0.0,0.0,0.0,0.4375,0.3125,0.0,0.0,0.0,0.25,0.0,0.375,0.0,0.0,0.0,0.0,1.0,0.0,0.0,0.0625,0.0,0.0,0.0,0.25
SGTCMIGVGNHYERF,0,0,0.333333,0.0,0.0,0.0,0.0,0.0,0.933333,0.0,0.0,0.071429,0.466667,0.266667,0.0,0.0,0.0,0.333333,0.066667,0.333333,0.0,0.0,0.0,0.0,1.0,0.0,0.0,0.066667,0.0,0.0,0.0,0.333333
RDT,0,1,0.0,0.0,0.0,0.0,0.0,0.0,1.0,0.0,0.0,0.0,0.333333,0.333333,0.0,0.0,0.0,0.0,0.0,0.666667,0.0,0.0,0.0,0.0,1.0,0.0,0.0,0.0,0.0,0.0,0.0,0.0
NIQ,0,2,0.333333,0.0,0.0,0.0,0.0,0.0,1.0,0.0,0.0,0.0,0.0,0.666667,0.0,0.0,0.0,0.333333,0.0,0.666667,0.0,0.0,0.0,0.0,1.0,0.0,0.0,0.333333,0.333333,0.0,0.0,0.333333
QWEF,0,3,0.0,0.0,0.0,0.0,0.0,0.0,0.75,0.0,0.0,0.0,0.0,0.25,0.0,0.0,0.0,0.25,0.0,0.5,0.0,0.0,0.0,0.0,1.0,0.0,0.0,0.0,0.25,0.0,0.0,0.5
CDS,0,4,0.0,0.0,0.0,0.0,0.0,0.0,1.0,0.0,0.0,0.0,0.333333,0.666667,0.0,0.0,0.0,0.333333,0.0,0.666667,0.0,0.0,0.0,0.0,1.0,0.0,0.0,0.0,0.0,0.0,0.0,0.333333
NAC,0,0,0.333333,0.0,0.0,0.0,0.0,0.0,1.0,0.0,0.0,0.0,0.333333,0.666667,0.0,0.0,0.0,0.666667,0.0,0.333333,0.0,0.0,0.0,0.0,1.0,0.0,0.0,0.0,0.0,0.0,0.0,0.333333
YTCMAC,0,1,0.166667,0.0,0.0,0.0,0.0,0.0,1.0,0.0,0.0,0.0,0.5,0.5,0.0,0.0,0.0,0.666667,0.166667,0.333333,0.0,0.0,0.0,0.0,1.0,0.0,0.0,0.0,0.0,0.0,0.0,0.5
EFM,0,2,0.0,0.0,0.0,0.0,0.0,0.0,1.0,0.0,0.0,0.0,0.0,0.0,0.0,0.0,0.0,0.666667,0.333333,0.333333,0.0,0.0,0.0,0.0,1.0,0.0,0.0,0.0,0.0,0.0,0.0,0.666667
TWD,0,3,0.0,0.0,0.0,0.0,0.0,0.0,1.0,0.0,0.0,0.0,0.333333,0.333333,0.0,0.0,0.0,0.0,0.0,0.666667,0.0,0.0,0.0,0.0,0.666667,0.0,0.0,0.0,0.0,0.0,0.0,0.333333
YHC,0,4,0.0,0.0,0.0,0.0,0.0,0.0,1.0,0.0,0.0,0.0,0.666667,0.333333,0.0,0.0,0.0,0.333333,0.0,0.333333,0.0,0.0,0.0,0.0,1.0,0.0,0.0,0.0,0.0,0.0,0.0,0.333333
CRTWDCIIWIL,0,0,0.363636,0.090909,0.0,0.0,0.0,0.0,1.0,0.0,0.0,0.0,0.090909,0.272727,0.0,0.0,0.0,0.545455,0.0,0.181818,0.0,0.0,0.0,0.0,1.0,0.0,0.0,0.272727,0.0,0.0,0.0,0.727273
QSMWW,0,1,0.0,0.0,0.0,0.0,0.0,0.0,0.6,0.0,0.0,0.0,0.2,0.4,0.0,0.0,0.0,0.2,0.2,0.4,0.0,0.0,0.0,0.0,1.0,0.0,0.0,0.0,0.2,0.0,0.0,0.6
HTC,0,2,0.0,0.0,0.0,0.0,0.0,0.0,1.0,0.0,0.0,0.0,0.666667,0.666667,0.0,0.0,0.0,0.333333,0.0,0.333333,0.0,0.0,0.0,1.0,1.0,0.0,0.0,0.0,0.0,0.0,0.0,0.333333
DTS,0,3,0.0,0.0,0.0,0.0,0.0,0.0,1.0,0.0,0.0,0.0,0.666667,0.666667,0.0,0.0,0.0,0.0,0.0,1.0,0.0,0.0,0.0,0.0,1.0,0.0,0.0,0.0,0.0,0.0,0.0,0.0
DDEMKWTRPEFSQGS,0,4,0.133333,0.0,0.0,0.0,0.0,0.066667,1.0,0.0,0.0,0.0,0.333333,0.266667,0.0,0.0,0.0,0.133333,0.066667,0.533333,0.0,0.0,0.0,0.0,1.0,0.0,0.0,0.0,0.066667,0.0,0.0,0.2
CFG,0,0,0.333333,0.0,0.0,0.0,0.0,0.0,1.0,0.0,0.0,0.0,0.333333,0.333333,0.0,0.0,0.0,0.666667,0.0,0.0,0.0,0.0,0.0,0.0,1.0,0.0,0.0,0.0,0.0,0.0,0.0,0.666667
GCM,0,1,0.333333,0.0,0.0,0.0,0.0,0.0,1.0,0.0,0.0,0.0,0.333333,0.333333,0.0,0.0,0.0,0.666667,0.333333,0.0,0.0,0.0,0.0,0.0,1.0,0.0,0.0,0.0,0.0,0.0,0.0,0.666667
TARMNGKNFT,0,2,0.2,0.0,0.0,0.0,0.0,0.0,1.0,0.0,0.0,0.0,0.4,0.4,0.0,0.0,0.0,0.3,0.1,0.4,0.0,0.0,0.0,0.0,1.0,0.0,0.0,0.0,0.0,0.111111,0.0,0.2
WDH,0,3,0.0,0.0,0.0,0.0,0.0,0.0,0.666667,0.0,0.0,0.0,0.333333,0.0,0.0,0.0,0.0,0.0,0.0,0.333333,0.0,0.0,0.0,0.0,0.333333,0.0,0.0,0.0,0.0,0.0,0.0,0.333333
WNVEF,0,4,0.2,0.0,0.0,0.0,0.0,0.0,0.8,0.0,0.0,0.0,0.0,0.2,0.0,0.0,0.0,0.4,0.0,0.4,0.0,0.0,0.0,0.0,1.0,0.0,0.0,0.0,0.0,0.0,0.0,0.6
KNF,0,0,0.0,0.0,0.0,0.0,0.0,0.0,0.666667,0.0,0.0,0.0,0.0,0.333333,0.0,0.0,0.0,0.333333,0.0,0.333333,0.0,0.0,0.0,0.0,1.0,0.0,0.0,0.0,0.0,0.5,0.0,0.333333
TWF,0,1,0.0,0.0,0.0,0.0,0.0,0.0,0.333333,0.0,0.0,0.0,0.333333,0.333333,0.0,0.0,0.0,0.333333,0.0,0.333333,0.0,0.0,0.0,0.0,1.0,0.0,0.0,0.0,0.0,0.0,0.0,0.666667
MQD,0,2,0.0,0.0,0.0,0.0,0.0,0.0,1.0,0.0,0.0,0.0,0.0,0.333333,0.0,0.0,0.0,0.333333,0.333333,0.666667,0.0,0.0,0.0,0.0,0.666667,0.0,0.0,0.0,0.333333,0.0,0.0,0.333333
NH,0,3,0.0,0.0,0.0,0.0,0.0,0.0,0.5,0.0,0.0,0.0,0.5,0.5,0.0,0.0,0.0,0.0,0.0,0.5,0.0,0.0,0.0,0.0,0.5,0.0,0.0,0.0,0.0,0.0,0.0,0.0
RDCKA,0,4,0.2,0.0,0.0,0.0,0.0,0.0,1.0,0.0,0.0,0.0,0.2,0.2,0.0,0.0,0.0,0.4,0.0,0.2,0.0,0.0,0.0,0.0,1.0,0.0,0.0,0.0,0.0,0.0,0.0,0.2
CQV,0,0,0.333333,0.0,0.0,0.0,0.0,0.0,1.0,0.0,0.0,0.0,0.0,0.666667,0.0,0.0,0.0,0.666667,0.0,0.333333,0.0,0.0,0.0,0.0,1.0,0.0,0.0,0.0,0.333333,0.0,0.0,0.666667
CQ,0,1,0.0,0.0,0.0,0.0,0.0,0.0,1.0,0.0,0.0,0.0,0.0,1.0,0.0,0.0,0.0,0.5,0.0,0.5,0.0,0.0,0.0,0.0,1.0,0.0,0.0,0.0,0.5,0.0,0.0,0.5
RMC,0,2,0.0,0.0,0.0,0.0,0.0,0.0,1.0,0.0,0.0,0.0,0.0,0.333333,0.0,0.0,0.0,0.666667,0.333333,0.0,0.0,0.0,0.0,0.0,1.0,0.0,0.0,0.0,0.0,0.0,0.0,0.666667
NHT,0,3,0.0,0.0,0.0,0.0,0.0,0.0,1.0,0.0,0.0,0.0,0.666667,0.666667,0.0,0.0,0.0,0.0,0.0,0.666667,0.0,0.0,0.0,0.0,1.0,0.0,0.0,0.0,0.0,0.0,0.0,0.0
KCH,0,4,0.0,0.0,0.0,0.0,0.0,0.0,0.666667,0.0,0.0,0.0,0.333333,0.333333,0.0,0.0,0.0,0.333333,0.0,0.0,0.0,0.0,0.0,0.0,0.666667,0.0,0.0,0.0,0.0,0.0,0.0,0.333333
IRN,0,0,0.333333,0.0,0.0,0.0,0.0,0.0,1.0,0.0,0.0,0.0,0.0,0.333333,0.0,0.0,0.0,0.333333,0.0,0.333333,0.0,0.0,0.0,0.0,1.0,0.0,0.0,0.333333,0.0,0.0,0.0,0.333333
VCS,0,1,0.333333,0.0,0.0,0.0,0.0,0.0,1.0,0.0,0.0,0.0,0.333333,0.666667,0.0,0.0,0.0,0.666667,0.0,0.333333,0.0,0.0,0.0,0.0,1.0,0.0,0.0,0.0,0.0,0.0,0.0,0.666667
NVT,0,2,0.333333,0.0,0.0,0.0,0.0,0.0,1.0,0.0,0.0,0.0,0.333333,0.666667,0.0,0.0,0.0,0.333333,0.0,0.666667,0.0,0.0,0.0,0.0,1.0,0.0,0.0,0.0,0.0,0.0,0.0,0.333333
EEC,0,3,0.0,0.0,0.0,0.0,0.0,0.0,1.0,0.0,0.0,0.0,0.0,0.333333,0.0,0.0,0.0,0.333333,0.0,0.666667,0.0,0.0,0.0,0.0,1.0,0.0,0.0,0.0,0.0,0.0,0.0,0.333333
MCK,0,4,0.0,0.0,0.0,0.0,0.0,0.0,1.0,0.0,0.0,0.0,0.0,0.333333,0.0,0.0,0.0,0.666667,0.333333,0.0,0.0,0.0,0.0,0.0,0.666667,0.0,0.0,0.0,0.0,0.0,0.0,0.666667
RNGWC,0,0,0.2,0.0,0.0,0.0,0.0,0.0,1.0,0.0,0.0,0.0,0.2,0.4,0.0,0.0,0.0,0.2,0.0,0.2,0.0,0.0,0.0,0.0,1.0,0.0,0.0,0.0,0.0,0.0,0.0,0.4
WQS,0,1,0.0,0.0,0.0,0.0,0.0,0.0,1.0,0.0,0.0,0.0,0.333333,0.666667,0.0,0.0,0.0,0.0,0.0,0.666667,0.0,0.0,0.0,0.0,1.0,0.0,0.0,0.0,0.333333,0.0,0.0,0.333333
HHCISP,0,2,0.333333,0.0,0.0,0.0,0.0,0.166667,1.0,0.0,0.0,0.0,0.666667,0.333333,0.0,0.0,0.0,0.333333,0.0,0.166667,0.0,0.0,0.0,0.25,1.0,0.0,0.0,0.166667,0.0,0.0,0.0,0.333333
IQV,0,3,0.666667,0.0,0.0,0.0,0.0,0.0,1.0,0.0,0.0,0.0,0.0,0.333333,0.0,0.0,0.0,0.666667,0.0,0.333333,0.0,0.0,0.0,0.0,1.0,0.0,0.0,0.333333,0.333333,0.0,0.0,0.666667
MTHPFK,0,4,0.166667,0.0,0.0,0.0,0.0,0.166667,1.0,0.0,0.0,0.0,0.5,0.166667,0.0,0.0,0.0,0.333333,0.166667,0.166667,0.2,0.0,0.0,0.0,0.833333,0.0,0.0,0.0,0.0,0.0,0.0,0.333333
CRS,0,0,0.0,0.0,0.0,0.0,0.5,0.0,1.0,0.0,0.0,0.0,0.333333,0.666667,0.0,0.0,0.0,0.333333,0.0,0.333333,0.0,0.0,0.0,0.0,1.0,0.0,0.0,0.0,0.0,0.0,0.0,0.333333
SYIRTFV,0,1,0.285714,0.0,0.0,0.0,0.0,0.0,1.0,0.0,0.0,0.0,0.428571,0.285714,0.0,0.0,0.0,0.428571,0.0,0.428571,0.0,0.0,0.0,0.0,1.0,0.0,0.0,0.142857,0.0,0.0,0.0,0.428571
WFGTW,0,2,0.2,0.0,0.0,0.0,0.0,0.0,0.8,0.0,0.0,0.0,0.4,0.2,0.0,0.0,0.0,0.2,0.0,0.2,0.0,0.0,0.0,0.0,1.0,0.0,0.0,0.0,0.0,0.0,0.0,0.6
CTGNMNEGKFEM,0,3,0.166667,0.0,0.0,0.0,0.0,0.0,1.0,0.0,0.0,0.0,0.25,0.333333,0.0,0.0,0.0,0.333333,0.166667,0.416667,0.0,0.0,0.0,0.0,1.0,0.0,0.111111,0.0,0.0,0.0,0.0,0.333333
NRC,0,4,0.0,0.0,0.0,0.0,0.0,0.0,1.0,0.0,0.0,0.0,0.0,0.666667,0.0,0.0,0.0,0.333333,0.0,0.333333,0.0,0.0,0.0,0.0,1.0,0.0,0.0,0.0,0.0,0.0,0.0,0.333333
SSC,0,0,0.0,0.0,0.0,0.0,0.0,0.0,1.0,0.0,0.0,0.0,0.666667,1.0,0.0,0.0,0.0,0.333333,0.0,0.666667,0.0,0.0,0.0,0.0,1.0,0.0,0.0,0.0,0.0,0.0,0.0,0.333333
TTVFSWT,0,1,0.142857,0.0,0.0,0.0,0.0,0.0,1.0,0.0,0.0,0.0,0.571429,0.571429,0.0,0.0,0.0,0.285714,0.0,0.571429,0.0,0.0,0.0,0.0,1.0,1.0,0.0,0.0,0.0,0.0,0.0,0.428571
KRMGI,0,2,0.4,0.0,0.0,0.0,0.0,0.0,1.0,0.0,0.0,0.0,0.2,0.0,0.0,0.0,0.0,0.4,0.2,0.0,0.0,0.0,0.0,0.0,1.0,0.0,0.0,0.2,0.0,0.0,0.0,0.4
GNC,0,3,0.333333,0.0,0.0,0.0,0.0,0.0,1.0,0.0,0.0,0.0,0.333333,0.666667,0.0,0.0,0.0,0.333333,0.0,0.333333,0.0,0.0,0.0,0.0,1.0,0.0,0.0,0.0,0.0,0.0,0.0,0.333333
KSCQ,0,4,0.0,0.0,0.0,0.0,0.0,0.0,1.0,0.0,0.0,0.0,0.25,0.75,0.0,0.0,0.0,0.25,0.0,0.5,0.0,0.0,0.0,0.0,1.0,0.0,0.0,0.0,0.25,0.0,0.0,0.25
VTWVH,0,0,0.4,0.0,0.0,0.0,0.0,0.0,0.8,0.0,0.0,0.0,0.4,0.2,0.0,0.0,0.0,0.4,0.0,0.2,0.0,0.0,0.0,0.0,0.8,0.0,0.0,0.0,0.0,0.0,0.0,0.6
MGS,0,1,0.333333,0.0,0.0,0.0,0.0,0.0,1.0,0.0,0.0,0.0,0.666667,0.333333,0.0,0.0,0.0,0.333333,0.333333,0.333333,0.0,0.0,0.0,0.0,1.0,0.0,0.0,0.0,0.0,0.0,0.0,0.333333
THW,0,2,0.0,0.0,0.0,0.0,0.0,0.0,0.333333,0.0,0.0,0.0,0.666667,0.333333,0.0,0.0,0.0,0.0,0.0,0.333333,0.0,0.0,0.0,0.0,1.0,0.0,0.0,0.0,0.0,0.0,0.0,0.333333
QRDQF,0,3,0.0,0.0,0.0,0.0,0.0,0.0,0.8,0.0,0.0,0.0,0.0,0.4,0.0,0.0,0.0,0.2,0.0,0.6,0.0,0.0,0.0,0.0,1.0,0.0,0.0,0.0,0.4,0.0,0.0,0.2
HQC,0,4,0.0,0.0,0.0,0.0,0.0,0.0,1.0,0.0,0.0,0.0,0.333333,0.666667,0.0,0.0,0.0,0.333333,0.0,0.333333,0.0,0.0,0.0,1.0,1.0,0.0,0.0,0.0,0.333333,0.0,0.0,0.333333
TDN,0,0,0.0,0.0,0.0,0.0,0.0,0.0,1.0,0.0,0.0,0.0,0.333333,0.666667,0.0,0.0,0.0,0.0,0.0,1.0,0.0,0.0,0.0,0.0,1.0,0.0,0.0,0.0,0.0,0.0,0.0,0.0
MFVQFVRDD,0,1,0.222222,0.0,0.0,0.0,0.0,0.0,1.0,0.0,0.0,0.0,0.0,0.111111,0.0,0.0,0.0,0.555556,0.111111,0.333333,0.0,0.0,0.0,0.0,0.666667,0.0,0.0,0.0,0.111111,0.0,0.0,0.555556
WQ,0,2,0.0,0.0,0.0,0.0,0.0,0.0,1.0,0.0,0.0,0.0,0.0,0.5,0.0,0.0,0.0,0.0,0.0,0.5,0.0,0.0,0.0,0.0,1.0,0.0,0.0,0.0,0.5,0.0,0.0,0.5
MIKAHG,0,3,0.5,0.0,0.0,0.0,0.0,0.0,1.0,0.0,0.0,0.2,0.5,0.0,0.0,0.0,0.0,0.5,0.166667,0.0,0.0,0.0,0.0,0.0,1.0,0.0,0.0,0.166667,0.0,0.0,0.0,0.333333
CVRW,0,4,0.25,0.0,0.0,0.0,0.0,0.0,0.75,0.0,0.0,0.0,0.0,0.25,0.0,0.0,0.0,0.5,0.0,0.0,0.0,0.0,0.0,0.0,1.0,0.0,0.0,0.0,0.0,0.0,0.0,0.75
WTIIKEM,0,0,0.285714,0.0,0.0,0.0,0.0,0.0,1.0,0.0,0.0,0.0,0.142857,0.142857,0.0,0.0,0.0,0.428571,0.142857,0.285714,0.0,0.0,0.0,0.0,1.0,0.0,0.0,0.285714,0.0,0.0,0.0,0.571429
YYAVTNHECNI,0,1,0.272727,0.0,0.0,0.0,0.0,0.0,1.0,0.0,0.0,0.0,0.454545,0.363636,0.0,0.0,0.0,0.363636,0.0,0.545455,0.0,0.0,0.0,0.111111,1.0,0.0,0.0,0.090909,0.0,0.0,0.0,0.272727
CCH,0,2,0.0,0.0,0.0,0.0,0.0,0.0,0.666667,0.0,0.0,0.0,0.333333,0.666667,0.0,0.0,0.0,0.666667,0.0,0.0,0.0,0.0,0.0,0.0,0.666667,0.0,0.0,0.0,0.0,0.0,0.0,0.666667
GWMNADI,0,3,0.428571,0.0,0.0,0.0,0.0,0.0,1.0,0.0,0.0,0.0,0.285714,0.142857,0.0,0.0,0.0,0.428571,0.142857,0.285714,0.0,0.0,0.0,0.0,1.0,0.0,0.0,0.142857,0.0,0.0,0.0,0.428571
KDSD,0,4,0.0,0.0,0.0,0.0,0.0,0.0,1.0,0.0,0.0,0.0,0.25,0.25,0.0,0.0,0.0,0.0,0.0,0.75,0.0,0.0,0.0,0.0,0.75,0.0,0.0,0.0,0.0,0.0,0.0,0.0
RQ,0,0,0.0,0.0,0.0,0.0,0.0,0.0,1.0,0.0,0.0,0.0,0.0,0.5,0.0,0.0,0.0,0.0,0.0,0.5,0.0,0.0,0.0,0.0,1.0,0.0,0.0,0.0,0.5,0.0,0.0,0.0
MVV,0,1,0.666667,0.0,0.0,0.0,0.0,0.0,1.0,0.0,0.0,0.0,0.0,0.0,0.0,0.0,0.0,1.0,0.333333,0.0,0.0,0.0,0.0,0.0,1.0,0.0,0.0,0.0,0.0,0.0,0.0,1.0
CAETSTQ,0,2,0.142857,0.0,0.0,0.0,0.0,0.0,1.0,0.0,0.0,0.0,0.571429,0.714286,0.0,0.0,0.0,0.285714,0.0,0.714286,0.0,0.0,0.0,0.0,1.0,0.0,0.0,0.0,0.142857,0.0,0.0,0.142857
IHMGKIQEAEHII,0,3,0.461538,0.0,0.0,0.0,0.0,0.0,1.0,0.0,0.0,0.0,0.307692,0.076923,0.0,0.0,0.0,0.461538,0.076923,0.230769,0.0,0.0,0.0,0.0,1.0,0.142857,0.0,0.307692,0.076923,0.0,0.0,0.384615
RMHELFTSDYRHHVKDW,0,4,0.117647,0.058824,0.0,0.0,0.0,0.0,0.941176,0.0,0.0625,0.0,0.352941,0.117647,0.076923,0.0,0.0,0.235294,0.058824,0.352941,0.0,0.0,0.0,0.0,1.0,0.0,0.0,0.0,0.0,0.0,0.0,0.294118
DNMTF,0,0,0.0,0.0,0.0,0.0,0.0,0.0,0.8,0.0,0.0,0.0,0.2,0.4,0.0,0.0,0.0,0.4,0.2,0.6,0.0,0.0,0.0,0.0,1.0,0.0,0.0,0.0,0.0,0.0,0.0,0.4
RTPNRMLQMKYYGTYIADTK,0,1,0.25,0.05,0.0,0.0,0.0,0.05,1.0,0.0,0.0,0.0,0.45,0.25,0.0,0.0,0.0,0.25,0.1,0.45,0.0,0.0,0.0,0.0,0.95,0.0,0.0,0.05,0.05,0.0,0.0,0.2
WFKKVP,0,2,0.333333,0.0,0.0,0.0,0.0,0.166667,1.0,0.0,0.0,0.0,0.166667,0.0,0.0,0.0,0.0,0.333333,0.0,0.0,0.0,0.0,0.0,0.0,1.0,0.0,0.0,0.0,0.0,0.0,0.0,0.5
IVMSRKYKSHYMFYHV,0,3,0.1875,0.0,0.0,0.0,0.0,0.0,1.0,0.0,0.0,0.0,0.4375,0.125,0.0,0.0,0.0,0.375,0.125,0.3125,0.0,0.0,0.0,0.0,1.0,0.0,0.0,0.0625,0.0,0.0,0.0,0.375
IKSYCKM,0,4,0.142857,0.0,0.0,0.0,0.0,0.0,1.0,0.0,0.0,0.0,0.285714,0.285714,0.0,0.166667,0.166667,0.428571,0.142857,0.285714,0.0,0.0,0.0,0.0,1.0,0.0,0.0,0.142857,0.0,0.0,0.0,0.428571
WWQRCGKLWFSLP,0,0,0.307692,0.153846,0.083333,0.0,0.0,0.076923,1.0,0.0,0.0,0.0,0.230769,0.230769,0.0,0.0,0.0,0.307692,0.0,0.153846,0.0,0.0,0.0,0.0,1.0,0.0,0.0,0.0,0.076923,0.0,0.0,0.538462
NHWMQ,0,1,0.0,0.0,0.0,0.0,0.0,0.0,1.0,0.0,0.0,0.0,0.2,0.4,0.0,0.0,0.0,0.2,0.2,0.4,0.0,0.0,0.0,0.0,1.0,0.0,0.0,0.0,0.2,0.0,0.0,0.4
CRNHTMICARKM,0,2,0.166667,0.0,0.0,0.0,0.0,0.0,1.0,0.0,0.0,0.090909,0.25,0.333333,0.0,0.0,0.090909,0.5,0.166667,0.166667,0.0,0.0,0.0,0.0,1.0,0.166667,0.0,0.083333,0.0,0.0,0.0,0.416667
NFMW,0,3,0.0,0.0,0.0,0.0,0.0,0.0,0.75,0.0,0.0,0.0,0.0,0.25,0.0,0.0,0.0,0.5,0.25,0.25,0.0,0.0,0.0,0.0,1.0,0.0,0.0,0.0,0.0,0.0,0.0,0.75
WEC,0,4,0.0,0.0,0.0,0.0,0.0,0.0,1.0,0.0,0.0,0.0,0.0,0.333333,0.0,0.0,0.0,0.333333,0.0,0.333333,0.0,0.0,0.0,0.0,1.0,0.0,0.0,0.0,0.0,0.0,0.0,0.666667
SDMRYWW,0,0,0.0,0.0,0.0,0.0,0.0,0.0,0.571429,0.0,0.0,0.0,0.285714,0.142857,0.0,0.0,0.0,0.142857,0.142857,0.428571,0.0,0.0,0.0,0.0,1.0,0.0,0.0,0.0,0.0,0.0,0.0,0.428571
MCDEPS,0,1,0.166667,0.0,0.0,0.0,0.0,0.166667,1.0,0.0,0.0,0.0,0.333333,0.333333,0.0,0.0,0.0,0.333333,0.166667,0.5,0.0,0.0,0.0,0.0,1.0,0.0,0.0,0.0,0.0,0.0,0.2,0.333333
RYCVF,0,2,0.2,0.0,0.0,0.0,0.0,0.0,0.8,0.0,0.0,0.0,0.2,0.2,0.0,0.25,0.0,0.6,0.0,0.2,0.0,0.0,0.0,0.0,1.0,0.0,0.0,0.0,0.0,0.0,0.0,0.6
WCK,0,3,0.0,0.0,0.0,0.0,0.0,0.0,1.0,0.0,0.0,0.0,0.0,0.333333,0.0,0.0,0.0,0.333333,0.0,0.0,0.0,0.0,0.0,0.0,0.666667,0.0,0.0,0.0,0.0,0.0,0.0,0.666667
HGC,0,4,0.333333,0.0,0.0,0.0,0.0,0.0,1.0,0.0,0.0,0.0,0.666667,0.333333,0.0,0.0,0.0,0.333333,0.0,0.0,0.0,0.0,0.0,1.0,1.0,0.0,0.0,0.0,0.0,0.0,0.0,0.333333
MAFHLGIERYQS,0,0,0.333333,0.083333,0.0,0.0,0.0,0.0,1.0,0.0,0.0,0.0,0.416667,0.166667,0.0,0.0,0.0,0.416667,0.083333,0.333333,0.0,0.0,0.0,0.0,1.0,0.0,0.0,0.083333,0.083333,0.0,0.0,0.333333
ICP,0,1,0.666667,0.0,0.0,0.0,0.0,0.333333,1.0,0.0,0.0,0.0,0.333333,0.333333,0.0,0.0,0.0,0.666667,0.0,0.0,0.0,0.0,0.0,0.0,1.0,0.0,0.0,0.333333,0.0,0.0,0.0,0.666667
IHNCNTQD,0,2,0.125,0.0,0.0,0.0,0.0,0.0,1.0,0.0,0.0,0.0,0.25,0.625,0.0,0.0,0.0,0.25,0.0,0.625,0.0,0.0,0.0,0.166667,0.875,0.0,0.0,0.125,0.125,0.0,0.0,0.25
NEM,0,3,0.0,0.0,0.0,0.0,0.0,0.0,1.0,0.0,0.0,0.0,0.0,0.333333,0.0,0.0,0.0,0.333333,0.333333,0.666667,0.0,0.0,0.0,0.0,1.0,0.0,0.0,0.0,0.0,0.0,0.0,0.333333
SIC,0,4,0.333333,0.0,0.0,0.0,0.0,0.0,1.0,0.0,0.0,0.0,0.333333,0.666667,0.0,0.0,0.0,0.666667,0.0,0.333333,0.0,0.0,0.0,0.0,1.0,0.0,0.0,0.333333,0.0,0.0,0.0,0.666667
TRG,0,0,0.333333,0.0,0.0,0.0,0.0,0.0,1.0,0.0,0.0,0.0,0.666667,0.333333,0.0,0.0,0.0,0.0,0.0,0.333333,0.0,0.0,0.0,0.0,1.0,0.0,0.0,0.0,0.0,0.0,0.0,0.0
MHASD,0,1,0.2,0.0,0.0,0.0,0.0,0.0,1.0,0.0,0.0,0.0,0.6,0.2,0.0,0.0,0.0,0.4,0.2,0.4,0.0,0.0,0.0,0.0,0.8,0.0,0.0,0.0,0.0,0.0,0.0,0.2
YWMYK,0,2,0.0,0.0,0.0,0.0,0.0,0.0,1.0,0.0,0.0,0.0,0.4,0.0,0.0,0.0,0.0,0.2,0.2,0.4,0.0,0.0,0.0,0.0,0.8,0.0,0.0,0.0,0.0,0.0,0.0,0.4
NMR,0,3,0.0,0.0,0.0,0.0,0.0,0.0,1.0,0.0,0.0,0.0,0.0,0.333333,0.0,0.0,0.0,0.333333,0.333333,0.333333,0.0,0.0,0.0,0.0,0.666667,0.0,0.0,0.0,0.0,0.0,0.0,0.333333
DIRFKHRNQ,0,4,0.111111,0.0,0.0,0.0,0.0,0.0,1.0,0.0,0.0,0.0,0.111111,0.222222,0.0,0.0,0.0,0.222222,0.0,0.333333,0.0,0.0,0.0,0.0,1.0,0.0,0.0,0.111111,0.111111,0.0,0.0,0.222222
HCWTANA,0,0,0.285714,0.0,0.0,0.0,0.0,0.0,1.0,0.0,0.0,0.0,0.571429,0.428571,0.0,0.0,0.0,0.428571,0.0,0.285714,0.0,0.0,0.0,0.0,1.0,0.0,0.0,0.0,0.0,0.0,0.0,0.285714
SMAMKPQFECT,0,1,0.181818,0.0,0.0,0.0,0.0,0.090909,1.0,0.0,0.0,0.0,0.363636,0.363636,0.0,0.0,0.0,0.454545,0.181818,0.363636,0.0,0.0,0.0,0.0,1.0,0.0,0.0,0.0,0.090909,0.0,0.0,0.363636
CSRWF,0,2,0.0,0.0,0.0,0.0,0.0,0.0,0.6,0.0,0.0,0.0,0.2,0.4,0.0,0.0,0.0,0.4,0.0,0.2,0.0,0.0,0.0,0.0,1.0,0.0,0.0,0.0,0.0,0.0,0.0,0.6
HDM,0,3,0.0,0.0,0.0,0.0,0.0,0.0,1.0,0.0,0.0,0.0,0.333333,0.0,0.0,0.0,0.0,0.333333,0.333333,0.333333,0.0,0.0,0.0,0.0,1.0,0.0,0.0,0.0,0.0,0.0,0.0,0.333333
MAR,0,4,0.333333,0.0,0.0,0.0,0.0,0.0,1.0,0.0,0.0,0.0,0.333333,0.0,0.0,0.0,0.0,0.666667,0.333333,0.0,0.0,0.0,0.0,0.0,0.666667,0.0,0.0,0.0,0.0,0.0,0.0,0.333333
WSIQDN,0,0,0.166667,0.0,0.0,0.0,0.0,0.0,1.0,0.0,0.0,0.0,0.166667,0.5,0.0,0.0,0.0,0.166667,0.0,0.666667,0.0,0.0,0.0,0.0,1.0,0.0,0.0,0.166667,0.166667,0.0,0.0,0.333333
ADNWWMCTANK,0,1,0.181818,0.0,0.0,0.0,0.0,0.0,1.0,0.0,0.0,0.0,0.272727,0.363636,0.0,0.0,0.0,0.363636,0.090909,0.363636,0.0,0.0,0.0,0.0,0.909091,0.0,0.125,0.0,0.0,0.0,0.0,0.363636
KMM,0,2,0.0,0.0,0.0,0.0,0.0,0.0,1.0,0.0,0.0,0.0,0.0,0.0,0.0,0.0,0.5,0.666667,0.666667,0.0,0.0,0.0,0.0,0.0,1.0,0.0,0.0,0.0,0.0,0.0,0.0,0.666667
DSSH,0,3,0.0,0.0,0.0,0.0,0.0,0.0,0.75,0.0,0.0,0.0,0.75,0.5,0.0,0.0,0.0,0.0,0.0,0.75,0.0,0.0,0.0,0.0,0.75,0.0,0.0,0.0,0.0,0.0,0.0,0.0
WRMHN,0,4,0.0,0.0,0.0,0.0,0.0,0.0,1.0,0.0,0.0,0.0,0.2,0.2,0.0,0.0,0.0,0.2,0.2,0.2,0.0,0.0,0.0,0.0,1.0,0.0,0.0,0.0,0.0,0.0,0.0,0.4
CTD,0,0,0.0,0.0,0.0,0.0,0.0,0.0,1.0,0.0,0.0,0.0,0.333333,0.666667,0.0,0.0,0.0,0.333333,0.0,0.666667,0.0,0.0,0.0,0.0,0.666667,0.0,0.0,0.0,0.0,0.0,0.0,0.333333
DNW,0,1,0.0,0.0,0.0,0.0,0.0,0.0,0.666667,0.0,0.0,0.0,0.0,0.333333,0.0,0.0,0.0,0.0,0.0,0.666667,0.0,0.0,0.0,0.0,1.0,0.0,0.0,0.0,0.0,0.0,0.0,0.333333
DHKKFDSNILISMMNVT,0,2,0.235294,0.058824,0.0,0.0,0.0,0.0,1.0,0.0,0.0,0.0,0.235294,0.294118,0.0,0.0,0.0,0.411765,0.117647,0.411765,0.0,0.0,0.0,0.0,1.0,0.0,0.0,0.117647,0.0,0.0,0.0,0.411765
ERC,0,3,0.0,0.0,0.0,0.0,0.0,0.0,1.0,0.0,0.0,0.0,0.0,0.333333,0.0,0.0,0.0,0.333333,0.0,0.333333,0.0,0.0,0.0,0.0,1.0,0.0,0.0,0.0,0.0,0.0,0.0,0.333333
WHM,0,4,0.0,0.0,0.0,0.0,0.0,0.0,1.0,0.0,0.0,0.0,0.333333,0.0,0.0,0.0,0.0,0.333333,0.333333,0.0,0.0,0.0,0.0,0.0,1.0,0.0,0.0,0.0,0.0,0.0,0.0,0.666667
RQTQRFV,0,0,0.142857,0.0,0.0,0.0,0.0,0.0,1.0,0.0,0.0,0.0,0.142857,0.428571,0.0,0.0,0.0,0.285714,0.0,0.428571,0.0,0.0,0.0,0.0,1.0,0.0,0.0,0.0,0.285714,0.0,0.0,0.285714
VCEWVVWMCGMDVFN,0,1,0.333333,0.0,0.0,0.0,0.0,0.0,1.0,0.0,0.0,0.0,0.066667,0.2,0.0,0.0,0.0,0.6,0.133333,0.2,0.0,0.0,0.0,0.0,1.0,0.0,0.0,0.0,0.0,0.0,0.0,0.733333
FCMQCTHDWS,0,2,0.0,0.0,0.0,0.0,0.0,0.0,1.0,0.0,0.0,0.0,0.3,0.5,0.0,0.0,0.0,0.4,0.1,0.4,0.0,0.0,0.0,0.0,1.0,0.0,0.0,0.0,0.1,0.0,0.0,0.5
CVC,0,3,0.333333,0.0,0.0,0.0,0.0,0.0,1.0,0.0,0.0,0.0,0.0,0.666667,0.0,0.0,0.0,1.0,0.0,0.0,0.0,0.0,0.0,0.0,1.0,0.0,0.0,0.0,0.0,0.0,0.0,1.0
CQH,0,4,0.0,0.0,0.0,0.0,0.0,0.0,0.666667,0.0,0.0,0.0,0.333333,0.666667,0.0,0.0,0.0,0.333333,0.0,0.333333,0.0,0.0,0.0,0.0,0.666667,0.0,0.0,0.0,0.333333,0.0,0.0,0.333333
ICE,0,0,0.333333,0.0,0.0,0.0,0.0,0.0,1.0,0.0,0.0,0.0,0.0,0.333333,0.0,0.0,0.0,0.666667,0.0,0.333333,0.0,0.0,0.0,0.0,0.666667,0.0,0.0,0.333333,0.0,0.0,0.0,0.666667
MVYTKRPFM,0,1,0.222222,0.0,0.0,0.0,0.0,0.111111,1.0,0.0,0.0,0.0,0.333333,0.111111,0.0,0.0,0.0,0.444444,0.222222,0.222222,0.125,0.0,0.0,0.0,1.0,0.0,0.0,0.0,0.0,0.0,0.0,0.444444
HCH,0,2,0.0,0.0,0.0,0.0,0.0,0.0,0.666667,0.0,0.0,0.0,0.666667,0.333333,0.0,0.0,0.0,0.333333,0.0,0.0,0.0,0.0,0.0,0.0,0.666667,0.0,0.0,0.0,0.0,0.0,0.0,0.333333
MQT,0,3,0.0,0.0,0.0,0.0,0.0,0.0,1.0,0.0,0.0,0.0,0.333333,0.666667,0.0,0.0,0.0,0.333333,0.333333,0.666667,0.0,0.0,0.0,0.0,1.0,0.0,0.0,0.0,0.333333,0.0,0.0,0.333333
SYDM,0,4,0.0,0.0,0.0,0.0,0.0,0.0,1.0,0.0,0.0,0.0,0.5,0.25,0.0,0.0,0.0,0.25,0.25,0.75,0.0,0.0,0.0,0.0,1.0,0.0,0.0,0.0,0.0,0.0,0.0,0.25
TQN,0,0,0.0,0.0,0.0,0.0,0.0,0.0,1.0,0.0,0.0,0.0,0.333333,1.0,0.0,0.0,0.0,0.0,0.0,1.0,0.0,0.0,0.0,0.0,1.0,0.0,0.0,0.0,0.333333,0.0,0.0,0.0
QCASEMYDA,0,1,0.222222,0.0,0.0,0.0,0.0,0.0,1.0,0.0,0.0,0.0,0.444444,0.333333,0.0,0.0,0.0,0.444444,0.111111,0.555556,0.0,0.0,0.0,0.0,1.0,0.333333,0.0,0.0,0.111111,0.0,0.0,0.222222
REW,0,2,0.0,0.0,0.0,0.0,0.0,0.0,0.666667,0.0,0.0,0.0,0.0,0.0,0.0,0.0,0.0,0.0,0.0,0.333333,0.0,0.0,0.0,0.0,1.0,0.0,0.0,0.0,0.0,0.0,0.0,0.333333
YIMS,0,3,0.25,0.0,0.0,0.0,0.0,0.0,1.0,0.0,0.0,0.0,0.5,0.25,0.0,0.0,0.0,0.5,0.25,0.5,0.0,0.0,0.0,0.0,1.0,0.0,0.0,0.25,0.0,0.0,0.0,0.5
WITHVYCRYLLLCV,0,4,0.428571,0.214286,0.0,0.0,0.0,0.0,1.0,0.0,0.0,0.0,0.285714,0.214286,0.0,0.076923,0.0,0.571429,0.0,0.214286,0.0,0.0,0.0,0.0,1.0,0.125,0.0,0.071429,0.0,0.0,0.0,0.642857
VM,0,0,0.5,0.0,0.0,0.0,0.0,0.0,1.0,0.0,0.0,0.0,0.0,0.0,0.0,0.0,0.0,1.0,0.5,0.0,0.0,0.0,0.0,0.0,1.0,0.0,0.0,0.0,0.0,0.0,0.0,1.0
TEETCACHS,0,1,0.111111,0.0,0.0,0.0,0.0,0.0,1.0,0.0,0.0,0.0,0.555556,0.555556,0.0,0.0,0.0,0.333333,0.0,0.555556,0.0,0.0,0.0,0.0,1.0,0.0,0.0,0.0,0.0,0.0,0.0,0.222222
YMVK,0,2,0.25,0.0,0.0,0.0,0.0,0.0,1.0,0.0,0.0,0.0,0.25,0.0,0.0,0.0,0.0,0.5,0.25,0.25,0.0,0.0,0.0,0.0,0.75,0.0,0.0,0.0,0.0,0.0,0.0,0.5
IIIHFEQRCA,0,3,0.4,0.0,0.0,0.0,0.0,0.0,1.0,0.0,0.0,0.0,0.2,0.2,0.0,0.0,0.0,0.6,0.0,0.2,0.0,0.0,0.0,0.0,1.0,0.0,0.0,0.3,0.1,0.0,0.0,0.5
WQLMTNVTRHCSV,0,4,0.230769,0.076923,0.0,0.0,0.0,0.0,1.0,0.0,0.083333,0.0,0.307692,0.461538,0.0,0.0,0.0,0.384615,0.076923,0.384615,0.0,0.0,0.0,0.0,1.0,0.142857,0.0,0.0,0.076923,0.0,0.0,0.461538
ECKKKNQ,0,0,0.0,0.0,0.0,0.0,0.0,0.0,1.0,0.0,0.0,0.0,0.0,0.428571,0.0,0.0,0.0,0.142857,0.0,0.428571,0.0,0.0,0.0,0.0,1.0,0.0,0.0,0.0,0.142857,0.166667,0.0,0.142857
VWEHKVM,0,1,0.285714,0.0,0.0,0.0,0.0,0.0,1.0,0.0,0.0,0.0,0.142857,0.0,0.0,0.0,0.0,0.428571,0.142857,0.142857,0.0,0.0,0.0,0.0,1.0,0.0,0.0,0.0,0.0,0.0,0.0,0.571429
NML,0,2,0.333333,0.333333,0.0,0.0,0.0,0.0,1.0,0.0,0.0,0.0,0.0,0.333333,0.0,0.0,0.0,0.666667,0.333333,0.333333,0.0,0.0,0.0,0.0,1.0,0.0,0.0,0.0,0.0,0.0,0.0,0.666667
FI,0,3,0.5,0.0,0.0,0.0,0.0,0.0,1.0,0.0,0.0,0.0,0.0,0.0,0.0,0.0,0.0,1.0,0.0,0.0,0.0,0.0,0.0,0.0,1.0,0.0,0.0,0.5,0.0,0.0,0.0,1.0
ECAF,0,4,0.25,0.0,0.0,0.0,0.0,0.0,0.75,0.0,0.0,0.0,0.25,0.25,0.0,0.0,0.0,0.75,0.0,0.25,0.0,0.0,0.0,0.0,1.0,0.0,0.0,0.0,0.0,0.0,0.0,0.5
RDQ,0,0,0.0,0.0,0.0,0.0,0.0,0.0,1.0,0.0,0.0,0.0,0.0,0.333333,0.0,0.0,0.0,0.0,0.0,0.666667,0.0,0.0,0.0,0.0,1.0,0.0,0.0,0.0,0.333333,0.0,0.0,0.0
FIKVMGTCNF,0,1,0.3,0.0,0.0,0.0,0.0,0.0,0.9,0.0,0.0,0.0,0.2,0.3,0.0,0.0,0.0,0.6,0.1,0.2,0.0,0.0,0.0,0.0,1.0,0.0,0.0,0.1,0.0,0.0,0.0,0.6
DMDHLYCGAY,0,2,0.3,0.1,0.0,0.0,0.0,0.0,0.9,0.0,0.0,0.0,0.5,0.1,0.0,0.111111,0.0,0.4,0.1,0.4,0.0,0.0,0.0,0.0,1.0,0.0,0.0,0.0,0.0,0.0,0.0,0.3
KEFCFN,0,3,0.0,0.0,0.0,0.0,0.0,0.0,1.0,0.0,0.0,0.0,0.0,0.333333,0.0,0.0,0.0,0.5,0.0,0.333333,0.0,0.0,0.0,0.0,1.0,0.0,0.0,0.0,0.0,0.0,0.0,0.5
SACWCRWV,0,4,0.25,0.0,0.0,0.0,0.0,0.0,1.0,0.0,0.0,0.0,0.25,0.375,0.0,0.0,0.0,0.5,0.0,0.125,0.0,0.0,0.0,0.0,1.0,0.0,0.0,0.0,0.0,0.0,0.0,0.625
QRHWWYSWDQYEKQ,0,0,0.0,0.0,0.0,0.0,0.0,0.0,1.0,0.0,0.076923,0.0,0.285714,0.285714,0.0,0.0,0.0,0.0,0.0,0.571429,0.0,0.0,0.0,0.0,1.0,0.0,0.0,0.0,0.214286,0.0,0.0,0.214286
WQQ,0,1,0.0,0.0,0.0,0.0,0.0,0.0,1.0,0.0,0.0,0.0,0.0,0.666667,0.0,0.0,0.0,0.0,0.0,0.666667,0.0,0.0,0.0,0.0,1.0,0.0,0.0,0.0,0.666667,0.0,0.0,0.333333
KCGTCRHC,0,2,0.125,0.0,0.0,0.0,0.0,0.0,1.0,0.0,0.142857,0.0,0.375,0.5,0.0,0.0,0.0,0.375,0.0,0.125,0.0,0.0,0.0,0.0,1.0,0.5,0.0,0.0,0.0,0.0,0.0,0.375
MVD,0,3,0.333333,0.0,0.0,0.0,0.0,0.0,1.0,0.0,0.0,0.0,0.0,0.0,0.0,0.0,0.0,0.666667,0.333333,0.333333,0.0,0.0,0.0,0.0,0.666667,0.0,0.0,0.0,0.0,0.0,0.0,0.666667
TWA,0,4,0.333333,0.0,0.0,0.0,0.0,0.0,1.0,0.0,0.0,0.0,0.666667,0.333333,0.0,0.0,0.0,0.333333,0.0,0.333333,0.0,0.0,0.0,0.0,1.0,0.0,0.0,0.0,0.0,0.0,0.0,0.333333
CDE,0,0,0.0,0.0,0.0,0.0,0.0,0.0,1.0,0.0,0.0,0.0,0.0,0.333333,0.0,0.0,0.0,0.333333,0.0,0.666667,0.0,0.0,0.0,0.0,0.333333,0.0,0.0,0.0,0.0,0.0,0.0,0.333333
CRQN,0,1,0.0,0.0,0.0,0.0,0.0,0.0,1.0,0.0,0.0,0.0,0.0,0.75,0.0,0.0,0.0,0.25,0.0,0.5,0.0,0.0,0.0,0.0,1.0,0.0,1.0,0.0,0.25,0.0,0.0,0.25
FNM,0,2,0.0,0.0,0.0,0.0,0.0,0.0,1.0,0.0,0.0,0.0,0.0,0.333333,0.0,0.0,0.0,0.666667,0.333333,0.333333,0.0,0.0,0.0,0.0,1.0,0.0,0.0,0.0,0.0,0.0,0.0,0.666667
WIS,0,3,0.333333,0.0,0.0,0.0,0.0,0.0,1.0,0.0,0.0,0.0,0.333333,0.333333,0.0,0.0,0.0,0.333333,0.0,0.333333,0.0,0.0,0.0,0.0,1.0,0.0,0.0,0.333333,0.0,0.0,0.0,0.666667
QIRNW,0,4,0.2,0.0,0.0,0.0,0.0,0.0,0.8,0.0,0.0,0.0,0.0,0.4,0.0,0.0,0.0,0.2,0.0,0.4,0.0,0.0,0.0,0.0,1.0,0.0,0.0,0.2,0.2,0.0,0.0,0.4
WCTDY,0,0,0.0,0.0,0.0,0.0,0.0,0.0,0.8,0.0,0.0,0.0,0.4,0.4,0.0,0.0,0.0,0.2,0.0,0.6,0.0,0.0,0.0,0.0,1.0,0.0,0.0,0.0,0.0,0.0,0.0,0.4
YCISCNCTMQFI,0,1,0.166667,0.0,0.0,0.0,0.0,0.0,1.0,0.0,0.0,0.0,0.25,0.583333,0.0,0.090909,0.0,0.583333,0.083333,0.416667,0.0,0.0,0.0,0.0,1.0,0.0,0.0,0.166667,0.083333,0.0,0.0,0.583333
MSN,0,2,0.0,0.0,0.0,0.0,0.0,0.0,1.0,0.0,0.0,0.0,0.333333,0.666667,0.0,0.0,0.0,0.333333,0.333333,0.666667,0.0,0.0,0.0,0.0,1.0,0.0,0.0,0.0,0.0,0.0,0.0,0.333333
AMCDDP,0,3,0.333333,0.0,0.0,0.0,0.0,0.166667,1.0,0.0,0.0,0.0,0.333333,0.166667,0.0,0.0,0.0,0.5,0.166667,0.333333,0.0,0.0,0.0,0.0,1.0,0.0,0.0,0.0,0.0,0.0,0.0,0.333333
MLWDIMFAHAFAAF,0,4,0.428571,0.071429,0.076923,0.0,0.0,0.0,0.928571,0.0,0.0,0.0,0.357143,0.0,0.0,0.0,0.0,0.785714,0.142857,0.071429,0.0,0.0,0.0,0.0,1.0,0.0,0.0,0.071429,0.0,0.0,0.0,0.571429
CQD,0,0,0.0,0.0,0.0,0.0,0.0,0.0,1.0,0.0,0.0,0.0,0.0,0.666667,0.0,0.0,0.0,0.333333,0.0,0.666667,0.0,0.0,0.0,0.0,0.666667,0.0,0.0,0.0,0.333333,0.0,0.0,0.333333
YTHMQP,0,1,0.166667,0.0,0.0,0.0,0.0,0.166667,1.0,0.0,0.0,0.0,0.666667,0.333333,0.0,0.0,0.0,0.166667,0.166667,0.5,0.0,0.0,0.0,0.0,1.0,0.0,0.0,0.0,0.166667,0.0,0.0,0.166667
QIEECHMITFCVWIYKP,0,2,0.294118,0.0,0.0,0.0,0.0,0.058824,1.0,0.0,0.0,0.0625,0.235294,0.235294,0.0,0.0,0.0,0.470588,0.058824,0.294118,0.0,0.0,0.0,0.0,1.0,0.272727,0.0,0.176471,0.058824,0.0,0.0,0.529412
AMFQWDIMEHI,0,3,0.272727,0.0,0.0,0.0,0.0,0.0,1.0,0.0,0.0,0.0,0.181818,0.090909,0.0,0.0,0.0,0.545455,0.181818,0.272727,0.0,0.0,0.0,0.0,1.0,0.2,0.0,0.181818,0.090909,0.0,0.0,0.545455
CF,0,4,0.0,0.0,0.0,0.0,0.0,0.0,0.5,0.0,0.0,0.0,0.0,0.5,0.0,0.0,0.0,1.0,0.0,0.0,0.0,0.0,0.0,0.0,1.0,0.0,0.0,0.0,0.0,0.0,0.0,1.0
WQRADANN,0,0,0.25,0.0,0.0,0.0,0.0,0.0,1.0,0.0,0.0,0.0,0.25,0.375,0.0,0.0,0.0,0.25,0.0,0.5,0.0,0.0,0.0,0.0,1.0,0.0,0.0,0.0,0.125,0.0,0.0,0.125
CLN,0,1,0.333333,0.333333,0.0,0.0,0.0,0.0,1.0,0.0,0.0,0.0,0.0,0.666667,0.0,0.0,0.0,0.666667,0.0,0.333333,0.0,0.0,0.0,0.0,1.0,0.0,0.0,0.0,0.0,0.0,0.0,0.666667
FKRS,0,2,0.0,0.0,0.0,0.0,0.333333,0.0,1.0,0.0,0.0,0.0,0.25,0.25,0.0,0.0,0.0,0.25,0.0,0.25,0.0,0.0,0.0,0.0,1.0,0.0,0.0,0.0,0.0,0.0,0.0,0.25
YCCDP,0,3,0.2,0.0,0.0,0.0,0.0,0.2,1.0,0.0,0.0,0.0,0.4,0.4,0.0,0.25,0.0,0.4,0.0,0.4,0.0,0.0,0.0,0.0,1.0,0.0,0.0,0.0,0.0,0.0,0.0,0.4
RKLNCM,0,4,0.166667,0.166667,0.0,0.0,0.0,0.0,1.0,0.0,0.0,0.0,0.0,0.333333,0.0,0.0,0.0,0.5,0.166667,0.166667,0.0,0.0,0.0,0.0,1.0,0.0,0.0,0.0,0.0,0.0,0.0,0.5
DQM,0,0,0.0,0.0,0.0,0.0,0.0,0.0,1.0,0.0,0.0,0.0,0.0,0.333333,0.0,0.0,0.0,0.333333,0.333333,0.666667,0.0,0.0,0.0,0.0,1.0,0.0,0.0,0.0,0.333333,0.0,0.0,0.333333
DMN,0,1,0.0,0.0,0.0,0.0,0.0,0.0,1.0,0.0,0.0,0.0,0.0,0.333333,0.0,0.0,0.0,0.333333,0.333333,0.666667,0.0,0.0,0.0,0.0,1.0,0.0,0.0,0.0,0.0,0.0,0.0,0.333333
ATC,0,2,0.333333,0.0,0.0,0.0,0.0,0.0,1.0,0.0,0.0,0.0,0.666667,0.666667,0.0,0.0,0.0,0.666667,0.0,0.333333,0.0,0.0,0.0,0.0,1.0,0.0,0.0,0.0,0.0,0.0,0.0,0.333333
RQN,0,3,0.0,0.0,0.0,0.0,0.0,0.0,1.0,0.0,0.0,0.0,0.0,0.666667,0.0,0.0,0.0,0.0,0.0,0.666667,0.0,0.0,0.0,0.0,1.0,0.0,0.0,0.0,0.333333,0.0,0.0,0.0
WVV,0,4,0.666667,0.0,0.0,0.0,0.0,0.0,1.0,0.0,0.0,0.0,0.0,0.0,0.0,0.0,0.0,0.666667,0.0,0.0,0.0,0.0,0.0,0.0,1.0,0.0,0.0,0.0,0.0,0.0,0.0,1.0
QVFDGDCKQ,0,0,0.222222,0.0,0.0,0.0,0.0,0.0,1.0,0.0,0.0,0.0,0.111111,0.333333,0.0,0.0,0.0,0.333333,0.0,0.444444,0.0,0.0,0.0,0.0,1.0,0.0,0.0,0.0,0.222222,0.0,0.0,0.333333
MPWS,0,1,0.25,0.0,0.0,0.0,0.0,0.25,1.0,0.0,0.0,0.0,0.5,0.25,0.0,0.0,0.0,0.25,0.25,0.25,0.0,0.0,0.0,0.0,1.0,0.0,0.0,0.0,0.0,0.0,0.0,0.5
TEKCCSQE,0,2,0.0,0.0,0.0,0.0,0.0,0.0,1.0,0.0,0.0,0.0,0.25,0.625,0.0,0.0,0.0,0.25,0.0,0.625,0.0,0.0,0.0,0.0,0.875,0.5,0.0,0.0,0.125,0.0,0.0,0.25
EINDENSWWA,0,3,0.2,0.0,0.0,0.0,0.0,0.0,1.0,0.0,0.0,0.0,0.2,0.3,0.0,0.0,0.0,0.2,0.0,0.6,0.0,0.0,0.0,0.0,1.0,0.0,0.0,0.1,0.0,0.0,0.0,0.3
KRT,0,4,0.0,0.0,0.0,0.0,0.0,0.0,1.0,0.0,0.0,0.0,0.333333,0.333333,0.0,0.0,0.0,0.0,0.0,0.333333,0.0,0.0,0.0,0.0,1.0,0.0,0.0,0.0,0.0,0.0,0.0,0.0
NSC,0,0,0.0,0.0,0.0,0.0,0.0,0.0,1.0,0.0,0.0,0.0,0.333333,1.0,0.0,0.0,0.0,0.333333,0.0,0.666667,0.0,0.0,0.0,0.0,1.0,0.0,0.0,0.0,0.0,0.0,0.0,0.333333
RNFEWWLSQMPY,0,1,0.166667,0.083333,0.0,0.0,0.0,0.083333,0.916667,0.0,0.0,0.0,0.25,0.25,0.0,0.0,0.0,0.25,0.083333,0.416667,0.0,0.0,0.0,0.0,1.0,0.0,0.0,0.0,0.083333,0.0,0.0,0.416667
NCV,0,2,0.333333,0.0,0.0,0.0,0.0,0.0,1.0,0.0,0.0,0.0,0.0,0.666667,0.0,0.0,0.0,0.666667,0.0,0.333333,0.0,0.0,0.0,0.0,1.0,0.0,0.0,0.0,0.0,0.0,0.0,0.666667
IVWMQGW,0,3,0.428571,0.0,0.0,0.0,0.0,0.0,0.857143,0.0,0.0,0.0,0.142857,0.142857,0.0,0.0,0.0,0.428571,0.142857,0.142857,0.0,0.0,0.0,0.0,1.0,0.0,0.0,0.142857,0.142857,0.0,0.0,0.714286
SWHCIWEVRSK,0,4,0.181818,0.0,0.0,0.0,0.1,0.0,1.0,0.0,0.0,0.0,0.272727,0.272727,0.0,0.0,0.0,0.272727,0.0,0.272727,0.0,0.0,0.0,0.0,0.909091,0.0,0.0,0.090909,0.0,0.0,0.0,0.454545
WWWQISDL,0,0,0.25,0.125,0.0,0.0,0.0,0.0,1.0,0.0,0.0,0.0,0.125,0.25,0.0,0.0,0.0,0.25,0.0,0.375,0.0,0.0,0.0,0.0,1.0,0.0,0.0,0.125,0.125,0.0,0.0,0.625
IQC,0,1,0.333333,0.0,0.0,0.0,0.0,0.0,1.0,0.0,0.0,0.0,0.0,0.666667,0.0,0.0,0.0,0.666667,0.0,0.333333,0.0,0.0,0.0,0.0,1.0,0.0,0.0,0.333333,0.333333,0.0,0.0,0.666667
VIHCN,0,2,0.4,0.0,0.0,0.0,0.0,0.0,1.0,0.0,0.0,0.0,0.2,0.4,0.0,0.0,0.0,0.6,0.0,0.2,0.0,0.0,0.0,0.0,1.0,0.0,0.0,0.2,0.0,0.0,0.0,0.6
RMS,0,3,0.0,0.0,0.0,0.0,0.0,0.0,1.0,0.0,0.0,0.0,0.333333,0.333333,0.0,0.0,0.0,0.333333,0.333333,0.333333,0.0,0.0,0.0,0.0,1.0,0.0,0.0,0.0,0.0,0.0,0.0,0.333333
QKQV,0,4,0.25,0.0,0.0,0.0,0.0,0.0,1.0,0.0,0.0,0.0,0.0,0.5,0.0,0.0,0.0,0.25,0.0,0.5,0.0,0.0,0.0,0.0,1.0,0.0,0.0,0.0,0.5,0.0,0.0,0.25
WKIHI,0,0,0.4,0.0,0.0,0.0,0.0,0.0,1.0,0.0,0.0,0.0,0.2,0.0,0.0,0.0,0.0,0.4,0.0,0.0,0.0,0.0,0.0,0.0,1.0,0.0,0.0,0.4,0.0,0.0,0.0,0.6
NQW,0,1,0.0,0.0,0.0,0.0,0.0,0.0,0.666667,0.0,0.0,0.0,0.0,0.666667,0.0,0.0,0.0,0.0,0.0,0.666667,0.0,0.0,0.0,0.0,1.0,0.0,0.0,0.0,0.333333,0.0,0.0,0.333333
MKAYYK,0,2,0.166667,0.0,0.0,0.0,0.0,0.0,1.0,0.0,0.0,0.0,0.5,0.0,0.0,0.0,0.0,0.333333,0.166667,0.333333,0.0,0.0,0.0,0.0,0.833333,0.0,0.0,0.0,0.0,0.0,0.0,0.166667
NFPTGMDTMQEKNA,0,3,0.214286,0.0,0.0,0.0,0.0,0.071429,1.0,0.0,0.0,0.0,0.357143,0.357143,0.0,0.0,0.0,0.285714,0.142857,0.5,0.0,0.0,0.0,0.0,1.0,0.0,0.0,0.0,0.071429,0.076923,0.0,0.214286
SNKC,0,4,0.0,0.0,0.0,0.0,0.0,0.0,1.0,0.0,0.0,0.0,0.25,0.75,0.0,0.0,0.0,0.25,0.0,0.5,0.0,0.0,0.0,0.0,1.0,0.0,0.0,0.0,0.0,0.0,0.0,0.25
DEYHDPHDKEGWRFCMPV,0,0,0.222222,0.0,0.0,0.0,0.0,0.111111,1.0,0.058824,0.0,0.0,0.333333,0.055556,0.0,0.0,0.0,0.222222,0.055556,0.333333,0.0,0.0625,0.0,0.0,1.0,0.0,0.0,0.0,0.0,0.0,0.0,0.277778
AMTRNYPW,0,1,0.25,0.0,0.0,0.0,0.0,0.125,0.875,0.0,0.0,0.0,0.5,0.25,0.0,0.0,0.0,0.25,0.125,0.375,0.0,0.0,0.0,0.0,1.0,0.0,0.0,0.0,0.0,0.0,0.0,0.25
SWNRW,0,2,0.0,0.0,0.0,0.0,0.0,0.0,0.8,0.0,0.0,0.0,0.2,0.4,0.0,0.0,0.0,0.0,0.0,0.4,0.0,0.0,0.0,0.0,1.0,0.0,0.0,0.0,0.0,0.0,0.0,0.4
WCEV,0,3,0.25,0.0,0.0,0.0,0.0,0.0,1.0,0.0,0.0,0.0,0.0,0.25,0.0,0.0,0.0,0.5,0.0,0.25,0.0,0.0,0.0,0.0,1.0,0.0,0.0,0.0,0.0,0.0,0.0,0.75
KC,0,4,0.0,0.0,0.0,0.0,0.0,0.0,1.0,0.0,0.0,0.0,0.0,0.5,0.0,0.0,0.0,0.5,0.0,0.0,0.0,0.0,0.0,0.0,1.0,0.0,0.0,0.0,0.0,0.0,0.0,0.5
RSWKEMYCHHHL,0,0,0.083333,0.083333,0.0,0.0,0.090909,0.0,1.0,0.0,0.0,0.0,0.416667,0.166667,0.0,0.090909,0.0,0.25,0.083333,0.25,0.0,0.0,0.0,0.0,1.0,0.0,0.0,0.0,0.0,0.0,0.0,0.333333
CHRWGIQR,0,1,0.25,0.0,0.0,0.0,0.0,0.0,1.0,0.0,0.0,0.0,0.25,0.25,0.0,0.0,0.0,0.25,0.0,0.125,0.0,0.0,0.0,0.0,0.875,0.0,0.0,0.125,0.125,0.0,0.0,0.375
MRW,0,2,0.0,0.0,0.0,0.0,0.0,0.0,0.666667,0.0,0.0,0.0,0.0,0.0,0.0,0.0,0.0,0.333333,0.333333,0.0,0.0,0.0,0.0,0.0,1.0,0.0,0.0,0.0,0.0,0.0,0.0,0.666667
RDC,0,3,0.0,0.0,0.0,0.0,0.0,0.0,1.0,0.0,0.0,0.0,0.0,0.333333,0.0,0.0,0.0,0.333333,0.0,0.333333,0.0,0.0,0.0,0.0,1.0,0.0,0.0,0.0,0.0,0.0,0.0,0.333333
NIWKCTMDL,0,4,0.222222,0.111111,0.0,0.0,0.0,0.0,1.0,0.0,0.0,0.0,0.111111,0.333333,0.0,0.0,0.0,0.444444,0.111111,0.333333,0.0,0.0,0.0,0.0,1.0,0.0,0.0,0.111111,0.0,0.0,0.0,0.555556
TNKEKH,0,0,0.0,0.0,0.0,0.0,0.0,0.0,0.833333,0.0,0.0,0.0,0.333333,0.333333,0.0,0.0,0.0,0.0,0.0,0.5,0.0,0.0,0.0,0.0,0.333333,0.0,0.0,0.0,0.0,0.0,0.0,0.0
KSD,0,1,0.0,0.0,0.0,0.0,0.0,0.0,1.0,0.0,0.0,0.0,0.333333,0.333333,0.0,0.0,0.0,0.0,0.0,0.666667,0.0,0.0,0.0,0.0,0.666667,0.0,0.0,0.0,0.0,0.0,0.0,0.0
ESNRMCWSRE,0,2,0.0,0.0,0.0,0.0,0.0,0.0,1.0,0.0,0.0,0.0,0.2,0.4,0.0,0.0,0.0,0.2,0.1,0.5,0.0,0.0,0.0,0.0,0.8,0.25,0.0,0.0,0.0,0.0,0.0,0.3
FYHNMGPCIRHMS,0,3,0.230769,0.0,0.0,0.0,0.0,0.076923,1.0,0.0,0.083333,0.0,0.461538,0.230769,0.0,0.0,0.0,0.384615,0.153846,0.230769,0.0,0.0,0.0,0.0,1.0,0.0,0.0,0.076923,0.0,0.0,0.0,0.384615
WRRQN,0,4,0.0,0.0,0.0,0.0,0.0,0.0,1.0,0.0,0.0,0.0,0.0,0.4,0.0,0.0,0.0,0.0,0.0,0.4,0.0,0.0,0.0,0.0,1.0,0.0,0.0,0.0,0.2,0.0,0.0,0.2
MF,0,0,0.0,0.0,0.0,0.0,0.0,0.0,0.5,0.0,0.0,0.0,0.0,0.0,0.0,0.0,0.0,1.0,0.5,0.0,0.0,0.0,0.0,0.0,1.0,0.0,0.0,0.0,0.0,0.0,0.0,1.0
CW,0,1,0.0,0.0,0.0,0.0,0.0,0.0,0.5,0.0,0.0,0.0,0.0,0.5,0.0,0.0,0.0,0.5,0.0,0.0,0.0,0.0,0.0,0.0,1.0,0.0,0.0,0.0,0.0,0.0,0.0,1.0
YLERMW,0,2,0.166667,0.166667,0.0,0.0,0.0,0.0,0.833333,0.0,0.0,0.0,0.166667,0.0,0.0,0.0,0.0,0.333333,0.166667,0.333333,0.0,0.0,0.0,0.0,1.0,0.0,0.0,0.0,0.0,0.0,0.0,0.5
MQYRSKVRHYM,0,3,0.090909,0.0,0.0,0.0,0.1,0.0,1.0,0.0,0.1,0.0,0.363636,0.181818,0.0,0.0,0.0,0.272727,0.181818,0.363636,0.0,0.0,0.0,0.0,1.0,0.0,0.0,0.0,0.090909,0.0,0.0,0.272727
MSQ,0,4,0.0,0.0,0.0,0.0,0.0,0.0,1.0,0.0,0.0,0.0,0.333333,0.666667,0.0,0.0,0.0,0.333333,0.333333,0.666667,0.0,0.0,0.0,0.0,1.0,0.0,0.0,0.0,0.333333,0.0,0.0,0.333333
SCNMFTDEHQ,0,0,0.0,0.0,0.0,0.0,0.0,0.0,1.0,0.0,0.0,0.0,0.3,0.5,0.0,0.0,0.0,0.3,0.1,0.6,0.0,0.0,0.0,0.0,1.0,0.0,0.0,0.0,0.1,0.0,0.0,0.3
VNVKTHRQA,0,1,0.333333,0.0,0.0,0.0,0.0,0.0,1.0,0.0,0.0,0.0,0.333333,0.333333,0.0,0.0,0.0,0.333333,0.0,0.333333,0.0,0.0,0.0,0.0,1.0,0.0,0.0,0.0,0.111111,0.0,0.0,0.222222
KAMEGKMAMK,0,2,0.3,0.0,0.0,0.0,0.0,0.0,1.0,0.0,0.0,0.0,0.3,0.0,0.0,0.0,0.111111,0.5,0.3,0.1,0.0,0.0,0.0,0.0,0.9,0.5,0.0,0.0,0.0,0.0,0.0,0.3
RTRNWMMDP,0,3,0.111111,0.0,0.0,0.0,0.0,0.111111,1.0,0.0,0.0,0.0,0.222222,0.222222,0.0,0.0,0.0,0.222222,0.222222,0.333333,0.0,0.0,0.0,0.0,1.0,0.0,0.0,0.0,0.0,0.0,0.0,0.333333
FQMQCTSQGP,0,4,0.2,0.0,0.0,0.0,0.0,0.1,1.0,0.0,0.0,0.0,0.4,0.6,0.0,0.0,0.0,0.3,0.1,0.5,0.0,0.0,0.0,0.0,1.0,0.25,0.0,0.0,0.3,0.0,0.0,0.3
NINQ,0,0,0.25,0.0,0.0,0.0,0.0,0.0,1.0,0.0,0.0,0.0,0.0,0.75,0.0,0.0,0.0,0.25,0.0,0.75,0.0,0.0,0.0,0.0,1.0,0.0,0.0,0.25,0.25,0.0,0.0,0.25
IEHYVHQEVC,0,1,0.3,0.0,0.0,0.0,0.0,0.0,1.0,0.0,0.0,0.0,0.3,0.2,0.0,0.0,0.0,0.4,0.0,0.4,0.0,0.0,0.0,0.0,1.0,0.25,0.0,0.1,0.1,0.0,0.0,0.4
RMQMIA,0,2,0.333333,0.0,0.0,0.0,0.0,0.0,1.0,0.0,0.0,0.2,0.166667,0.166667,0.0,0.0,0.0,0.666667,0.333333,0.166667,0.0,0.0,0.0,0.0,1.0,0.0,0.0,0.166667,0.166667,0.0,0.0,0.5
NFR,0,3,0.0,0.0,0.0,0.0,0.0,0.0,1.0,0.0,0.0,0.0,0.0,0.333333,0.0,0.0,0.0,0.333333,0.0,0.333333,0.0,0.0,0.0,0.0,0.666667,0.0,0.0,0.0,0.0,0.0,0.0,0.333333
FMW,0,4,0.0,0.0,0.0,0.0,0.0,0.0,0.666667,0.0,0.0,0.0,0.0,0.0,0.0,0.0,0.0,0.666667,0.333333,0.0,0.0,0.0,0.0,0.0,1.0,0.0,0.0,0.0,0.0,0.0,0.0,1.0
TWQ,0,0,0.0,0.0,0.0,0.0,0.0,0.0,1.0,0.0,0.0,0.0,0.333333,0.666667,0.0,0.0,0.0,0.0,0.0,0.666667,0.0,0.0,0.0,0.0,1.0,0.0,0.0,0.0,0.333333,0.0,0.0,0.333333
CDDRQ,0,1,0.0,0.0,0.0,0.0,0.0,0.0,1.0,0.0,0.0,0.0,0.0,0.4,0.0,0.0,0.0,0.2,0.0,0.6,0.0,0.0,0.0,0.0,1.0,0.0,0.0,0.0,0.2,0.0,0.0,0.2
TAFCEDAW,0,2,0.25,0.0,0.0,0.0,0.0,0.0,0.875,0.0,0.0,0.0,0.375,0.25,0.0,0.0,0.0,0.5,0.0,0.375,0.0,0.0,0.0,0.0,1.0,0.0,0.0,0.0,0.0,0.0,0.0,0.375
DWR,0,3,0.0,0.0,0.0,0.0,0.0,0.0,1.0,0.0,0.0,0.0,0.0,0.0,0.0,0.0,0.0,0.0,0.0,0.333333,0.0,0.0,0.0,0.0,0.666667,0.0,0.0,0.0,0.0,0.0,0.0,0.333333
IQEM,0,4,0.25,0.0,0.0,0.0,0.0,0.0,1.0,0.0,0.0,0.0,0.0,0.25,0.0,0.0,0.0,0.5,0.25,0.5,0.0,0.0,0.0,0.0,1.0,0.0,0.0,0.25,0.25,0.0,0.0,0.5
HTV,0,0,0.333333,0.0,0.0,0.0,0.0,0.0,1.0,0.0,0.0,0.0,0.666667,0.333333,0.0,0.0,0.0,0.333333,0.0,0.333333,0.0,0.0,0.0,0.0,1.0,0.0,0.0,0.0,0.0,0.0,0.0,0.333333
TAC,0,1,0.333333,0.0,0.0,0.0,0.0,0.0,1.0,0.0,0.0,0.0,0.666667,0.666667,0.0,0.0,0.0,0.666667,0.0,0.333333,0.0,0.0,0.0,0.0,1.0,0.0,0.0,0.0,0.0,0.0,0.0,0.333333
VQNMYGW,0,2,0.285714,0.0,0.0,0.0,0.0,0.0,0.857143,0.0,0.0,0.0,0.285714,0.285714,0.0,0.0,0.0,0.285714,0.142857,0.428571,0.0,0.0,0.0,0.0,1.0,0.0,0.0,0.0,0.142857,0.0,0.0,0.428571
KMISL,0,3,0.4,0.2,0.0,0.0,0.0,0.0,1.0,0.0,0.0,0.25,0.2,0.2,0.0,0.0,0.25,0.6,0.2,0.2,0.0,0.0,0.0,0.0,1.0,0.0,0.0,0.2,0.0,0.0,0.0,0.6
WIT,0,4,0.333333,0.0,0.0,0.0,0.0,0.0,1.0,0.0,0.0,0.0,0.333333,0.333333,0.0,0.0,0.0,0.333333,0.0,0.333333,0.0,0.0,0.0,0.0,1.0,0.0,0.0,0.333333,0.0,0.0,0.0,0.666667
CTQR,0,0,0.0,0.0,0.0,0.0,0.0,0.0,1.0,0.0,0.0,0.0,0.25,0.75,0.0,0.0,0.0,0.25,0.0,0.5,0.0,0.0,0.0,0.0,0.75,0.0,0.0,0.0,0.25,0.0,0.0,0.25
NSH,0,1,0.0,0.0,0.0,0.0,0.0,0.0,0.666667,0.0,0.0,0.0,0.666667,0.666667,0.0,0.0,0.0,0.0,0.0,0.666667,0.0,0.0,0.0,0.0,0.666667,0.0,0.0,0.0,0.0,0.0,0.0,0.0
MICPNGH,0,2,0.428571,0.0,0.0,0.0,0.0,0.142857,0.857143,0.0,0.0,0.166667,0.428571,0.285714,0.0,0.0,0.0,0.428571,0.142857,0.142857,0.0,0.0,0.0,0.0,0.857143,0.0,0.0,0.142857,0.0,0.0,0.0,0.428571
CRQMV,0,3,0.2,0.0,0.0,0.0,0.0,0.0,1.0,0.0,0.0,0.0,0.0,0.4,0.0,0.0,0.0,0.6,0.2,0.2,0.0,0.0,0.0,0.0,1.0,0.0,0.0,0.0,0.2,0.0,0.0,0.6
FCH,0,4,0.0,0.0,0.0,0.0,0.0,0.0,0.666667,0.0,0.0,0.0,0.333333,0.333333,0.0,0.0,0.0,0.666667,0.0,0.0,0.0,0.0,0.0,0.0,0.666667,0.0,0.0,0.0,0.0,0.0,0.0,0.666667
HKC,0,0,0.0,0.0,0.0,0.0,0.0,0.0,1.0,0.0,0.0,0.0,0.333333,0.333333,0.0,0.0,0.0,0.333333,0.0,0.0,0.0,0.0,0.0,1.0,1.0,0.0,0.0,0.0,0.0,0.0,0.0,0.333333
TDWYCHQG,0,1,0.125,0.0,0.0,0.0,0.0,0.0,1.0,0.0,0.0,0.0,0.5,0.375,0.0,0.142857,0.0,0.125,0.0,0.5,0.0,0.0,0.0,0.0,1.0,0.0,0.0,0.0,0.125,0.0,0.0,0.25
TM,0,2,0.0,0.0,0.0,0.0,0.0,0.0,1.0,0.0,0.0,0.0,0.5,0.5,0.0,0.0,0.0,0.5,0.5,0.5,0.0,0.0,0.0,0.0,1.0,0.0,0.0,0.0,0.0,0.0,0.0,0.5
RRS,0,3,0.0,0.0,0.0,0.0,0.5,0.0,1.0,0.0,0.0,0.0,0.333333,0.333333,0.0,0.0,0.0,0.0,0.0,0.333333,0.0,0.0,0.0,0.0,1.0,0.0,0.0,0.0,0.0,0.0,0.0,0.0
WIKAN,0,4,0.4,0.0,0.0,0.0,0.0,0.0,1.0,0.0,0.0,0.0,0.2,0.2,0.0,0.0,0.0,0.4,0.0,0.2,0.0,0.0,0.0,0.0,1.0,0.0,0.0,0.2,0.0,0.0,0.0,0.4
CEA,0,0,0.333333,0.0,0.0,0.0,0.0,0.0,1.0,0.0,0.0,0.0,0.333333,0.333333,0.0,0.0,0.0,0.666667,0.0,0.333333,0.0,0.0,0.0,0.0,1.0,0.0,0.0,0.0,0.0,0.0,0.0,0.333333
ICFKP,0,1,0.4,0.0,0.0,0.0,0.0,0.2,1.0,0.0,0.0,0.0,0.2,0.2,0.0,0.0,0.0,0.6,0.0,0.0,0.0,0.0,0.0,0.0,1.0,0.0,0.0,0.2,0.0,0.0,0.0,0.6
MTCRL,0,2,0.2,0.2,0.0,0.0,0.0,0.0,1.0,0.0,0.0,0.0,0.2,0.4,0.0,0.0,0.0,0.6,0.2,0.2,0.0,0.0,0.0,0.0,1.0,0.0,0.0,0.0,0.0,0.0,0.0,0.6
TMH,0,3,0.0,0.0,0.0,0.0,0.0,0.0,0.666667,0.0,0.0,0.0,0.666667,0.333333,0.0,0.0,0.0,0.333333,0.333333,0.333333,0.0,0.0,0.0,0.0,0.666667,0.0,0.0,0.0,0.0,0.0,0.0,0.333333
RTH,0,4,0.0,0.0,0.0,0.0,0.0,0.0,0.666667,0.0,0.0,0.0,0.666667,0.333333,0.0,0.0,0.0,0.0,0.0,0.333333,0.0,0.0,0.0,0.0,0.666667,0.0,0.0,0.0,0.0,0.0,0.0,0.0
CFTVP,0,0,0.4,0.0,0.0,0.0,0.0,0.2,1.0,0.0,0.0,0.0,0.4,0.4,0.0,0.0,0.0,0.6,0.0,0.2,0.0,0.0,0.0,0.0,1.0,0.0,0.0,0.0,0.0,0.0,0.0,0.6
MMSC,0,1,0.0,0.0,0.0,0.0,0.0,0.0,1.0,0.0,0.0,0.0,0.25,0.5,0.0,0.0,0.0,0.75,0.5,0.25,0.0,0.0,0.0,0.0,1.0,0.0,0.0,0.0,0.0,0.0,0.0,0.75
NDVCIN,0,2,0.333333,0.0,0.0,0.0,0.0,0.0,1.0,0.0,0.0,0.0,0.0,0.5,0.0,0.0,0.0,0.5,0.0,0.5,0.0,0.0,0.0,0.0,1.0,0.0,0.0,0.166667,0.0,0.0,0.0,0.5
VISCQFVK,0,3,0.375,0.0,0.0,0.0,0.0,0.0,1.0,0.0,0.0,0.0,0.125,0.375,0.0,0.0,0.0,0.625,0.0,0.25,0.0,0.0,0.0,0.0,0.875,0.5,0.0,0.125,0.125,0.0,0.0,0.625
QTFQ,0,4,0.0,0.0,0.0,0.0,0.0,0.0,1.0,0.0,0.0,0.0,0.25,0.75,0.0,0.0,0.0,0.25,0.0,0.75,0.0,0.0,0.0,0.0,1.0,0.0,0.0,0.0,0.5,0.0,0.0,0.25
CKA,0,0,0.333333,0.0,0.0,0.0,0.0,0.0,1.0,0.0,0.0,0.0,0.333333,0.333333,0.0,0.0,0.0,0.666667,0.0,0.0,0.0,0.0,0.0,0.0,1.0,0.0,0.0,0.0,0.0,0.0,0.0,0.333333
WM,0,1,0.0,0.0,0.0,0.0,0.0,0.0,1.0,0.0,0.0,0.0,0.0,0.0,0.0,0.0,0.0,0.5,0.5,0.0,0.0,0.0,0.0,0.0,1.0,0.0,0.0,0.0,0.0,0.0,0.0,1.0
ICADSF,0,2,0.333333,0.0,0.0,0.0,0.0,0.0,0.833333,0.0,0.0,0.0,0.333333,0.333333,0.0,0.0,0.0,0.666667,0.0,0.333333,0.0,0.0,0.0,0.0,1.0,0.0,0.0,0.166667,0.0,0.0,0.0,0.5
DWV,0,3,0.333333,0.0,0.0,0.0,0.0,0.0,1.0,0.0,0.0,0.0,0.0,0.0,0.0,0.0,0.0,0.333333,0.0,0.333333,0.0,0.0,0.0,0.0,1.0,0.0,0.0,0.0,0.0,0.0,0.0,0.666667
IMK,0,4,0.333333,0.0,0.0,0.0,0.0,0.0,1.0,0.0,0.0,0.0,0.0,0.0,0.0,0.0,0.0,0.666667,0.333333,0.0,0.0,0.0,0.0,0.0,0.666667,0.0,0.0,0.333333,0.0,0.0,0.0,0.666667
ECVPMW,0,0,0.333333,0.0,0.0,0.0,0.0,0.166667,0.833333,0.0,0.0,0.0,0.166667,0.166667,0.0,0.0,0.0,0.5,0.166667,0.166667,0.0,0.0,0.0,0.0,1.0,0.0,0.0,0.0,0.0,0.0,0.0,0.666667
WRIEHE,0,1,0.166667,0.0,0.0,0.0,0.0,0.0,1.0,0.0,0.0,0.0,0.166667,0.0,0.0,0.0,0.0,0.166667,0.0,0.333333,0.0,0.0,0.0,0.0,0.5,0.0,0.0,0.166667,0.0,0.0,0.0,0.333333
FWN,0,2,0.0,0.0,0.0,0.0,0.0,0.0,1.0,0.0,0.0,0.0,0.0,0.333333,0.0,0.0,0.0,0.333333,0.0,0.333333,0.0,0.0,0.0,0.0,1.0,0.0,0.0,0.0,0.0,0.0,0.0,0.666667
CVCTECAMFRWSFCFR,0,3,0.125,0.0,0.0,0.0,0.0,0.0,1.0,0.0,0.0,0.0,0.1875,0.375,0.0,0.0,0.0,0.625,0.0625,0.1875,0.0,0.0,0.0,0.0,0.9375,0.2,0.0,0.0,0.0,0.0,0.0,0.625
HWDSSNPMPKRIFNG,0,4,0.266667,0.0,0.0,0.0,0.0,0.133333,1.0,0.0,0.0,0.0,0.4,0.266667,0.0,0.0,0.0,0.2,0.066667,0.333333,0.0,0.0,0.0,0.0,1.0,0.0,0.0,0.066667,0.0,0.0,0.0,0.266667
ARMVVC,0,0,0.5,0.0,0.0,0.0,0.0,0.0,1.0,0.0,0.0,0.0,0.166667,0.166667,0.0,0.0,0.0,0.833333,0.166667,0.0,0.0,0.0,0.0,0.0,1.0,0.0,0.0,0.0,0.0,0.0,0.0,0.666667
NDWIMCMCAAQY,0,1,0.25,0.0,0.0,0.0,0.0,0.0,0.916667,0.0,0.0,0.0,0.25,0.333333,0.0,0.0,0.0,0.583333,0.166667,0.333333,0.0,0.0,0.0,0.0,1.0,0.0,0.0,0.083333,0.083333,0.0,0.0,0.5
TKG,0,2,0.333333,0.0,0.0,0.0,0.0,0.0,1.0,0.0,0.0,0.0,0.666667,0.333333,0.0,0.0,0.0,0.0,0.0,0.333333,0.0,0.0,0.0,0.0,1.0,0.0,0.0,0.0,0.0,0.0,0.0,0.0
WRSI,0,3,0.25,0.0,0.0,0.0,0.333333,0.0,1.0,0.0,0.0,0.0,0.25,0.25,0.0,0.0,0.0,0.25,0.0,0.25,0.0,0.0,0.0,0.0,1.0,0.0,0.0,0.25,0.0,0.0,0.0,0.5
ERNID,0,4,0.2,0.0,0.0,0.0,0.0,0.0,1.0,0.0,0.0,0.0,0.0,0.2,0.0,0.0,0.0,0.2,0.0,0.6,0.0,0.0,0.0,0.0,0.8,0.0,0.0,0.2,0.0,0.0,0.0,0.2
KTDFGQEDTHKW,0,0,0.083333,0.0,0.0,0.0,0.0,0.0,0.916667,0.0,0.0,0.0,0.333333,0.25,0.0,0.0,0.0,0.083333,0.0,0.5,0.0,0.0,0.0,0.0,1.0,0.0,0.0,0.0,0.083333,0.0,0.0,0.166667
KLRMHWRQVP,0,1,0.3,0.1,0.0,0.0,0.0,0.1,1.0,0.0,0.0,0.0,0.2,0.1,0.0,0.0,0.0,0.3,0.1,0.1,0.0,0.0,0.0,0.0,1.0,0.0,0.0,0.0,0.1,0.0,0.0,0.4
MGD,0,2,0.333333,0.0,0.0,0.0,0.0,0.0,1.0,0.0,0.0,0.0,0.333333,0.0,0.0,0.0,0.0,0.333333,0.333333,0.333333,0.0,0.0,0.0,0.0,0.666667,0.0,0.0,0.0,0.0,0.0,0.0,0.333333
EIMNR,0,3,0.2,0.0,0.0,0.0,0.0,0.0,1.0,0.0,0.0,0.0,0.0,0.2,0.0,0.0,0.0,0.4,0.2,0.4,0.0,0.0,0.0,0.0,0.8,0.0,0.0,0.2,0.0,0.0,0.0,0.4
HVQQ,0,4,0.25,0.0,0.0,0.0,0.0,0.0,1.0,0.0,0.0,0.0,0.25,0.5,0.0,0.0,0.0,0.25,0.0,0.5,0.0,0.0,0.0,0.0,1.0,0.0,0.0,0.0,0.5,0.0,0.0,0.25
KCS,0,0,0.0,0.0,0.0,0.0,0.0,0.0,1.0,0.0,0.0,0.0,0.333333,0.666667,0.0,0.0,0.0,0.333333,0.0,0.333333,0.0,0.0,0.0,0.0,1.0,0.0,0.0,0.0,0.0,0.0,0.0,0.333333
MKPPQTSNCMLETLW,0,1,0.266667,0.133333,0.071429,0.0,0.0,0.133333,0.933333,0.0,0.0,0.0,0.333333,0.4,0.0,0.0,0.0,0.333333,0.133333,0.4,0.0,0.0,0.0,0.0,1.0,0.0,0.0,0.0,0.066667,0.0,0.0,0.4
WHV,0,2,0.333333,0.0,0.0,0.0,0.0,0.0,1.0,0.0,0.0,0.0,0.333333,0.0,0.0,0.0,0.0,0.333333,0.0,0.0,0.0,0.0,0.0,0.0,1.0,0.0,0.0,0.0,0.0,0.0,0.0,0.666667
REYSRYLFHWFVRKQI,0,3,0.1875,0.0625,0.0,0.0,0.0,0.0,1.0,0.0,0.0,0.0,0.25,0.125,0.0,0.0,0.0,0.3125,0.0,0.3125,0.0,0.0,0.0,0.0,1.0,0.0,0.0,0.0625,0.0625,0.0,0.0,0.375
FKMFKYQRRVQ,0,4,0.090909,0.0,0.0,0.0,0.0,0.0,1.0,0.0,0.0,0.0,0.090909,0.181818,0.0,0.0,0.1,0.363636,0.090909,0.272727,0.0,0.0,0.0,0.0,1.0,0.0,0.0,0.0,0.181818,0.0,0.0,0.363636
MTYREVKLHIPMI,0,0,0.384615,0.076923,0.0,0.083333,0.0,0.076923,1.0,0.0,0.0,0.083333,0.307692,0.076923,0.0,0.0,0.0,0.461538,0.153846,0.230769,0.0,0.0,0.0,0.0,1.0,0.0,0.0,0.153846,0.0,0.0,0.0,0.461538
RCA,0,1,0.333333,0.0,0.0,0.0,0.0,0.0,1.0,0.0,0.0,0.0,0.333333,0.333333,0.0,0.0,0.0,0.666667,0.0,0.0,0.0,0.0,0.0,0.0,1.0,0.0,0.0,0.0,0.0,0.0,0.0,0.333333
NI,0,2,0.5,0.0,0.0,0.0,0.0,0.0,1.0,0.0,0.0,0.0,0.0,0.5,0.0,0.0,0.0,0.5,0.0,0.5,0.0,0.0,0.0,0.0,1.0,0.0,0.0,0.5,0.0,0.0,0.0,0.5
HRRIHC,0,3,0.166667,0.0,0.0,0.0,0.0,0.0,1.0,0.0,0.0,0.0,0.333333,0.166667,0.0,0.0,0.0,0.333333,0.0,0.0,0.0,0.0,0.0,0.0,1.0,0.0,0.0,0.166667,0.0,0.0,0.0,0.333333
SCRDKVEFQW,0,4,0.1,0.0,0.0,0.0,0.0,0.0,0.9,0.0,0.0,0.0,0.1,0.3,0.0,0.0,0.0,0.3,0.0,0.4,0.0,0.0,0.0,0.0,1.0,0.0,0.0,0.0,0.1,0.0,0.0,0.4
CTVAGH,0,0,0.5,0.0,0.0,0.0,0.0,0.0,0.833333,0.0,0.0,0.0,0.666667,0.333333,0.0,0.0,0.0,0.5,0.0,0.166667,0.0,0.0,0.0,0.0,0.833333,0.0,0.0,0.0,0.0,0.0,0.0,0.333333
YLIIGCKDDSSFWACTFW,0,1,0.277778,0.055556,0.0,0.0,0.0,0.0,0.888889,0.0,0.0,0.0,0.333333,0.277778,0.0,0.0,0.0,0.444444,0.0,0.333333,0.0,0.0,0.0,0.0,1.0,0.0,0.0,0.111111,0.0,0.0,0.0,0.5
EVREHIDNT,0,2,0.222222,0.0,0.0,0.0,0.0,0.0,1.0,0.0,0.0,0.0,0.222222,0.222222,0.0,0.0,0.0,0.222222,0.0,0.555556,0.0,0.0,0.0,0.0,1.0,0.0,0.0,0.111111,0.0,0.0,0.0,0.222222
WWTRC,0,3,0.0,0.0,0.0,0.0,0.0,0.0,1.0,0.0,0.0,0.0,0.2,0.4,0.0,0.0,0.0,0.2,0.0,0.2,0.0,0.0,0.0,0.0,1.0,0.0,0.0,0.0,0.0,0.0,0.0,0.6
IRM,0,4,0.333333,0.0,0.0,0.0,0.0,0.0,1.0,0.0,0.0,0.0,0.0,0.0,0.0,0.0,0.0,0.666667,0.333333,0.0,0.0,0.0,0.0,0.0,1.0,0.0,0.0,0.333333,0.0,0.0,0.0,0.666667
MINHDIR,0,0,0.285714,0.0,0.0,0.0,0.0,0.0,1.0,0.0,0.0,0.166667,0.142857,0.142857,0.0,0.0,0.0,0.428571,0.142857,0.285714,0.0,0.0,0.0,0.0,0.857143,0.0,0.0,0.285714,0.0,0.0,0.0,0.428571
CWCNPQ,0,1,0.166667,0.0,0.0,0.0,0.0,0.166667,1.0,0.0,0.0,0.0,0.166667,0.666667,0.0,0.0,0.0,0.333333,0.0,0.333333,0.0,0.0,0.0,0.0,1.0,0.0,0.333333,0.0,0.166667,0.0,0.0,0.5
ICWFVNETDCT,0,2,0.181818,0.0,0.0,0.0,0.0,0.0,1.0,0.0,0.0,0.0,0.181818,0.454545,0.0,0.0,0.0,0.454545,0.0,0.454545,0.0,0.0,0.0,0.0,1.0,0.0,0.0,0.090909,0.0,0.0,0.0,0.545455
MLF,0,3,0.333333,0.333333,0.0,0.0,0.0,0.0,0.666667,0.0,0.0,0.0,0.0,0.0,0.0,0.0,0.0,1.0,0.333333,0.0,0.0,0.0,0.0,0.0,1.0,0.0,0.0,0.0,0.0,0.0,0.0,1.0
SW,0,4,0.0,0.0,0.0,0.0,0.0,0.0,0.5,0.0,0.0,0.0,0.5,0.5,0.0,0.0,0.0,0.0,0.0,0.5,0.0,0.0,0.0,0.0,1.0,0.0,0.0,0.0,0.0,0.0,0.0,0.5
YCQV,0,0,0.25,0.0,0.0,0.0,0.0,0.0,1.0,0.0,0.0,0.0,0.25,0.5,0.0,0.333333,0.0,0.5,0.0,0.5,0.0,0.0,0.0,0.0,1.0,0.0,0.0,0.0,0.25,0.0,0.0,0.5
RNSF,0,1,0.0,0.0,0.0,0.0,0.0,0.0,0.75,0.0,0.0,0.0,0.25,0.5,0.0,0.0,0.0,0.25,0.0,0.5,0.0,0.0,0.0,0.0,1.0,0.0,0.0,0.0,0.0,0.0,0.0,0.25
VDCSMKACFVRCA,0,2,0.307692,0.0,0.0,0.0,0.0,0.0,1.0,0.0,0.0,0.0,0.230769,0.307692,0.0,0.0,0.0,0.692308,0.076923,0.153846,0.0,0.0,0.0,0.0,1.0,0.142857,0.0,0.0,0.0,0.0,0.0,0.538462
VSCWMQ,0,3,0.166667,0.0,0.0,0.0,0.0,0.0,1.0,0.0,0.0,0.0,0.166667,0.5,0.0,0.0,0.0,0.5,0.166667,0.333333,0.0,0.0,0.0,0.0,1.0,0.0,0.0,0.0,0.166667,0.0,0.0,0.666667
WLNMID,0,4,0.333333,0.166667,0.0,0.0,0.0,0.0,1.0,0.0,0.0,0.2,0.0,0.166667,0.0,0.0,0.0,0.5,0.166667,0.333333,0.0,0.0,0.0,0.0,0.833333,0.0,0.0,0.166667,0.0,0.0,0.0,0.666667
RMDFFF,0,0,0.0,0.0,0.0,0.0,0.0,0.0,0.5,0.0,0.0,0.0,0.0,0.0,0.0,0.0,0.0,0.666667,0.166667,0.166667,0.0,0.0,0.0,0.0,1.0,0.0,0.0,0.0,0.0,0.0,0.0,0.666667
MQV,0,1,0.333333,0.0,0.0,0.0,0.0,0.0,1.0,0.0,0.0,0.0,0.0,0.333333,0.0,0.0,0.0,0.666667,0.333333,0.333333,0.0,0.0,0.0,0.0,1.0,0.0,0.0,0.0,0.333333,0.0,0.0,0.666667
WSG,0,2,0.333333,0.0,0.0,0.0,0.0,0.0,1.0,0.0,0.0,0.0,0.666667,0.333333,0.0,0.0,0.0,0.0,0.0,0.333333,0.0,0.0,0.0,0.0,1.0,0.0,0.0,0.0,0.0,0.0,0.0,0.333333
QRS,0,3,0.0,0.0,0.0,0.0,0.5,0.0,1.0,0.0,0.0,0.0,0.333333,0.666667,0.0,0.0,0.0,0.0,0.0,0.666667,0.0,0.0,0.0,0.0,1.0,0.0,0.0,0.0,0.333333,0.0,0.0,0.0
WDC,0,4,0.0,0.0,0.0,0.0,0.0,0.0,1.0,0.0,0.0,0.0,0.0,0.333333,0.0,0.0,0.0,0.333333,0.0,0.333333,0.0,0.0,0.0,0.0,1.0,0.0,0.0,0.0,0.0,0.0,0.0,0.666667
TIC,0,0,0.333333,0.0,0.0,0.0,0.0,0.0,1.0,0.0,0.0,0.0,0.333333,0.666667,0.0,0.0,0.0,0.666667,0.0,0.333333,0.0,0.0,0.0,0.0,1.0,0.0,0.0,0.333333,0.0,0.0,0.0,0.666667
VMGI,0,1,0.75,0.0,0.0,0.0,0.0,0.0,1.0,0.0,0.0,0.0,0.25,0.0,0.0,0.0,0.0,0.75,0.25,0.0,0.0,0.0,0.0,0.0,1.0,0.0,0.0,0.25,0.0,0.0,0.0,0.75
WMAIKKAGNHNKVM,0,2,0.357143,0.0,0.0,0.0,0.0,0.0,1.0,0.0,0.0,0.0,0.285714,0.142857,0.0,0.0,0.0,0.428571,0.142857,0.142857,0.0,0.0,0.0,0.0,1.0,0.125,0.0,0.071429,0.0,0.0,0.0,0.357143
DMRGNYPKDME,0,3,0.181818,0.0,0.0,0.0,0.0,0.090909,1.0,0.0,0.0,0.0,0.272727,0.090909,0.0,0.0,0.0,0.181818,0.181818,0.454545,0.0,0.0,0.0,0.0,0.909091,0.0,0.0,0.0,0.0,0.0,0.0,0.181818
FCIRPFGW,0,4,0.375,0.0,0.0,0.0,0.0,0.125,0.875,0.0,0.0,0.0,0.25,0.125,0.0,0.0,0.0,0.5,0.0,0.0,0.142857,0.0,0.0,0.0,1.0,0.0,0.0,0.125,0.0,0.0,0.0,0.625
QNQ,0,0,0.0,0.0,0.0,0.0,0.0,0.0,1.0,0.0,0.0,0.0,0.0,1.0,0.0,0.0,0.0,0.0,0.0,1.0,0.0,0.0,0.0,0.0,1.0,0.0,0.0,0.0,0.666667,0.0,0.0,0.0
NDTAYCE,0,1,0.142857,0.0,0.0,0.0,0.0,0.0,1.0,0.0,0.0,0.0,0.428571,0.428571,0.0,0.166667,0.0,0.285714,0.0,0.714286,0.0,0.0,0.0,0.0,0.857143,0.0,0.0,0.0,0.0,0.0,0.0,0.142857
FECPFCRS,0,2,0.125,0.0,0.0,0.0,0.142857,0.125,1.0,0.0,0.0,0.0,0.25,0.375,0.0,0.0,0.0,0.5,0.0,0.25,0.142857,0.0,0.0,0.0,1.0,0.0,0.0,0.0,0.0,0.0,0.0,0.5
WFH,0,3,0.0,0.0,0.0,0.0,0.0,0.0,0.0,0.0,0.0,0.0,0.333333,0.0,0.0,0.0,0.0,0.333333,0.0,0.0,0.0,0.0,0.0,0.0,0.666667,0.0,0.0,0.0,0.0,0.0,0.0,0.666667
MVF,0,4,0.333333,0.0,0.0,0.0,0.0,0.0,0.666667,0.0,0.0,0.0,0.0,0.0,0.0,0.0,0.0,1.0,0.333333,0.0,0.0,0.0,0.0,0.0,1.0,0.0,0.0,0.0,0.0,0.0,0.0,1.0
CSRYWLN,0,0,0.142857,0.142857,0.0,0.0,0.0,0.0,1.0,0.0,0.0,0.0,0.285714,0.428571,0.0,0.0,0.0,0.285714,0.0,0.428571,0.0,0.0,0.0,0.0,1.0,0.0,0.0,0.0,0.0,0.0,0.0,0.428571
TWNRYWLDFFIEWT,0,1,0.142857,0.071429,0.0,0.0,0.0,0.0,1.0,0.0,0.0,0.0,0.214286,0.214286,0.0,0.0,0.0,0.285714,0.0,0.428571,0.0,0.0,0.0,0.0,1.0,0.0,0.0,0.071429,0.0,0.0,0.0,0.5
WIL,0,2,0.666667,0.333333,0.0,0.0,0.0,0.0,1.0,0.0,0.0,0.0,0.0,0.0,0.0,0.0,0.0,0.666667,0.0,0.0,0.0,0.0,0.0,0.0,1.0,0.0,0.0,0.333333,0.0,0.0,0.0,1.0
SMSWERAM,0,3,0.125,0.0,0.0,0.0,0.0,0.0,1.0,0.0,0.0,0.0,0.375,0.25,0.0,0.0,0.0,0.375,0.25,0.375,0.0,0.0,0.0,0.0,1.0,0.5,0.0,0.0,0.0,0.0,0.0,0.375
RHMM,0,4,0.0,0.0,0.0,0.0,0.0,0.0,1.0,0.0,0.333333,0.0,0.25,0.0,0.0,0.0,0.0,0.5,0.5,0.0,0.0,0.0,0.0,0.0,1.0,0.0,0.0,0.0,0.0,0.0,0.0,0.5
DFVQFCKMPYD,0,0,0.181818,0.0,0.0,0.0,0.0,0.090909,1.0,0.0,0.0,0.0,0.181818,0.181818,0.0,0.0,0.1,0.454545,0.090909,0.363636,0.0,0.0,0.0,0.0,0.909091,0.0,0.0,0.0,0.090909,0.0,0.0,0.454545
CC,0,1,0.0,0.0,0.0,0.0,0.0,0.0,1.0,0.0,0.0,0.0,0.0,1.0,0.0,0.0,0.0,1.0,0.0,0.0,0.0,0.0,0.0,0.0,1.0,0.0,0.0,0.0,0.0,0.0,0.0,1.0
DMD,0,2,0.0,0.0,0.0,0.0,0.0,0.0,1.0,0.0,0.0,0.0,0.0,0.0,0.0,0.0,0.0,0.333333,0.333333,0.666667,0.0,0.0,0.0,0.0,0.666667,0.0,0.0,0.0,0.0,0.0,0.0,0.333333
KGMAV,0,3,0.6,0.0,0.0,0.0,0.0,0.0,1.0,0.0,0.0,0.0,0.4,0.0,0.0,0.0,0.0,0.6,0.2,0.0,0.0,0.0,0.0,0.0,1.0,0.0,0.0,0.0,0.0,0.0,0.0,0.4
MD,0,4,0.0,0.0,0.0,0.0,0.0,0.0,1.0,0.0,0.0,0.0,0.0,0.0,0.0,0.0,0.0,0.5,0.5,0.5,0.0,0.0,0.0,0.0,0.5,0.0,0.0,0.0,0.0,0.0,0.0,0.5
MEYS,0,0,0.0,0.0,0.0,0.0,0.0,0.0,1.0,0.0,0.0,0.0,0.5,0.25,0.0,0.0,0.0,0.25,0.25,0.75,0.0,0.0,0.0,0.0,1.0,0.0,0.0,0.0,0.0,0.0,0.0,0.25
FGCFF,0,1,0.2,0.0,0.0,0.0,0.0,0.0,0.6,0.0,0.0,0.0,0.2,0.2,0.0,0.0,0.0,0.8,0.0,0.0,0.0,0.0,0.0,0.0,1.0,0.0,0.0,0.0,0.0,0.0,0.0,0.8
MMVKS,0,2,0.2,0.0,0.0,0.0,0.0,0.0,1.0,0.0,0.0,0.0,0.2,0.2,0.0,0.0,0.0,0.6,0.4,0.2,0.0,0.0,0.0,0.0,1.0,0.0,0.0,0.0,0.0,0.0,0.0,0.6
CTAE,0,3,0.25,0.0,0.0,0.0,0.0,0.0,1.0,0.0,0.0,0.0,0.5,0.5,0.0,0.0,0.0,0.5,0.0,0.5,0.0,0.0,0.0,0.0,0.75,0.0,0.0,0.0,0.0,0.0,0.0,0.25
QFMMMS,0,4,0.0,0.0,0.0,0.0,0.0,0.0,1.0,0.0,0.0,0.0,0.166667,0.333333,0.0,0.0,0.0,0.666667,0.5,0.333333,0.0,0.0,0.0,0.0,1.0,0.0,0.0,0.0,0.166667,0.0,0.0,0.666667
WS,0,0,0.0,0.0,0.0,0.0,0.0,0.0,1.0,0.0,0.0,0.0,0.5,0.5,0.0,0.0,0.0,0.0,0.0,0.5,0.0,0.0,0.0,0.0,1.0,0.0,0.0,0.0,0.0,0.0,0.0,0.5
QDH,0,1,0.0,0.0,0.0,0.0,0.0,0.0,0.666667,0.0,0.0,0.0,0.333333,0.333333,0.0,0.0,0.0,0.0,0.0,0.666667,0.0,0.0,0.0,0.0,0.333333,0.0,0.0,0.0,0.333333,0.0,0.0,0.0
MRWS,0,2,0.0,0.0,0.0,0.0,0.0,0.0,1.0,0.0,0.0,0.0,0.25,0.25,0.0,0.0,0.0,0.25,0.25,0.25,0.0,0.0,0.0,0.0,1.0,0.0,0.0,0.0,0.0,0.0,0.0,0.5
VTM,0,3,0.333333,0.0,0.0,0.0,0.0,0.0,1.0,0.0,0.0,0.0,0.333333,0.333333,0.0,0.0,0.0,0.666667,0.333333,0.333333,0.0,0.0,0.0,0.0,1.0,0.0,0.0,0.0,0.0,0.0,0.0,0.666667
DQCFMEHDTMQCIMH,0,4,0.066667,0.0,0.0,0.0,0.0,0.0,0.933333,0.0,0.0,0.0,0.2,0.333333,0.0,0.0,0.0,0.466667,0.2,0.4,0.0,0.0,0.0,0.0,0.933333,0.0,0.0,0.066667,0.133333,0.0,0.0,0.466667
IN,0,0,0.5,0.0,0.0,0.0,0.0,0.0,1.0,0.0,0.0,0.0,0.0,0.5,0.0,0.0,0.0,0.5,0.0,0.5,0.0,0.0,0.0,0.0,1.0,0.0,0.0,0.5,0.0,0.0,0.0,0.5
NNIWVNRV,0,1,0.375,0.0,0.0,0.0,0.0,0.0,1.0,0.0,0.0,0.0,0.0,0.375,0.0,0.0,0.0,0.375,0.0,0.375,0.0,0.0,0.0,0.0,1.0,0.0,0.0,0.125,0.0,0.0,0.0,0.5
YMNH,0,2,0.0,0.0,0.0,0.0,0.0,0.0,0.75,0.0,0.0,0.0,0.5,0.25,0.0,0.0,0.0,0.25,0.25,0.5,0.0,0.0,0.0,0.0,0.75,0.0,0.0,0.0,0.0,0.0,0.0,0.25
VRSMREWVK,0,3,0.222222,0.0,0.0,0.0,0.125,0.0,1.0,0.0,0.0,0.0,0.111111,0.111111,0.0,0.0,0.0,0.333333,0.111111,0.222222,0.0,0.0,0.0,0.0,0.888889,0.0,0.0,0.0,0.0,0.0,0.0,0.444444
WI,0,4,0.5,0.0,0.0,0.0,0.0,0.0,1.0,0.0,0.0,0.0,0.0,0.0,0.0,0.0,0.0,0.5,0.0,0.0,0.0,0.0,0.0,0.0,1.0,0.0,0.0,0.5,0.0,0.0,0.0,1.0
CFWGCAVFN,0,0,0.333333,0.0,0.0,0.0,0.0,0.0,1.0,0.0,0.0,0.0,0.222222,0.333333,0.0,0.0,0.0,0.666667,0.0,0.111111,0.0,0.0,0.0,0.0,1.0,0.333333,0.0,0.0,0.0,0.0,0.0,0.666667
RMYQPMHGSG,0,1,0.3,0.0,0.0,0.0,0.0,0.1,1.0,0.0,0.0,0.0,0.6,0.2,0.0,0.0,0.0,0.2,0.2,0.3,0.0,0.0,0.0,0.0,1.0,0.0,0.0,0.0,0.1,0.0,0.0,0.2
WIN,0,2,0.333333,0.0,0.0,0.0,0.0,0.0,1.0,0.0,0.0,0.0,0.0,0.333333,0.0,0.0,0.0,0.333333,0.0,0.333333,0.0,0.0,0.0,0.0,1.0,0.0,0.0,0.333333,0.0,0.0,0.0,0.666667
MYEW,0,3,0.0,0.0,0.0,0.0,0.0,0.0,0.75,0.0,0.0,0.0,0.25,0.0,0.0,0.0,0.0,0.25,0.25,0.5,0.0,0.0,0.0,0.0,1.0,0.0,0.0,0.0,0.0,0.0,0.0,0.5
TIS,0,4,0.333333,0.0,0.0,0.0,0.0,0.0,1.0,0.0,0.0,0.0,0.666667,0.666667,0.0,0.0,0.0,0.333333,0.0,0.666667,0.0,0.0,0.0,0.0,1.0,0.0,0.0,0.333333,0.0,0.0,0.0,0.333333
REMGV,0,0,0.4,0.0,0.0,0.0,0.0,0.0,1.0,0.0,0.0,0.0,0.2,0.0,0.0,0.0,0.0,0.4,0.2,0.2,0.0,0.0,0.0,0.0,1.0,0.0,0.0,0.0,0.0,0.0,0.0,0.4
FTC,0,1,0.0,0.0,0.0,0.0,0.0,0.0,1.0,0.0,0.0,0.0,0.333333,0.666667,0.0,0.0,0.0,0.666667,0.0,0.333333,0.0,0.0,0.0,0.0,1.0,0.0,0.0,0.0,0.0,0.0,0.0,0.666667
QTN,0,2,0.0,0.0,0.0,0.0,0.0,0.0,1.0,0.0,0.0,0.0,0.333333,1.0,0.0,0.0,0.0,0.0,0.0,1.0,0.0,0.0,0.0,0.0,1.0,0.0,0.0,0.0,0.333333,0.0,0.0,0.0
MMHCNQNVF,0,3,0.111111,0.0,0.0,0.0,0.0,0.0,0.888889,0.0,0.0,0.0,0.111111,0.444444,0.0,0.0,0.0,0.555556,0.222222,0.333333,0.0,0.0,0.0,0.0,1.0,0.0,0.166667,0.0,0.111111,0.0,0.0,0.555556
MQE,0,4,0.0,0.0,0.0,0.0,0.0,0.0,1.0,0.0,0.0,0.0,0.0,0.333333,0.0,0.0,0.0,0.333333,0.333333,0.666667,0.0,0.0,0.0,0.0,0.666667,0.0,0.0,0.0,0.333333,0.0,0.0,0.333333
WWF,0,0,0.0,0.0,0.0,0.0,0.0,0.0,0.0,0.0,0.0,0.0,0.0,0.0,0.0,0.0,0.0,0.333333,0.0,0.0,0.0,0.0,0.0,0.0,1.0,0.0,0.0,0.0,0.0,0.0,0.0,1.0
QYECG,0,1,0.2,0.0,0.0,0.0,0.0,0.0,1.0,0.0,0.0,0.0,0.4,0.4,0.0,0.0,0.0,0.2,0.0,0.6,0.0,0.0,0.0,0.0,1.0,0.0,0.0,0.0,0.2,0.0,0.0,0.2
FTM,0,2,0.0,0.0,0.0,0.0,0.0,0.0,1.0,0.0,0.0,0.0,0.333333,0.333333,0.0,0.0,0.0,0.666667,0.333333,0.333333,0.0,0.0,0.0,0.0,1.0,0.0,0.0,0.0,0.0,0.0,0.0,0.666667
KNWY,0,3,0.0,0.0,0.0,0.0,0.0,0.0,0.5,0.0,0.0,0.0,0.25,0.25,0.0,0.0,0.0,0.0,0.0,0.5,0.0,0.0,0.0,0.0,1.0,0.0,0.0,0.0,0.0,0.333333,0.0,0.25
TYC,0,4,0.0,0.0,0.0,0.0,0.0,0.0,1.0,0.0,0.0,0.0,0.666667,0.666667,0.0,0.5,0.0,0.333333,0.0,0.666667,0.0,0.0,0.0,0.0,1.0,0.0,0.0,0.0,0.0,0.0,0.0,0.333333
WIMKRFKI,0,0,0.25,0.0,0.0,0.0,0.0,0.0,1.0,0.0,0.0,0.0,0.0,0.0,0.0,0.0,0.0,0.5,0.125,0.0,0.0,0.0,0.0,0.0,1.0,0.5,0.0,0.25,0.0,0.0,0.0,0.625
TQWNMWRLK,0,1,0.111111,0.111111,0.0,0.0,0.0,0.0,1.0,0.0,0.0,0.0,0.111111,0.333333,0.0,0.0,0.0,0.222222,0.111111,0.333333,0.0,0.0,0.0,0.0,0.888889,0.0,0.0,0.0,0.111111,0.0,0.0,0.444444
SMGQ,0,2,0.25,0.0,0.0,0.0,0.0,0.0,1.0,0.0,0.0,0.0,0.5,0.5,0.0,0.0,0.0,0.25,0.25,0.5,0.0,0.0,0.0,0.0,1.0,0.0,0.0,0.0,0.25,0.0,0.0,0.25
TFQVRFP,0,3,0.285714,0.0,0.0,0.0,0.0,0.142857,1.0,0.0,0.0,0.0,0.285714,0.285714,0.0,0.0,0.0,0.428571,0.0,0.285714,0.0,0.0,0.0,0.0,1.0,0.0,0.0,0.0,0.142857,0.0,0.0,0.428571
SDCSWEC,0,4,0.0,0.0,0.0,0.0,0.0,0.0,1.0,0.0,0.0,0.0,0.285714,0.571429,0.0,0.0,0.0,0.285714,0.0,0.571429,0.0,0.0,0.0,0.0,1.0,0.0,0.0,0.0,0.0,0.0,0.0,0.428571
VHC,0,0,0.333333,0.0,0.0,0.0,0.0,0.0,1.0,0.0,0.0,0.0,0.333333,0.333333,0.0,0.0,0.0,0.666667,0.0,0.0,0.0,0.0,0.0,0.0,1.0,0.0,0.0,0.0,0.0,0.0,0.0,0.666667
WQNM,0,1,0.0,0.0,0.0,0.0,0.0,0.0,1.0,0.0,0.0,0.0,0.0,0.5,0.0,0.0,0.0,0.25,0.25,0.5,0.0,0.0,0.0,0.0,1.0,0.0,0.0,0.0,0.25,0.0,0.0,0.5
FADMW,0,2,0.2,0.0,0.0,0.0,0.0,0.0,0.8,0.0,0.0,0.0,0.2,0.0,0.0,0.0,0.0,0.6,0.2,0.2,0.0,0.0,0.0,0.0,1.0,0.0,0.0,0.0,0.0,0.0,0.0,0.6
NARKSW,0,3,0.166667,0.0,0.0,0.0,0.0,0.0,0.833333,0.0,0.0,0.0,0.333333,0.333333,0.0,0.0,0.0,0.166667,0.0,0.333333,0.0,0.0,0.0,0.0,1.0,0.0,0.0,0.0,0.0,0.0,0.0,0.166667
TKGCQY,0,4,0.166667,0.0,0.0,0.0,0.0,0.0,0.833333,0.0,0.0,0.0,0.5,0.5,0.0,0.0,0.0,0.166667,0.0,0.5,0.0,0.0,0.0,0.0,1.0,0.0,0.0,0.0,0.166667,0.0,0.0,0.166667
MRADPS,0,0,0.333333,0.0,0.0,0.0,0.0,0.166667,1.0,0.0,0.0,0.0,0.5,0.166667,0.0,0.0,0.0,0.333333,0.166667,0.333333,0.0,0.0,0.0,0.0,1.0,0.0,0.0,0.0,0.0,0.0,0.2,0.166667
GWM,0,1,0.333333,0.0,0.0,0.0,0.0,0.0,1.0,0.0,0.0,0.0,0.333333,0.0,0.0,0.0,0.0,0.333333,0.333333,0.0,0.0,0.0,0.0,0.0,1.0,0.0,0.0,0.0,0.0,0.0,0.0,0.666667
TC,0,2,0.0,0.0,0.0,0.0,0.0,0.0,1.0,0.0,0.0,0.0,0.5,1.0,0.0,0.0,0.0,0.5,0.0,0.5,0.0,0.0,0.0,0.0,1.0,0.0,0.0,0.0,0.0,0.0,0.0,0.5
WKN,0,3,0.0,0.0,0.0,0.0,0.0,0.0,1.0,0.0,0.0,0.0,0.0,0.333333,0.0,0.0,0.0,0.0,0.0,0.333333,0.0,0.0,0.0,0.0,1.0,0.0,0.0,0.0,0.0,0.5,0.0,0.333333
FWQ,0,4,0.0,0.0,0.0,0.0,0.0,0.0,1.0,0.0,0.0,0.0,0.0,0.333333,0.0,0.0,0.0,0.333333,0.0,0.333333,0.0,0.0,0.0,0.0,1.0,0.0,0.0,0.0,0.333333,0.0,0.0,0.666667
WWHTREMW,0,0,0.0,0.0,0.0,0.0,0.0,0.0,0.875,0.0,0.0,0.0,0.25,0.125,0.0,0.0,0.0,0.125,0.125,0.25,0.0,0.0,0.0,0.0,1.0,0.5,0.0,0.0,0.0,0.0,0.0,0.5
HFI,0,1,0.333333,0.0,0.0,0.0,0.0,0.0,1.0,0.0,0.0,0.0,0.333333,0.0,0.0,0.0,0.0,0.666667,0.0,0.0,0.0,0.0,0.0,0.0,1.0,0.0,0.0,0.333333,0.0,0.0,0.0,0.666667
WNAWA,0,2,0.4,0.0,0.0,0.0,0.0,0.0,1.0,0.0,0.0,0.0,0.4,0.2,0.0,0.0,0.0,0.4,0.0,0.2,0.0,0.0,0.0,0.0,1.0,0.0,0.0,0.0,0.0,0.0,0.0,0.4
CLIEDFWT,0,3,0.25,0.125,0.0,0.0,0.0,0.0,1.0,0.0,0.0,0.0,0.125,0.25,0.0,0.0,0.0,0.5,0.0,0.375,0.0,0.0,0.0,0.0,1.0,0.0,0.0,0.125,0.0,0.0,0.0,0.625
MIHENMW,0,4,0.142857,0.0,0.0,0.0,0.0,0.0,0.857143,0.0,0.0,0.166667,0.142857,0.142857,0.333333,0.0,0.0,0.428571,0.285714,0.285714,0.0,0.0,0.0,0.0,1.0,0.0,0.0,0.142857,0.0,0.0,0.0,0.571429
CNGSSG,0,0,0.333333,0.0,0.0,0.0,0.0,0.0,1.0,0.0,0.0,0.0,0.666667,0.666667,0.0,0.0,0.0,0.166667,0.0,0.5,0.0,0.0,0.0,0.0,1.0,0.0,0.0,0.0,0.0,0.0,0.0,0.166667
QKS,0,1,0.0,0.0,0.0,0.0,0.0,0.0,1.0,0.0,0.0,0.0,0.333333,0.666667,0.0,0.0,0.0,0.0,0.0,0.666667,0.0,0.0,0.0,0.0,1.0,0.0,0.0,0.0,0.333333,0.0,0.0,0.0
GHSWDWEKSWP,0,2,0.181818,0.0,0.0,0.0,0.0,0.090909,1.0,0.0,0.0,0.0,0.454545,0.181818,0.142857,0.0,0.0,0.0,0.0,0.363636,0.0,0.0,0.0,0.0,1.0,0.4,0.0,0.0,0.0,0.0,0.0,0.272727
KRC,0,3,0.0,0.0,0.0,0.0,0.0,0.0,1.0,0.0,0.0,0.0,0.0,0.333333,0.0,0.0,0.0,0.333333,0.0,0.0,0.0,0.0,0.0,0.0,1.0,0.0,0.0,0.0,0.0,0.0,0.0,0.333333
CSE,0,4,0.0,0.0,0.0,0.0,0.0,0.0,1.0,0.0,0.0,0.0,0.333333,0.666667,0.0,0.0,0.0,0.333333,0.0,0.666667,0.0,0.0,0.0,0.0,0.666667,0.0,0.0,0.0,0.0,0.0,0.0,0.333333
RTCQNFF,0,0,0.0,0.0,0.0,0.0,0.0,0.0,0.714286,0.0,0.0,0.0,0.142857,0.571429,0.0,0.0,0.0,0.428571,0.0,0.428571,0.0,0.0,0.0,0.0,1.0,0.0,0.0,0.0,0.142857,0.0,0.0,0.428571
DMV,0,1,0.333333,0.0,0.0,0.0,0.0,0.0,1.0,0.0,0.0,0.0,0.0,0.0,0.0,0.0,0.0,0.666667,0.333333,0.333333,0.0,0.0,0.0,0.0,1.0,0.0,0.0,0.0,0.0,0.0,0.0,0.666667
QDF,0,2,0.0,0.0,0.0,0.0,0.0,0.0,0.666667,0.0,0.0,0.0,0.0,0.333333,0.0,0.0,0.0,0.333333,0.0,0.666667,0.0,0.0,0.0,0.0,1.0,0.0,0.0,0.0,0.333333,0.0,0.0,0.333333
MS,0,3,0.0,0.0,0.0,0.0,0.0,0.0,1.0,0.0,0.0,0.0,0.5,0.5,0.0,0.0,0.0,0.5,0.5,0.5,0.0,0.0,0.0,0.0,1.0,0.0,0.0,0.0,0.0,0.0,0.0,0.5
HVV,0,4,0.666667,0.0,0.0,0.0,0.0,0.0,1.0,0.0,0.0,0.0,0.333333,0.0,0.0,0.0,0.0,0.666667,0.0,0.0,0.0,0.0,0.0,0.0,1.0,0.0,0.0,0.0,0.0,0.0,0.0,0.666667
SHIS,0,0,0.25,0.0,0.0,0.0,0.0,0.0,1.0,0.0,0.0,0.0,0.75,0.5,0.0,0.0,0.0,0.25,0.0,0.5,0.0,0.0,0.0,0.0,1.0,0.0,0.0,0.25,0.0,0.0,0.0,0.25
KWVWW,0,1,0.2,0.0,0.0,0.0,0.0,0.0,0.6,0.0,0.0,0.0,0.0,0.0,0.0,0.0,0.0,0.2,0.0,0.0,0.0,0.0,0.0,0.0,1.0,0.0,0.0,0.0,0.0,0.0,0.0,0.8
MEKIN,0,2,0.2,0.0,0.0,0.0,0.0,0.0,1.0,0.0,0.0,0.0,0.0,0.2,0.0,0.0,0.0,0.4,0.2,0.4,0.0,0.0,0.0,0.0,1.0,0.0,0.0,0.2,0.0,0.0,0.0,0.4
CCI,0,3,0.333333,0.0,0.0,0.0,0.0,0.0,1.0,0.0,0.0,0.0,0.0,0.666667,0.0,0.0,0.0,1.0,0.0,0.0,0.0,0.0,0.0,0.0,1.0,0.0,0.0,0.333333,0.0,0.0,0.0,1.0
PERMCV,0,4,0.333333,0.0,0.0,0.0,0.0,0.166667,1.0,0.0,0.0,0.0,0.166667,0.166667,0.0,0.0,0.0,0.5,0.166667,0.166667,0.0,0.0,0.0,0.0,1.0,0.0,0.0,0.0,0.0,0.0,0.0,0.5
NNFKAY,0,0,0.166667,0.0,0.0,0.0,0.0,0.0,0.833333,0.0,0.0,0.0,0.333333,0.333333,0.0,0.0,0.0,0.333333,0.0,0.5,0.0,0.0,0.0,0.0,1.0,0.0,0.0,0.0,0.0,0.0,0.0,0.166667
FYMTYERP,0,1,0.125,0.0,0.0,0.0,0.0,0.125,1.0,0.0,0.0,0.0,0.5,0.125,0.0,0.0,0.0,0.25,0.125,0.5,0.0,0.0,0.0,0.0,1.0,0.0,0.0,0.0,0.0,0.0,0.0,0.25
CCSPRKVE,0,2,0.25,0.0,0.0,0.0,0.0,0.125,1.0,0.0,0.0,0.0,0.25,0.375,0.0,0.0,0.0,0.375,0.0,0.25,0.0,0.0,0.0,0.0,0.875,0.0,0.0,0.0,0.0,0.0,0.0,0.375
EMI,0,3,0.333333,0.0,0.0,0.0,0.0,0.0,1.0,0.0,0.0,0.5,0.0,0.0,0.0,0.0,0.0,0.666667,0.333333,0.333333,0.0,0.0,0.0,0.0,1.0,0.0,0.0,0.333333,0.0,0.0,0.0,0.666667
EWNWQVCWSN,0,4,0.1,0.0,0.0,0.0,0.0,0.0,1.0,0.0,0.0,0.0,0.1,0.5,0.0,0.0,0.0,0.2,0.0,0.5,0.0,0.0,0.0,0.0,1.0,0.25,0.142857,0.0,0.1,0.0,0.0,0.5
RT,0,0,0.0,0.0,0.0,0.0,0.0,0.0,1.0,0.0,0.0,0.0,0.5,0.5,0.0,0.0,0.0,0.0,0.0,0.5,0.0,0.0,0.0,0.0,1.0,0.0,0.0,0.0,0.0,0.0,0.0,0.0
MRYL,0,1,0.25,0.25,0.0,0.0,0.0,0.0,1.0,0.0,0.0,0.0,0.25,0.0,0.0,0.0,0.0,0.5,0.25,0.25,0.0,0.0,0.0,0.0,1.0,0.0,0.0,0.0,0.0,0.0,0.0,0.5
HWLQH,0,2,0.2,0.2,0.0,0.0,0.0,0.0,0.8,0.0,0.0,0.0,0.4,0.2,0.0,0.0,0.0,0.2,0.0,0.2,0.0,0.0,0.0,0.0,0.8,0.0,0.0,0.0,0.2,0.0,0.0,0.4
FIKTNQ,0,3,0.166667,0.0,0.0,0.0,0.0,0.0,1.0,0.0,0.0,0.0,0.166667,0.5,0.0,0.0,0.0,0.333333,0.0,0.5,0.0,0.0,0.0,0.0,1.0,0.0,0.0,0.166667,0.166667,0.0,0.0,0.333333
IMI,0,4,0.666667,0.0,0.0,0.0,0.0,0.0,1.0,0.0,0.0,0.5,0.0,0.0,0.0,0.0,0.0,1.0,0.333333,0.0,0.0,0.0,0.0,0.0,1.0,0.0,0.0,0.666667,0.0,0.0,0.0,1.0
MY,0,0,0.0,0.0,0.0,0.0,0.0,0.0,0.5,0.0,0.0,0.0,0.5,0.0,0.0,0.0,0.0,0.5,0.5,0.5,0.0,0.0,0.0,0.0,1.0,0.0,0.0,0.0,0.0,0.0,0.0,0.5
WRDCDL,0,1,0.166667,0.166667,0.0,0.0,0.0,0.0,1.0,0.0,0.0,0.0,0.0,0.166667,0.0,0.0,0.0,0.333333,0.0,0.333333,0.0,0.0,0.0,0.0,1.0,0.0,0.0,0.0,0.0,0.0,0.0,0.5
QDI,0,2,0.333333,0.0,0.0,0.0,0.0,0.0,1.0,0.0,0.0,0.0,0.0,0.333333,0.0,0.0,0.0,0.333333,0.0,0.666667,0.0,0.0,0.0,0.0,1.0,0.0,0.0,0.333333,0.333333,0.0,0.0,0.333333
VCV,0,3,0.666667,0.0,0.0,0.0,0.0,0.0,1.0,0.0,0.0,0.0,0.0,0.333333,0.0,0.0,0.0,1.0,0.0,0.0,0.0,0.0,0.0,0.0,1.0,0.0,0.0,0.0,0.0,0.0,0.0,1.0
ANCWH,0,4,0.2,0.0,0.0,0.0,0.0,0.0,0.6,0.0,0.0,0.0,0.4,0.4,0.0,0.0,0.0,0.4,0.0,0.2,0.0,0.0,0.0,0.0,0.8,0.0,0.0,0.0,0.0,0.0,0.0,0.4
YSRCGSH,0,0,0.142857,0.0,0.0,0.0,0.0,0.0,0.857143,0.0,0.0,0.0,0.714286,0.428571,0.0,0.0,0.0,0.142857,0.0,0.428571,0.0,0.0,0.0,0.0,0.857143,0.0,0.0,0.0,0.0,0.0,0.0,0.142857
VKS,0,1,0.333333,0.0,0.0,0.0,0.0,0.0,1.0,0.0,0.0,0.0,0.333333,0.333333,0.0,0.0,0.0,0.333333,0.0,0.333333,0.0,0.0,0.0,0.0,1.0,0.0,0.0,0.0,0.0,0.0,0.0,0.333333
CAD,0,2,0.333333,0.0,0.0,0.0,0.0,0.0,1.0,0.0,0.0,0.0,0.333333,0.333333,0.0,0.0,0.0,0.666667,0.0,0.333333,0.0,0.0,0.0,0.0,0.666667,0.0,0.0,0.0,0.0,0.0,0.0,0.333333
KKGCEH,0,3,0.166667,0.0,0.0,0.0,0.0,0.0,0.833333,0.0,0.0,0.0,0.333333,0.166667,0.0,0.0,0.0,0.166667,0.0,0.166667,0.0,0.0,0.0,0.0,0.666667,0.0,0.0,0.0,0.0,0.0,0.0,0.166667
WTQTWLYYHCM,0,4,0.090909,0.090909,0.0,0.0,0.0,0.0,1.0,0.0,0.0,0.0,0.454545,0.363636,0.0,0.0,0.0,0.272727,0.090909,0.454545,0.0,0.0,0.0,0.0,1.0,0.0,0.0,0.0,0.090909,0.0,0.0,0.454545
ICRM,0,0,0.25,0.0,0.0,0.0,0.0,0.0,1.0,0.0,0.0,0.0,0.0,0.25,0.0,0.0,0.0,0.75,0.25,0.0,0.0,0.0,0.0,0.0,1.0,0.0,0.0,0.25,0.0,0.0,0.0,0.75
RNKEF,0,1,0.0,0.0,0.0,0.0,0.0,0.0,0.8,0.0,0.0,0.0,0.0,0.2,0.0,0.0,0.0,0.2,0.0,0.4,0.0,0.0,0.0,0.0,1.0,0.0,0.0,0.0,0.0,0.0,0.0,0.2
EMCCTVVF,0,2,0.25,0.0,0.0,0.0,0.0,0.0,0.875,0.0,0.0,0.0,0.125,0.375,0.0,0.0,0.0,0.75,0.125,0.25,0.0,0.0,0.0,0.0,1.0,0.0,0.0,0.0,0.0,0.0,0.0,0.75
FVC,0,3,0.333333,0.0,0.0,0.0,0.0,0.0,1.0,0.0,0.0,0.0,0.0,0.333333,0.0,0.0,0.0,1.0,0.0,0.0,0.0,0.0,0.0,0.0,1.0,0.0,0.0,0.0,0.0,0.0,0.0,1.0
QVC,0,4,0.333333,0.0,0.0,0.0,0.0,0.0,1.0,0.0,0.0,0.0,0.0,0.666667,0.0,0.0,0.0,0.666667,0.0,0.333333,0.0,0.0,0.0,0.0,1.0,0.0,0.0,0.0,0.333333,0.0,0.0,0.666667
CHQHED,0,0,0.0,0.0,0.0,0.0,0.0,0.0,1.0,0.0,0.0,0.0,0.333333,0.333333,0.0,0.0,0.0,0.166667,0.0,0.5,0.0,0.0,0.0,0.0,0.5,0.0,0.0,0.0,0.166667,0.0,0.0,0.166667
MSA,0,1,0.333333,0.0,0.0,0.0,0.0,0.0,1.0,0.0,0.0,0.0,0.666667,0.333333,0.0,0.0,0.0,0.666667,0.333333,0.333333,0.0,0.0,0.0,0.0,1.0,0.0,0.0,0.0,0.0,0.0,0.0,0.333333
TRD,0,2,0.0,0.0,0.0,0.0,0.0,0.0,1.0,0.0,0.0,0.0,0.333333,0.333333,0.0,0.0,0.0,0.0,0.0,0.666667,0.0,0.0,0.0,0.0,0.333333,0.0,0.0,0.0,0.0,0.0,0.0,0.0
HRVVWFCQNK,0,3,0.2,0.0,0.0,0.0,0.0,0.0,1.0,0.0,0.0,0.0,0.1,0.3,0.166667,0.0,0.0,0.4,0.0,0.2,0.0,0.0,0.0,0.0,0.9,0.0,0.0,0.0,0.1,0.0,0.0,0.5
QDVYHMIDLMKMKCEDA,0,4,0.235294,0.058824,0.0,0.0,0.0,0.0,1.0,0.0,0.0,0.0625,0.176471,0.117647,0.0,0.0,0.0625,0.470588,0.176471,0.352941,0.0,0.0,0.0,0.0,1.0,0.181818,0.0,0.058824,0.058824,0.0,0.0,0.411765
KEI,0,0,0.333333,0.0,0.0,0.0,0.0,0.0,1.0,0.0,0.0,0.0,0.0,0.0,0.0,0.0,0.0,0.333333,0.0,0.333333,0.0,0.0,0.0,0.0,1.0,0.0,0.0,0.333333,0.0,0.0,0.0,0.333333
DCQDRQW,0,1,0.0,0.0,0.0,0.0,0.0,0.0,0.857143,0.0,0.0,0.0,0.0,0.428571,0.0,0.0,0.0,0.142857,0.0,0.571429,0.0,0.0,0.0,0.0,1.0,0.0,0.0,0.0,0.285714,0.0,0.0,0.285714
DAMKNNVQQC,0,2,0.2,0.0,0.0,0.0,0.0,0.0,1.0,0.0,0.0,0.0,0.1,0.5,0.0,0.0,0.0,0.4,0.1,0.5,0.0,0.0,0.0,0.0,1.0,0.0,0.0,0.0,0.2,0.111111,0.0,0.3
CRV,0,3,0.333333,0.0,0.0,0.0,0.0,0.0,1.0,0.0,0.0,0.0,0.0,0.333333,0.0,0.0,0.0,0.666667,0.0,0.0,0.0,0.0,0.0,0.0,1.0,0.0,0.0,0.0,0.0,0.0,0.0,0.666667
ISKNRFMKDHTR,0,4,0.083333,0.0,0.0,0.0,0.0,0.0,1.0,0.0,0.0,0.0,0.25,0.25,0.0,0.0,0.0,0.25,0.083333,0.333333,0.0,0.0,0.0,0.0,0.916667,0.0,0.0,0.083333,0.0,0.090909,0.0,0.25
DWITIGFYYFASNSF,0,0,0.266667,0.0,0.0,0.0,0.0,0.0,0.933333,0.0,0.0,0.0,0.466667,0.266667,0.0,0.0,0.0,0.4,0.0,0.466667,0.0,0.0,0.0,0.0,1.0,0.0,0.0,0.133333,0.0,0.0,0.0,0.4
MRFNAMSP,0,1,0.25,0.0,0.0,0.0,0.0,0.125,1.0,0.0,0.0,0.0,0.375,0.25,0.0,0.0,0.0,0.5,0.25,0.25,0.0,0.0,0.0,0.0,1.0,0.0,0.0,0.0,0.0,0.0,0.0,0.375
QLENCWHNCFYV,0,2,0.166667,0.083333,0.0,0.0,0.0,0.0,1.0,0.0,0.0,0.0,0.166667,0.416667,0.0,0.0,0.0,0.416667,0.0,0.416667,0.0,0.0,0.0,0.1,1.0,0.0,0.111111,0.0,0.083333,0.0,0.0,0.5
ECTK,0,3,0.0,0.0,0.0,0.0,0.0,0.0,1.0,0.0,0.0,0.0,0.25,0.5,0.0,0.0,0.0,0.25,0.0,0.5,0.0,0.0,0.0,0.0,0.75,0.0,0.0,0.0,0.0,0.0,0.0,0.25
KYRTM,0,4,0.0,0.0,0.0,0.0,0.0,0.0,1.0,0.0,0.0,0.0,0.4,0.2,0.0,0.0,0.0,0.2,0.2,0.4,0.0,0.0,0.0,0.0,1.0,0.0,0.0,0.0,0.0,0.0,0.0,0.2
MNC,0,0,0.0,0.0,0.0,0.0,0.0,0.0,1.0,0.0,0.0,0.0,0.0,0.666667,0.0,0.0,0.0,0.666667,0.333333,0.333333,0.0,0.0,0.0,0.0,1.0,0.0,0.0,0.0,0.0,0.0,0.0,0.666667
TMVMIE,0,1,0.333333,0.0,0.0,0.0,0.0,0.0,1.0,0.0,0.0,0.2,0.166667,0.166667,0.0,0.0,0.0,0.666667,0.333333,0.333333,0.0,0.0,0.0,0.0,0.833333,0.0,0.0,0.166667,0.0,0.0,0.0,0.666667
QRM,0,2,0.0,0.0,0.0,0.0,0.0,0.0,1.0,0.0,0.0,0.0,0.0,0.333333,0.0,0.0,0.0,0.333333,0.333333,0.333333,0.0,0.0,0.0,0.0,1.0,0.0,0.0,0.0,0.333333,0.0,0.0,0.333333
SSCSWKIM,0,3,0.125,0.0,0.0,0.0,0.0,0.0,1.0,0.0,0.0,0.0,0.375,0.5,0.0,0.0,0.0,0.375,0.125,0.375,0.0,0.0,0.0,0.0,1.0,0.0,0.0,0.125,0.0,0.0,0.0,0.5
QIQWMCHYLQ,0,4,0.2,0.1,0.0,0.0,0.0,0.0,1.0,0.0,0.0,0.0,0.2,0.4,0.0,0.0,0.0,0.4,0.1,0.4,0.0,0.0,0.0,0.0,1.0,0.0,0.0,0.1,0.3,0.0,0.0,0.5
WFPSRQKC,0,0,0.125,0.0,0.0,0.0,0.0,0.125,1.0,0.0,0.0,0.0,0.25,0.375,0.0,0.0,0.0,0.25,0.0,0.25,0.0,0.0,0.0,0.0,1.0,0.0,0.0,0.0,0.125,0.0,0.142857,0.375
RNIGDKCGN,0,1,0.333333,0.0,0.0,0.0,0.0,0.0,1.0,0.0,0.0,0.0,0.222222,0.333333,0.0,0.0,0.0,0.222222,0.0,0.333333,0.0,0.0,0.0,0.0,1.0,0.0,0.0,0.111111,0.0,0.0,0.0,0.222222
MYV,0,2,0.333333,0.0,0.0,0.0,0.0,0.0,1.0,0.0,0.0,0.0,0.333333,0.0,0.0,0.0,0.0,0.666667,0.333333,0.333333,0.0,0.0,0.0,0.0,1.0,0.0,0.0,0.0,0.0,0.0,0.0,0.666667
MRLY,0,3,0.25,0.25,0.0,0.0,0.0,0.0,0.75,0.0,0.0,0.0,0.25,0.0,0.0,0.0,0.0,0.5,0.25,0.25,0.0,0.0,0.0,0.0,1.0,0.0,0.0,0.0,0.0,0.0,0.0,0.5
THV,0,4,0.333333,0.0,0.0,0.0,0.0,0.0,1.0,0.0,0.0,0.0,0.666667,0.333333,0.0,0.0,0.0,0.333333,0.0,0.333333,0.0,0.0,0.0,0.0,1.0,0.0,0.0,0.0,0.0,0.0,0.0,0.333333
MSCS,0,0,0.0,0.0,0.0,0.0,0.0,0.0,1.0,0.0,0.0,0.0,0.5,0.75,0.0,0.0,0.0,0.5,0.25,0.5,0.0,0.0,0.0,0.0,1.0,0.0,0.0,0.0,0.0,0.0,0.0,0.5
MAQCETM,0,1,0.142857,0.0,0.0,0.0,0.0,0.0,1.0,0.0,0.0,0.0,0.285714,0.428571,0.0,0.0,0.0,0.571429,0.285714,0.428571,0.0,0.0,0.0,0.0,1.0,1.0,0.0,0.0,0.142857,0.0,0.0,0.428571
SSQW,0,2,0.0,0.0,0.0,0.0,0.0,0.0,0.75,0.0,0.0,0.0,0.5,0.75,0.0,0.0,0.0,0.0,0.0,0.75,0.0,0.0,0.0,0.0,1.0,0.0,0.0,0.0,0.25,0.0,0.0,0.25
FWTIYS,0,3,0.166667,0.0,0.0,0.0,0.0,0.0,1.0,0.0,0.0,0.0,0.5,0.333333,0.0,0.0,0.0,0.333333,0.0,0.5,0.0,0.0,0.0,0.0,1.0,0.0,0.0,0.166667,0.0,0.0,0.0,0.5
YSMD,0,4,0.0,0.0,0.0,0.0,0.0,0.0,1.0,0.0,0.0,0.0,0.5,0.25,0.0,0.0,0.0,0.25,0.25,0.75,0.0,0.0,0.0,0.0,0.75,0.0,0.0,0.0,0.0,0.0,0.0,0.25
VENMN,0,0,0.2,0.0,0.0,0.0,0.0,0.0,1.0,0.0,0.0,0.0,0.0,0.4,0.0,0.0,0.0,0.4,0.2,0.6,0.0,0.0,0.0,0.0,1.0,0.0,0.0,0.0,0.0,0.0,0.0,0.4
QTWLF,0,1,0.2,0.2,0.0,0.0,0.0,0.0,0.8,0.0,0.0,0.0,0.2,0.4,0.0,0.0,0.0,0.4,0.0,0.4,0.0,0.0,0.0,0.0,1.0,0.0,0.0,0.0,0.2,0.0,0.0,0.6
MAWECIWWKMVL,0,2,0.333333,0.083333,0.0,0.0,0.0,0.0,1.0,0.0,0.0,0.0,0.083333,0.083333,0.0,0.0,0.090909,0.583333,0.166667,0.083333,0.0,0.0,0.0,0.0,1.0,0.0,0.0,0.083333,0.0,0.0,0.0,0.75
DWGTNNAD,0,3,0.25,0.0,0.0,0.0,0.0,0.0,1.0,0.0,0.0,0.0,0.375,0.375,0.0,0.0,0.0,0.125,0.0,0.625,0.0,0.0,0.0,0.0,0.875,0.0,0.0,0.0,0.0,0.0,0.0,0.125
RCM,0,4,0.0,0.0,0.0,0.0,0.0,0.0,1.0,0.0,0.0,0.0,0.0,0.333333,0.0,0.0,0.0,0.666667,0.333333,0.0,0.0,0.0,0.0,0.0,1.0,0.0,0.0,0.0,0.0,0.0,0.0,0.666667
RQAM,0,0,0.25,0.0,0.0,0.0,0.0,0.0,1.0,0.0,0.0,0.0,0.25,0.25,0.0,0.0,0.0,0.5,0.25,0.25,0.0,0.0,0.0,0.0,1.0,0.0,0.0,0.0,0.25,0.0,0.0,0.25
RMN,0,1,0.0,0.0,0.0,0.0,0.0,0.0,1.0,0.0,0.0,0.0,0.0,0.333333,0.0,0.0,0.0,0.333333,0.333333,0.333333,0.0,0.0,0.0,0.0,1.0,0.0,0.0,0.0,0.0,0.0,0.0,0.333333
VDNWVCI,0,2,0.428571,0.0,0.0,0.0,0.0,0.0,1.0,0.0,0.0,0.0,0.0,0.285714,0.0,0.0,0.0,0.571429,0.0,0.285714,0.0,0.0,0.0,0.0,1.0,0.0,0.0,0.142857,0.0,0.0,0.0,0.714286
SMY,0,3,0.0,0.0,0.0,0.0,0.0,0.0,0.666667,0.0,0.0,0.0,0.666667,0.333333,0.0,0.0,0.0,0.333333,0.333333,0.666667,0.0,0.0,0.0,0.0,1.0,0.0,0.0,0.0,0.0,0.0,0.0,0.333333
RFFITEKSRE,0,4,0.1,0.0,0.0,0.0,0.0,0.0,1.0,0.0,0.0,0.0,0.2,0.2,0.0,0.0,0.0,0.3,0.0,0.4,0.0,0.0,0.0,0.0,0.8,0.0,0.0,0.1,0.0,0.0,0.0,0.3
QAC,0,0,0.333333,0.0,0.0,0.0,0.0,0.0,1.0,0.0,0.0,0.0,0.333333,0.666667,0.0,0.0,0.0,0.666667,0.0,0.333333,0.0,0.0,0.0,0.0,1.0,0.0,0.0,0.0,0.333333,0.0,0.0,0.333333
SML,0,1,0.333333,0.333333,0.0,0.0,0.0,0.0,1.0,0.0,0.0,0.0,0.333333,0.333333,0.0,0.0,0.0,0.666667,0.333333,0.333333,0.0,0.0,0.0,0.0,1.0,0.0,0.0,0.0,0.0,0.0,0.0,0.666667
CGT,0,2,0.333333,0.0,0.0,0.0,0.0,0.0,1.0,0.0,0.0,0.0,0.666667,0.666667,0.0,0.0,0.0,0.333333,0.0,0.333333,0.0,0.0,0.0,0.0,1.0,0.0,0.0,0.0,0.0,0.0,0.0,0.333333
MHTLMQCQVGHAWDIE,0,3,0.3125,0.0625,0.0,0.0,0.0,0.0,1.0,0.0,0.0,0.0,0.3125,0.25,0.0,0.0,0.0,0.4375,0.125,0.3125,0.0,0.0,0.0,0.0,0.9375,0.0,0.0,0.0625,0.125,0.0,0.0,0.4375
RNT,0,4,0.0,0.0,0.0,0.0,0.0,0.0,1.0,0.0,0.0,0.0,0.333333,0.666667,0.0,0.0,0.0,0.0,0.0,0.666667,0.0,0.0,0.0,0.0,1.0,0.0,0.0,0.0,0.0,0.0,0.0,0.0
ECTL,0,0,0.25,0.25,0.0,0.0,0.0,0.0,1.0,0.0,0.0,0.0,0.25,0.5,0.0,0.0,0.0,0.5,0.0,0.5,0.0,0.0,0.0,0.0,1.0,0.0,0.0,0.0,0.0,0.0,0.0,0.5
DHHCTRWPSE,0,1,0.1,0.0,0.0,0.0,0.0,0.1,1.0,0.0,0.0,0.0,0.5,0.3,0.166667,0.0,0.0,0.1,0.0,0.4,0.0,0.0,0.0,0.125,0.9,0.0,0.0,0.0,0.0,0.0,0.111111,0.2
NRF,0,2,0.0,0.0,0.0,0.0,0.0,0.0,0.666667,0.0,0.0,0.0,0.0,0.333333,0.0,0.0,0.0,0.333333,0.0,0.333333,0.0,0.0,0.0,0.0,1.0,0.0,0.0,0.0,0.0,0.0,0.0,0.333333
YTM,0,3,0.0,0.0,0.0,0.0,0.0,0.0,1.0,0.0,0.0,0.0,0.666667,0.333333,0.0,0.0,0.0,0.333333,0.333333,0.666667,0.0,0.0,0.0,0.0,1.0,0.0,0.0,0.0,0.0,0.0,0.0,0.333333
HMI,0,4,0.333333,0.0,0.0,0.0,0.0,0.0,1.0,0.0,0.0,0.5,0.333333,0.0,0.0,0.0,0.0,0.666667,0.333333,0.0,0.0,0.0,0.0,0.0,1.0,0.0,0.0,0.333333,0.0,0.0,0.0,0.666667
KMSCNM,0,0,0.0,0.0,0.0,0.0,0.0,0.0,1.0,0.0,0.0,0.0,0.166667,0.5,0.0,0.0,0.2,0.5,0.333333,0.333333,0.0,0.0,0.0,0.0,1.0,0.0,0.0,0.0,0.0,0.0,0.0,0.5
MTN,0,1,0.0,0.0,0.0,0.0,0.0,0.0,1.0,0.0,0.0,0.0,0.333333,0.666667,0.0,0.0,0.0,0.333333,0.333333,0.666667,0.0,0.0,0.0,0.0,1.0,0.0,0.0,0.0,0.0,0.0,0.0,0.333333
NQG,0,2,0.333333,0.0,0.0,0.0,0.0,0.0,1.0,0.0,0.0,0.0,0.333333,0.666667,0.0,0.0,0.0,0.0,0.0,0.666667,0.0,0.0,0.0,0.0,1.0,0.0,0.0,0.0,0.333333,0.0,0.0,0.0
RNRA,0,3,0.25,0.0,0.0,0.0,0.0,0.0,1.0,0.0,0.0,0.0,0.25,0.25,0.0,0.0,0.0,0.25,0.0,0.25,0.0,0.0,0.0,0.0,1.0,0.0,0.0,0.0,0.0,0.0,0.0,0.0
QQW,0,4,0.0,0.0,0.0,0.0,0.0,0.0,0.666667,0.0,0.0,0.0,0.0,0.666667,0.0,0.0,0.0,0.0,0.0,0.666667,0.0,0.0,0.0,0.0,1.0,0.0,0.0,0.0,0.666667,0.0,0.0,0.333333
MRN,0,0,0.0,0.0,0.0,0.0,0.0,0.0,1.0,0.0,0.0,0.0,0.0,0.333333,0.0,0.0,0.0,0.333333,0.333333,0.333333,0.0,0.0,0.0,0.0,1.0,0.0,0.0,0.0,0.0,0.0,0.0,0.333333
HWT,0,1,0.0,0.0,0.0,0.0,0.0,0.0,1.0,0.0,0.0,0.0,0.666667,0.333333,0.0,0.0,0.0,0.0,0.0,0.333333,0.0,0.0,0.0,0.0,1.0,0.0,0.0,0.0,0.0,0.0,0.0,0.333333
QVFNWMNLR,0,2,0.222222,0.111111,0.0,0.0,0.0,0.0,1.0,0.0,0.0,0.0,0.0,0.333333,0.0,0.0,0.0,0.444444,0.111111,0.333333,0.0,0.0,0.0,0.0,0.888889,0.0,0.0,0.0,0.111111,0.0,0.0,0.555556
CVE,0,3,0.333333,0.0,0.0,0.0,0.0,0.0,1.0,0.0,0.0,0.0,0.0,0.333333,0.0,0.0,0.0,0.666667,0.0,0.333333,0.0,0.0,0.0,0.0,0.666667,0.0,0.0,0.0,0.0,0.0,0.0,0.666667
MHFPH,0,4,0.2,0.0,0.0,0.0,0.0,0.2,0.8,0.25,0.0,0.0,0.6,0.0,0.0,0.0,0.0,0.4,0.2,0.0,0.0,0.0,0.0,0.0,0.8,0.0,0.0,0.0,0.0,0.0,0.0,0.4
FEDTCNHNMN,0,0,0.0,0.0,0.0,0.0,0.0,0.0,1.0,0.0,0.0,0.0,0.2,0.5,0.0,0.0,0.0,0.3,0.1,0.6,0.0,0.0,0.0,0.0,1.0,0.0,0.142857,0.0,0.0,0.0,0.0,0.3
CQR,0,1,0.0,0.0,0.0,0.0,0.0,0.0,1.0,0.0,0.0,0.0,0.0,0.666667,0.0,0.0,0.0,0.333333,0.0,0.333333,0.0,0.0,0.0,0.0,0.666667,0.0,0.0,0.0,0.333333,0.0,0.0,0.333333
EWECIGGCN,0,2,0.333333,0.0,0.0,0.0,0.0,0.0,1.0,0.0,0.0,0.0,0.222222,0.333333,0.0,0.0,0.0,0.333333,0.0,0.333333,0.0,0.0,0.0,0.0,1.0,0.0,0.0,0.111111,0.0,0.0,0.0,0.444444
EMQPT,0,3,0.2,0.0,0.0,0.0,0.0,0.2,1.0,0.0,0.0,0.0,0.4,0.4,0.0,0.0,0.0,0.2,0.2,0.6,0.0,0.0,0.0,0.0,1.0,0.0,0.0,0.0,0.2,0.0,0.0,0.2
ECFYVIHMEQSGMYNHDD,0,4,0.166667,0.0,0.0,0.0,0.0,0.0,1.0,0.0,0.0,0.0,0.333333,0.222222,0.0,0.0,0.0,0.333333,0.111111,0.5,0.0,0.0,0.0,0.0,0.833333,0.0,0.0,0.055556,0.055556,0.0,0.0,0.333333
DWTWN,0,0,0.0,0.0,0.0,0.0,0.0,0.0,1.0,0.0,0.0,0.0,0.2,0.4,0.0,0.0,0.0,0.0,0.0,0.6,0.0,0.0,0.0,0.0,1.0,0.0,0.0,0.0,0.0,0.0,0.0,0.4
MWKRIGHFH,0,1,0.222222,0.0,0.0,0.0,0.0,0.0,0.666667,0.0,0.0,0.0,0.333333,0.0,0.0,0.0,0.0,0.333333,0.111111,0.0,0.0,0.0,0.0,0.0,0.888889,0.0,0.0,0.111111,0.0,0.0,0.0,0.444444
QMWL,0,2,0.25,0.25,0.0,0.0,0.0,0.0,1.0,0.0,0.0,0.0,0.0,0.25,0.0,0.0,0.0,0.5,0.25,0.25,0.0,0.0,0.0,0.0,1.0,0.0,0.0,0.0,0.25,0.0,0.0,0.75
CWTSD,0,3,0.0,0.0,0.0,0.0,0.0,0.0,1.0,0.0,0.0,0.0,0.4,0.6,0.0,0.0,0.0,0.2,0.0,0.6,0.0,0.0,0.0,0.0,0.8,0.0,0.0,0.0,0.0,0.0,0.0,0.4
MT,0,4,0.0,0.0,0.0,0.0,0.0,0.0,1.0,0.0,0.0,0.0,0.5,0.5,0.0,0.0,0.0,0.5,0.5,0.5,0.0,0.0,0.0,0.0,1.0,0.0,0.0,0.0,0.0,0.0,0.0,0.5
TKS,0,0,0.0,0.0,0.0,0.0,0.0,0.0,1.0,0.0,0.0,0.0,0.666667,0.666667,0.0,0.0,0.0,0.0,0.0,0.666667,0.0,0.0,0.0,0.0,1.0,0.0,0.0,0.0,0.0,0.0,0.0,0.0
EMRYT,0,1,0.0,0.0,0.0,0.0,0.0,0.0,1.0,0.0,0.0,0.0,0.4,0.2,0.0,0.0,0.0,0.2,0.2,0.6,0.0,0.0,0.0,0.0,1.0,0.0,0.0,0.0,0.0,0.0,0.0,0.2
FMNYSI,0,2,0.166667,0.0,0.0,0.0,0.0,0.0,1.0,0.0,0.0,0.0,0.333333,0.333333,0.0,0.0,0.0,0.5,0.166667,0.5,0.0,0.0,0.0,0.0,1.0,0.0,0.0,0.166667,0.0,0.0,0.0,0.5
IQH,0,3,0.333333,0.0,0.0,0.0,0.0,0.0,0.666667,0.0,0.0,0.0,0.333333,0.333333,0.0,0.0,0.0,0.333333,0.0,0.333333,0.0,0.0,0.0,0.0,0.666667,0.0,0.0,0.333333,0.333333,0.0,0.0,0.333333
KWM,0,4,0.0,0.0,0.0,0.0,0.0,0.0,1.0,0.0,0.0,0.0,0.0,0.0,0.0,0.0,0.0,0.333333,0.333333,0.0,0.0,0.0,0.0,0.0,1.0,0.0,0.0,0.0,0.0,0.0,0.0,0.666667
TMTPI,0,0,0.4,0.0,0.0,0.0,0.0,0.2,1.0,0.0,0.0,0.0,0.6,0.4,0.0,0.0,0.0,0.4,0.2,0.4,0.0,0.0,0.0,0.0,1.0,0.0,0.0,0.2,0.0,0.0,0.0,0.4
VRN,0,1,0.333333,0.0,0.0,0.0,0.0,0.0,1.0,0.0,0.0,0.0,0.0,0.333333,0.0,0.0,0.0,0.333333,0.0,0.333333,0.0,0.0,0.0,0.0,1.0,0.0,0.0,0.0,0.0,0.0,0.0,0.333333
MRQ,0,2,0.0,0.0,0.0,0.0,0.0,0.0,1.0,0.0,0.0,0.0,0.0,0.333333,0.0,0.0,0.0,0.333333,0.333333,0.333333,0.0,0.0,0.0,0.0,1.0,0.0,0.0,0.0,0.333333,0.0,0.0,0.333333
NDH,0,3,0.0,0.0,0.0,0.0,0.0,0.0,0.666667,0.0,0.0,0.0,0.333333,0.333333,0.0,0.0,0.0,0.0,0.0,0.666667,0.0,0.0,0.0,0.0,0.333333,0.0,0.0,0.0,0.0,0.0,0.0,0.0
TAM,0,4,0.333333,0.0,0.0,0.0,0.0,0.0,1.0,0.0,0.0,0.0,0.666667,0.333333,0.0,0.0,0.0,0.666667,0.333333,0.333333,0.0,0.0,0.0,0.0,1.0,0.0,0.0,0.0,0.0,0.0,0.0,0.333333
CWAL,0,0,0.5,0.25,0.0,0.0,0.0,0.0,1.0,0.0,0.0,0.0,0.25,0.25,0.0,0.0,0.0,0.75,0.0,0.0,0.0,0.0,0.0,0.0,1.0,0.0,0.0,0.0,0.0,0.0,0.0,0.75
MMFFRHIWETG,0,1,0.181818,0.0,0.0,0.0,0.0,0.0,1.0,0.0,0.1,0.0,0.272727,0.090909,0.0,0.0,0.0,0.454545,0.181818,0.181818,0.0,0.0,0.0,0.0,1.0,0.0,0.0,0.090909,0.0,0.0,0.0,0.545455
FNW,0,2,0.0,0.0,0.0,0.0,0.0,0.0,0.666667,0.0,0.0,0.0,0.0,0.333333,0.0,0.0,0.0,0.333333,0.0,0.333333,0.0,0.0,0.0,0.0,1.0,0.0,0.0,0.0,0.0,0.0,0.0,0.666667
EI,0,3,0.5,0.0,0.0,0.0,0.0,0.0,1.0,0.0,0.0,0.0,0.0,0.0,0.0,0.0,0.0,0.5,0.0,0.5,0.0,0.0,0.0,0.0,1.0,0.0,0.0,0.5,0.0,0.0,0.0,0.5
NQ,0,4,0.0,0.0,0.0,0.0,0.0,0.0,1.0,0.0,0.0,0.0,0.0,1.0,0.0,0.0,0.0,0.0,0.0,1.0,0.0,0.0,0.0,0.0,1.0,0.0,0.0,0.0,0.5,0.0,0.0,0.0
NM,0,0,0.0,0.0,0.0,0.0,0.0,0.0,1.0,0.0,0.0,0.0,0.0,0.5,0.0,0.0,0.0,0.5,0.5,0.5,0.0,0.0,0.0,0.0,1.0,0.0,0.0,0.0,0.0,0.0,0.0,0.5
DHI,0,1,0.333333,0.0,0.0,0.0,0.0,0.0,1.0,0.0,0.0,0.0,0.333333,0.0,0.0,0.0,0.0,0.333333,0.0,0.333333,0.0,0.0,0.0,0.0,1.0,0.0,0.0,0.333333,0.0,0.0,0.0,0.333333
MTP,0,2,0.333333,0.0,0.0,0.0,0.0,0.333333,1.0,0.0,0.0,0.0,0.666667,0.333333,0.0,0.0,0.0,0.333333,0.333333,0.333333,0.0,0.0,0.0,0.0,1.0,0.0,0.0,0.0,0.0,0.0,0.0,0.333333
WWV,0,3,0.333333,0.0,0.0,0.0,0.0,0.0,1.0,0.0,0.0,0.0,0.0,0.0,0.0,0.0,0.0,0.333333,0.0,0.0,0.0,0.0,0.0,0.0,1.0,0.0,0.0,0.0,0.0,0.0,0.0,1.0
TWT,0,4,0.0,0.0,0.0,0.0,0.0,0.0,1.0,0.0,0.0,0.0,0.666667,0.666667,0.0,0.0,0.0,0.0,0.0,0.666667,0.0,0.0,0.0,0.0,1.0,0.0,0.0,0.0,0.0,0.0,0.0,0.333333
SCW,0,0,0.0,0.0,0.0,0.0,0.0,0.0,0.666667,0.0,0.0,0.0,0.333333,0.666667,0.0,0.0,0.0,0.333333,0.0,0.333333,0.0,0.0,0.0,0.0,1.0,0.0,0.0,0.0,0.0,0.0,0.0,0.666667
CIQ,0,1,0.333333,0.0,0.0,0.0,0.0,0.0,1.0,0.0,0.0,0.0,0.0,0.666667,0.0,0.0,0.0,0.666667,0.0,0.333333,0.0,0.0,0.0,0.0,1.0,0.0,0.0,0.333333,0.333333,0.0,0.0,0.666667
DCW,0,2,0.0,0.0,0.0,0.0,0.0,0.0,0.666667,0.0,0.0,0.0,0.0,0.333333,0.0,0.0,0.0,0.333333,0.0,0.333333,0.0,0.0,0.0,0.0,1.0,0.0,0.0,0.0,0.0,0.0,0.0,0.666667
FRS,0,3,0.0,0.0,0.0,0.0,0.5,0.0,1.0,0.0,0.0,0.0,0.333333,0.333333,0.0,0.0,0.0,0.333333,0.0,0.333333,0.0,0.0,0.0,0.0,1.0,0.0,0.0,0.0,0.0,0.0,0.0,0.333333
HVQ,0,4,0.333333,0.0,0.0,0.0,0.0,0.0,1.0,0.0,0.0,0.0,0.333333,0.333333,0.0,0.0,0.0,0.333333,0.0,0.333333,0.0,0.0,0.0,0.0,1.0,0.0,0.0,0.0,0.333333,0.0,0.0,0.333333
QIH,0,0,0.333333,0.0,0.0,0.0,0.0,0.0,0.666667,0.0,0.0,0.0,0.333333,0.333333,0.0,0.0,0.0,0.333333,0.0,0.333333,0.0,0.0,0.0,0.0,0.666667,0.0,0.0,0.333333,0.333333,0.0,0.0,0.333333
WKG,0,1,0.333333,0.0,0.0,0.0,0.0,0.0,1.0,0.0,0.0,0.0,0.333333,0.0,0.0,0.0,0.0,0.0,0.0,0.0,0.0,0.0,0.0,0.0,1.0,0.0,0.0,0.0,0.0,0.0,0.0,0.333333
WKI,0,2,0.333333,0.0,0.0,0.0,0.0,0.0,1.0,0.0,0.0,0.0,0.0,0.0,0.0,0.0,0.0,0.333333,0.0,0.0,0.0,0.0,0.0,0.0,1.0,0.0,0.0,0.333333,0.0,0.0,0.0,0.666667
DNV,0,3,0.333333,0.0,0.0,0.0,0.0,0.0,1.0,0.0,0.0,0.0,0.0,0.333333,0.0,0.0,0.0,0.333333,0.0,0.666667,0.0,0.0,0.0,0.0,1.0,0.0,0.0,0.0,0.0,0.0,0.0,0.333333
AMM,0,4,0.333333,0.0,0.0,0.0,0.0,0.0,1.0,0.0,0.0,0.0,0.333333,0.0,0.0,0.0,0.0,1.0,0.666667,0.0,0.0,0.0,0.0,0.0,1.0,0.0,0.0,0.0,0.0,0.0,0.0,0.666667
MQM,0,0,0.0,0.0,0.0,0.0,0.0,0.0,1.0,0.0,0.0,0.0,0.0,0.333333,0.0,0.0,0.0,0.666667,0.666667,0.333333,0.0,0.0,0.0,0.0,1.0,0.0,0.0,0.0,0.333333,0.0,0.0,0.666667
IQT,0,1,0.333333,0.0,0.0,0.0,0.0,0.0,1.0,0.0,0.0,0.0,0.333333,0.666667,0.0,0.0,0.0,0.333333,0.0,0.666667,0.0,0.0,0.0,0.0,1.0,0.0,0.0,0.333333,0.333333,0.0,0.0,0.333333
CDC,0,2,0.0,0.0,0.0,0.0,0.0,0.0,1.0,0.0,0.0,0.0,0.0,0.666667,0.0,0.0,0.0,0.666667,0.0,0.333333,0.0,0.0,0.0,0.0,1.0,0.0,0.0,0.0,0.0,0.0,0.0,0.666667
CSG,0,3,0.333333,0.0,0.0,0.0,0.0,0.0,1.0,0.0,0.0,0.0,0.666667,0.666667,0.0,0.0,0.0,0.333333,0.0,0.333333,0.0,0.0,0.0,0.0,1.0,0.0,0.0,0.0,0.0,0.0,0.0,0.333333
HWS,0,4,0.0,0.0,0.0,0.0,0.0,0.0,1.0,0.0,0.0,0.0,0.666667,0.333333,0.0,0.0,0.0,0.0,0.0,0.333333,0.0,0.0,0.0,0.0,1.0,0.0,0.0,0.0,0.0,0.0,0.0,0.333333
VCQ,0,0,0.333333,0.0,0.0,0.0,0.0,0.0,1.0,0.0,0.0,0.0,0.0,0.666667,0.0,0.0,0.0,0.666667,0.0,0.333333,0.0,0.0,0.0,0.0,1.0,0.0,0.0,0.0,0.333333,0.0,0.0,0.666667
QTF,0,1,0.0,0.0,0.0,0.0,0.0,0.0,0.666667,0.0,0.0,0.0,0.333333,0.666667,0.0,0.0,0.0,0.333333,0.0,0.666667,0.0,0.0,0.0,0.0,1.0,0.0,0.0,0.0,0.333333,0.0,0.0,0.333333
TGM,0,2,0.333333,0.0,0.0,0.0,0.0,0.0,1.0,0.0,0.0,0.0,0.666667,0.333333,0.0,0.0,0.0,0.333333,0.333333,0.333333,0.0,0.0,0.0,0.0,1.0,0.0,0.0,0.0,0.0,0.0,0.0,0.333333
NCN,0,3,0.0,0.0,0.0,0.0,0.0,0.0,1.0,0.0,0.0,0.0,0.0,1.0,0.0,0.0,0.0,0.333333,0.0,0.666667,0.0,0.0,0.0,0.0,1.0,0.0,0.0,0.0,0.0,0.0,0.0,0.333333
CYF,0,4,0.0,0.0,0.0,0.0,0.0,0.0,0.333333,0.0,0.0,0.0,0.333333,0.333333,0.0,0.0,0.0,0.666667,0.0,0.333333,0.0,0.0,0.0,0.0,1.0,0.0,0.0,0.0,0.0,0.0,0.0,0.666667
THM,0,0,0.0,0.0,0.0,0.0,0.0,0.0,1.0,0.0,0.0,0.0,0.666667,0.333333,0.0,0.0,0.0,0.333333,0.333333,0.333333,0.0,0.0,0.0,0.0,1.0,0.0,0.0,0.0,0.0,0.0,0.0,0.333333
CIK,0,1,0.333333,0.0,0.0,0.0,0.0,0.0,1.0,0.0,0.0,0.0,0.0,0.333333,0.0,0.0,0.0,0.666667,0.0,0.0,0.0,0.0,0.0,0.0,0.666667,0.0,0.0,0.333333,0.0,0.0,0.0,0.666667
WDW,0,2,0.0,0.0,0.0,0.0,0.0,0.0,0.666667,0.0,0.0,0.0,0.0,0.0,0.0,0.0,0.0,0.0,0.0,0.333333,0.0,0.0,0.0,0.0,1.0,0.0,0.0,0.0,0.0,0.0,0.0,0.666667
MNR,0,3,0.0,0.0,0.0,0.0,0.0,0.0,1.0,0.0,0.0,0.0,0.0,0.333333,0.0,0.0,0.0,0.333333,0.333333,0.333333,0.0,0.0,0.0,0.0,0.666667,0.0,0.0,0.0,0.0,0.0,0.0,0.333333
QIQ,0,4,0.333333,0.0,0.0,0.0,0.0,0.0,1.0,0.0,0.0,0.0,0.0,0.666667,0.0,0.0,0.0,0.333333,0.0,0.666667,0.0,0.0,0.0,0.0,1.0,0.0,0.0,0.333333,0.666667,0.0,0.0,0.333333
RTW,0,0,0.0,0.0,0.0,0.0,0.0,0.0,0.666667,0.0,0.0,0.0,0.333333,0.333333,0.0,0.0,0.0,0.0,0.0,0.333333,0.0,0.0,0.0,0.0,1.0,0.0,0.0,0.0,0.0,0.0,0.0,0.333333
RMI,0,1,0.333333,0.0,0.0,0.0,0.0,0.0,1.0,0.0,0.0,0.5,0.0,0.0,0.0,0.0,0.0,0.666667,0.333333,0.0,0.0,0.0,0.0,0.0,1.0,0.0,0.0,0.333333,0.0,0.0,0.0,0.666667
NMT,0,2,0.0,0.0,0.0,0.0,0.0,0.0,1.0,0.0,0.0,0.0,0.333333,0.666667,0.0,0.0,0.0,0.333333,0.333333,0.666667,0.0,0.0,0.0,0.0,1.0,0.0,0.0,0.0,0.0,0.0,0.0,0.333333
TMD,0,3,0.0,0.0,0.0,0.0,0.0,0.0,1.0,0.0,0.0,0.0,0.333333,0.333333,0.0,0.0,0.0,0.333333,0.333333,0.666667,0.0,0.0,0.0,0.0,0.666667,0.0,0.0,0.0,0.0,0.0,0.0,0.333333
NWI,0,4,0.333333,0.0,0.0,0.0,0.0,0.0,1.0,0.0,0.0,0.0,0.0,0.333333,0.0,0.0,0.0,0.333333,0.0,0.333333,0.0,0.0,0.0,0.0,1.0,0.0,0.0,0.333333,0.0,0.0,0.0,0.666667
MEA,0,0,0.333333,0.0,0.0,0.0,0.0,0.0,1.0,0.0,0.0,0.0,0.333333,0.0,0.0,0.0,0.0,0.666667,0.333333,0.333333,0.0,0.0,0.0,0.0,1.0,0.0,0.0,0.0,0.0,0.0,0.0,0.333333
NDT,0,1,0.0,0.0,0.0,0.0,0.0,0.0,1.0,0.0,0.0,0.0,0.333333,0.666667,0.0,0.0,0.0,0.0,0.0,1.0,0.0,0.0,0.0,0.0,1.0,0.0,0.0,0.0,0.0,0.0,0.0,0.0
MTV,0,2,0.333333,0.0,0.0,0.0,0.0,0.0,1.0,0.0,0.0,0.0,0.333333,0.333333,0.0,0.0,0.0,0.666667,0.333333,0.333333,0.0,0.0,0.0,0.0,1.0,0.0,0.0,0.0,0.0,0.0,0.0,0.666667
WWQ,0,3,0.0,0.0,0.0,0.0,0.0,0.0,1.0,0.0,0.0,0.0,0.0,0.333333,0.0,0.0,0.0,0.0,0.0,0.333333,0.0,0.0,0.0,0.0,1.0,0.0,0.0,0.0,0.333333,0.0,0.0,0.666667
FIC,0,4,0.333333,0.0,0.0,0.0,0.0,0.0,1.0,0.0,0.0,0.0,0.0,0.333333,0.0,0.0,0.0,1.0,0.0,0.0,0.0,0.0,0.0,0.0,1.0,0.0,0.0,0.333333,0.0,0.0,0.0,1.0
WWI,0,0,0.333333,0.0,0.0,0.0,0.0,0.0,1.0,0.0,0.0,0.0,0.0,0.0,0.0,0.0,0.0,0.333333,0.0,0.0,0.0,0.0,0.0,0.0,1.0,0.0,0.0,0.333333,0.0,0.0,0.0,1.0
CSW,0,1,0.0,0.0,0.0,0.0,0.0,0.0,0.666667,0.0,0.0,0.0,0.333333,0.666667,0.0,0.0,0.0,0.333333,0.0,0.333333,0.0,0.0,0.0,0.0,1.0,0.0,0.0,0.0,0.0,0.0,0.0,0.666667
THT,0,2,0.0,0.0,0.0,0.0,0.0,0.0,1.0,0.0,0.0,0.0,1.0,0.666667,0.0,0.0,0.0,0.0,0.0,0.666667,0.0,0.0,0.0,0.0,1.0,0.0,0.0,0.0,0.0,0.0,0.0,0.0
VMA,0,3,0.666667,0.0,0.0,0.0,0.0,0.0,1.0,0.0,0.0,0.0,0.333333,0.0,0.0,0.0,0.0,1.0,0.333333,0.0,0.0,0.0,0.0,0.0,1.0,0.0,0.0,0.0,0.0,0.0,0.0,0.666667
CTQ,0,4,0.0,0.0,0.0,0.0,0.0,0.0,1.0,0.0,0.0,0.0,0.333333,1.0,0.0,0.0,0.0,0.333333,0.0,0.666667,0.0,0.0,0.0,0.0,1.0,0.0,0.0,0.0,0.333333,0.0,0.0,0.333333
CTR,0,0,0.0,0.0,0.0,0.0,0.0,0.0,1.0,0.0,0.0,0.0,0.333333,0.666667,0.0,0.0,0.0,0.333333,0.0,0.333333,0.0,0.0,0.0,0.0,0.666667,0.0,0.0,0.0,0.0,0.0,0.0,0.333333
CSN,0,1,0.0,0.0,0.0,0.0,0.0,0.0,1.0,0.0,0.0,0.0,0.333333,1.0,0.0,0.0,0.0,0.333333,0.0,0.666667,0.0,0.0,0.0,0.0,1.0,0.0,0.0,0.0,0.0,0.0,0.0,0.333333
EWV,0,2,0.333333,0.0,0.0,0.0,0.0,0.0,1.0,0.0,0.0,0.0,0.0,0.0,0.0,0.0,0.0,0.333333,0.0,0.333333,0.0,0.0,0.0,0.0,1.0,0.0,0.0,0.0,0.0,0.0,0.0,0.666667
MFH,0,3,0.0,0.0,0.0,0.0,0.0,0.0,0.333333,0.0,0.0,0.0,0.333333,0.0,0.0,0.0,0.0,0.666667,0.333333,0.0,0.0,0.0,0.0,0.0,0.666667,0.0,0.0,0.0,0.0,0.0,0.0,0.666667
WVS,0,4,0.333333,0.0,0.0,0.0,0.0,0.0,1.0,0.0,0.0,0.0,0.333333,0.333333,0.0,0.0,0.0,0.333333,0.0,0.333333,0.0,0.0,0.0,0.0,1.0,0.0,0.0,0.0,0.0,0.0,0.0,0.666667
MGQ,0,0,0.333333,0.0,0.0,0.0,0.0,0.0,1.0,0.0,0.0,0.0,0.333333,0.333333,0.0,0.0,0.0,0.333333,0.333333,0.333333,0.0,0.0,0.0,0.0,1.0,0.0,0.0,0.0,0.333333,0.0,0.0,0.333333
GDC,0,1,0.333333,0.0,0.0,0.0,0.0,0.0,1.0,0.0,0.0,0.0,0.333333,0.333333,0.0,0.0,0.0,0.333333,0.0,0.333333,0.0,0.0,0.0,0.0,1.0,0.0,0.0,0.0,0.0,0.0,0.0,0.333333
DCN,0,2,0.0,0.0,0.0,0.0,0.0,0.0,1.0,0.0,0.0,0.0,0.0,0.666667,0.0,0.0,0.0,0.333333,0.0,0.666667,0.0,0.0,0.0,0.0,1.0,0.0,0.0,0.0,0.0,0.0,0.0,0.333333
QML,0,3,0.333333,0.333333,0.0,0.0,0.0,0.0,1.0,0.0,0.0,0.0,0.0,0.333333,0.0,0.0,0.0,0.666667,0.333333,0.333333,0.0,0.0,0.0,0.0,1.0,0.0,0.0,0.0,0.333333,0.0,0.0,0.666667
KCG,0,4,0.333333,0.0,0.0,0.0,0.0,0.0,1.0,0.0,0.0,0.0,0.333333,0.333333,0.0,0.0,0.0,0.333333,0.0,0.0,0.0,0.0,0.0,0.0,1.0,0.0,0.0,0.0,0.0,0.0,0.0,0.333333
FMP,0,0,0.333333,0.0,0.0,0.0,0.0,0.333333,1.0,0.0,0.0,0.0,0.333333,0.0,0.0,0.0,0.0,0.666667,0.333333,0.0,0.0,0.0,0.0,0.0,1.0,0.0,0.0,0.0,0.0,0.0,0.0,0.666667
VNW,0,1,0.333333,0.0,0.0,0.0,0.0,0.0,0.666667,0.0,0.0,0.0,0.0,0.333333,0.0,0.0,0.0,0.333333,0.0,0.333333,0.0,0.0,0.0,0.0,1.0,0.0,0.0,0.0,0.0,0.0,0.0,0.666667
HQQI,0,2,0.25,0.0,0.0,0.0,0.0,0.0,1.0,0.0,0.0,0.0,0.25,0.5,0.0,0.0,0.0,0.25,0.0,0.5,0.0,0.0,0.0,0.0,1.0,0.0,0.0,0.25,0.5,0.0,0.0,0.25
MPTI,0,3,0.5,0.0,0.0,0.0,0.0,0.25,1.0,0.0,0.0,0.0,0.5,0.25,0.0,0.0,0.0,0.5,0.25,0.25,0.0,0.0,0.0,0.0,1.0,0.0,0.0,0.25,0.0,0.0,0.0,0.5
IWSM,0,4,0.25,0.0,0.0,0.0,0.0,0.0,1.0,0.0,0.0,0.0,0.25,0.25,0.0,0.0,0.0,0.5,0.25,0.25,0.0,0.0,0.0,0.0,1.0,0.0,0.0,0.25,0.0,0.0,0.0,0.75
WKSH,0,0,0.0,0.0,0.0,0.0,0.0,0.0,0.75,0.0,0.0,0.0,0.5,0.25,0.0,0.0,0.0,0.0,0.0,0.25,0.0,0.0,0.0,0.0,0.75,0.0,0.0,0.0,0.0,0.0,0.0,0.25
TMAQ,0,1,0.25,0.0,0.0,0.0,0.0,0.0,1.0,0.0,0.0,0.0,0.5,0.5,0.0,0.0,0.0,0.5,0.25,0.5,0.0,0.0,0.0,0.0,1.0,0.0,0.0,0.0,0.25,0.0,0.0,0.25
MSHK,0,2,0.0,0.0,0.0,0.0,0.0,0.0,1.0,0.0,0.0,0.0,0.5,0.25,0.0,0.0,0.0,0.25,0.25,0.25,0.0,0.0,0.0,0.0,0.5,0.0,0.0,0.0,0.0,0.0,0.0,0.25
FTRS,0,3,0.0,0.0,0.0,0.0,0.333333,0.0,1.0,0.0,0.0,0.0,0.5,0.5,0.0,0.0,0.0,0.25,0.0,0.5,0.0,0.0,0.0,0.0,1.0,0.0,0.0,0.0,0.0,0.0,0.0,0.25
CERR,0,4,0.0,0.0,0.0,0.0,0.0,0.0,1.0,0.0,0.0,0.0,0.0,0.25,0.0,0.0,0.0,0.25,0.0,0.25,0.0,0.0,0.0,0.0,0.25,0.0,0.0,0.0,0.0,0.0,0.0,0.25
WFLN,0,0,0.25,0.25,0.0,0.0,0.0,0.0,1.0,0.0,0.0,0.0,0.0,0.25,0.0,0.0,0.0,0.5,0.0,0.25,0.0,0.0,0.0,0.0,1.0,0.0,0.0,0.0,0.0,0.0,0.0,0.75
MYQI,0,1,0.25,0.0,0.0,0.0,0.0,0.0,1.0,0.0,0.0,0.0,0.25,0.25,0.0,0.0,0.0,0.5,0.25,0.5,0.0,0.0,0.0,0.0,1.0,0.0,0.0,0.25,0.25,0.0,0.0,0.5
NVCR,0,2,0.25,0.0,0.0,0.0,0.0,0.0,1.0,0.0,0.0,0.0,0.0,0.5,0.0,0.0,0.0,0.5,0.0,0.25,0.0,0.0,0.0,0.0,0.75,0.0,0.0,0.0,0.0,0.0,0.0,0.5
ETMV,0,3,0.25,0.0,0.0,0.0,0.0,0.0,1.0,0.0,0.0,0.0,0.25,0.25,0.0,0.0,0.0,0.5,0.25,0.5,0.0,0.0,0.0,0.0,1.0,0.0,0.0,0.0,0.0,0.0,0.0,0.5
QWCF,0,4,0.0,0.0,0.0,0.0,0.0,0.0,0.75,0.0,0.0,0.0,0.0,0.5,0.0,0.0,0.0,0.5,0.0,0.25,0.0,0.0,0.0,0.0,1.0,0.0,0.0,0.0,0.25,0.0,0.0,0.75
KGQM,0,0,0.25,0.0,0.0,0.0,0.0,0.0,1.0,0.0,0.0,0.0,0.25,0.25,0.0,0.0,0.0,0.25,0.25,0.25,0.0,0.0,0.0,0.0,1.0,0.0,0.0,0.0,0.25,0.0,0.0,0.25
SMEL,0,1,0.25,0.25,0.0,0.0,0.0,0.0,1.0,0.0,0.0,0.0,0.25,0.25,0.0,0.0,0.0,0.5,0.25,0.5,0.0,0.0,0.0,0.0,1.0,0.0,0.0,0.0,0.0,0.0,0.0,0.5
DWQK,0,2,0.0,0.0,0.0,0.0,0.0,0.0,1.0,0.0,0.0,0.0,0.0,0.25,0.0,0.0,0.0,0.0,0.0,0.5,0.0,0.0,0.0,0.0,0.75,0.0,0.0,0.0,0.25,0.0,0.0,0.25
QDRC,0,3,0.0,0.0,0.0,0.0,0.0,0.0,1.0,0.0,0.0,0.0,0.0,0.5,0.0,0.0,0.0,0.25,0.0,0.5,0.0,0.0,0.0,0.0,1.0,0.0,0.0,0.0,0.25,0.0,0.0,0.25
MITYL,0,4,0.4,0.2,0.0,0.0,0.0,0.0,1.0,0.0,0.0,0.25,0.4,0.2,0.0,0.0,0.0,0.6,0.2,0.4,0.0,0.0,0.0,0.0,1.0,0.0,0.0,0.2,0.0,0.0,0.0,0.6
NRNQE,0,0,0.0,0.0,0.0,0.0,0.0,0.0,1.0,0.0,0.0,0.0,0.0,0.6,0.0,0.0,0.0,0.0,0.0,0.8,0.0,0.0,0.0,0.0,0.8,0.0,0.0,0.0,0.2,0.0,0.0,0.0
CMALH,0,1,0.4,0.2,0.0,0.25,0.0,0.0,0.8,0.0,0.0,0.0,0.4,0.2,0.0,0.0,0.0,0.8,0.2,0.0,0.0,0.0,0.0,0.0,0.8,0.0,0.0,0.0,0.0,0.0,0.0,0.6
VYMGS,0,2,0.4,0.0,0.0,0.0,0.0,0.0,1.0,0.0,0.0,0.0,0.6,0.2,0.0,0.0,0.0,0.4,0.2,0.4,0.0,0.0,0.0,0.0,1.0,0.0,0.0,0.0,0.0,0.0,0.0,0.4
MILTK,0,3,0.4,0.2,0.0,0.0,0.0,0.0,1.0,0.0,0.0,0.25,0.2,0.2,0.0,0.0,0.0,0.6,0.2,0.2,0.0,0.0,0.0,0.0,0.8,0.0,0.0,0.2,0.0,0.0,0.0,0.6
WSQKG,0,4,0.2,0.0,0.0,0.0,0.0,0.0,1.0,0.0,0.0,0.0,0.4,0.4,0.0,0.0,0.0,0.0,0.0,0.4,0.0,0.0,0.0,0.0,1.0,0.0,0.0,0.0,0.2,0.0,0.0,0.2
MRVQY,0,0,0.2,0.0,0.0,0.0,0.0,0.0,0.8,0.0,0.0,0.0,0.2,0.2,0.0,0.0,0.0,0.4,0.2,0.4,0.0,0.0,0.0,0.0,1.0,0.0,0.0,0.0,0.2,0.0,0.0,0.4
SSFKS,0,1,0.0,0.0,0.0,0.0,0.0,0.0,1.0,0.0,0.0,0.0,0.6,0.6,0.0,0.0,0.0,0.2,0.0,0.6,0.0,0.0,0.0,0.0,1.0,0.0,0.0,0.0,0.0,0.0,0.0,0.2
AMMPW,0,2,0.4,0.0,0.0,0.0,0.0,0.2,0.8,0.0,0.0,0.0,0.4,0.0,0.0,0.0,0.0,0.6,0.4,0.0,0.0,0.0,0.0,0.0,1.0,0.0,0.0,0.0,0.0,0.0,0.0,0.6
CCICC,0,3,0.2,0.0,0.0,0.0,0.0,0.0,1.0,0.0,0.0,0.0,0.0,0.8,0.0,0.0,0.0,1.0,0.0,0.0,0.0,0.0,0.0,0.0,1.0,0.0,0.0,0.2,0.0,0.0,0.0,1.0
WVEMF,0,4,0.2,0.0,0.0,0.0,0.0,0.0,0.8,0.0,0.0,0.0,0.0,0.0,0.0,0.0,0.0,0.6,0.2,0.2,0.0,0.0,0.0,0.0,1.0,0.0,0.0,0.0,0.0,0.0,0.0,0.8
DSHVW,0,0,0.2,0.0,0.0,0.0,0.0,0.0,0.8,0.0,0.0,0.0,0.4,0.2,0.0,0.0,0.0,0.2,0.0,0.4,0.0,0.0,0.0,0.0,1.0,0.0,0.0,0.0,0.0,0.0,0.0,0.4
IFDCR,0,1,0.2,0.0,0.0,0.0,0.0,0.0,1.0,0.0,0.0,0.0,0.0,0.2,0.0,0.0,0.0,0.6,0.0,0.2,0.0,0.0,0.0,0.0,0.8,0.0,0.0,0.2,0.0,0.0,0.0,0.6
NMLDW,0,2,0.2,0.2,0.0,0.0,0.0,0.0,0.8,0.0,0.0,0.0,0.0,0.2,0.0,0.0,0.0,0.4,0.2,0.4,0.0,0.0,0.0,0.0,1.0,0.0,0.0,0.0,0.0,0.0,0.0,0.6
KYWRQR,0,3,0.0,0.0,0.0,0.0,0.0,0.0,1.0,0.0,0.0,0.0,0.166667,0.166667,0.0,0.0,0.0,0.0,0.0,0.333333,0.0,0.0,0.0,0.0,0.833333,0.0,0.0,0.0,0.166667,0.0,0.0,0.166667
NNMMFK,0,4,0.0,0.0,0.0,0.0,0.0,0.0,1.0,0.0,0.0,0.0,0.0,0.333333,0.0,0.0,0.0,0.5,0.333333,0.333333,0.0,0.0,0.0,0.0,0.833333,0.0,0.0,0.0,0.0,0.0,0.0,0.5
QQILRQ,0,0,0.333333,0.166667,0.0,0.0,0.0,0.0,1.0,0.0,0.0,0.0,0.0,0.5,0.0,0.0,0.0,0.333333,0.0,0.5,0.0,0.0,0.0,0.0,1.0,0.0,0.0,0.166667,0.5,0.0,0.0,0.333333
NSTHSC,0,1,0.0,0.0,0.0,0.0,0.0,0.0,1.0,0.0,0.0,0.0,0.666667,0.833333,0.0,0.0,0.0,0.166667,0.0,0.666667,0.0,0.0,0.0,0.25,1.0,0.0,0.0,0.0,0.0,0.0,0.0,0.166667
QCHWQY,0,2,0.0,0.0,0.0,0.0,0.0,0.0,0.833333,0.0,0.0,0.0,0.333333,0.5,0.0,0.0,0.0,0.166667,0.0,0.5,0.0,0.0,0.0,0.0,1.0,0.0,0.0,0.0,0.333333,0.0,0.0,0.333333
CWIEAD,0,3,0.333333,0.0,0.0,0.0,0.0,0.0,1.0,0.0,0.0,0.0,0.166667,0.166667,0.0,0.0,0.0,0.5,0.0,0.333333,0.0,0.0,0.0,0.0,0.833333,0.0,0.0,0.166667,0.0,0.0,0.0,0.5
MTKVYY,0,4,0.166667,0.0,0.0,0.0,0.0,0.0,0.666667,0.0,0.0,0.0,0.5,0.166667,0.0,0.0,0.0,0.333333,0.166667,0.5,0.0,0.0,0.0,0.0,1.0,0.0,0.0,0.0,0.0,0.0,0.0,0.333333
AKMKKS,0,0,0.166667,0.0,0.0,0.0,0.0,0.0,1.0,0.0,0.0,0.0,0.333333,0.166667,0.0,0.0,0.2,0.333333,0.166667,0.166667,0.0,0.0,0.0,0.0,1.0,0.0,0.0,0.0,0.0,0.0,0.0,0.166667
DNCDRR,0,1,0.0,0.0,0.0,0.0,0.0,0.0,1.0,0.0,0.0,0.0,0.0,0.333333,0.0,0.0,0.0,0.166667,0.0,0.5,0.0,0.0,0.0,0.0,0.5,0.0,0.0,0.0,0.0,0.0,0.0,0.166667
HFSWTF,0,2,0.0,0.0,0.0,0.0,0.0,0.0,0.833333,0.0,0.0,0.0,0.5,0.333333,0.0,0.0,0.0,0.333333,0.0,0.333333,0.0,0.0,0.0,0.0,1.0,0.0,0.0,0.0,0.0,0.0,0.0,0.5
TQRSAH,0,3,0.166667,0.0,0.0,0.0,0.2,0.0,0.833333,0.0,0.0,0.0,0.666667,0.5,0.0,0.0,0.0,0.166667,0.0,0.5,0.0,0.0,0.0,0.0,0.833333,0.0,0.0,0.0,0.166667,0.0,0.0,0.0
TMFAPW,0,4,0.333333,0.0,0.0,0.0,0.0,0.166667,0.833333,0.0,0.0,0.0,0.5,0.166667,0.0,0.0,0.0,0.5,0.166667,0.166667,0.0,0.0,0.0,0.0,1.0,0.0,0.0,0.0,0.0,0.0,0.0,0.5
SNSMQR,0,0,0.0,0.0,0.0,0.0,0.0,0.0,1.0,0.0,0.0,0.0,0.333333,0.666667,0.0,0.0,0.0,0.166667,0.166667,0.666667,0.0,0.0,0.0,0.0,0.833333,0.0,0.0,0.0,0.166667,0.0,0.0,0.166667
NMKPWN,0,1,0.166667,0.0,0.0,0.0,0.0,0.166667,1.0,0.0,0.0,0.0,0.166667,0.333333,0.0,0.0,0.0,0.166667,0.166667,0.333333,0.0,0.0,0.0,0.0,1.0,0.0,0.0,0.0,0.0,0.0,0.0,0.333333
DMKWVK,0,2,0.166667,0.0,0.0,0.0,0.0,0.0,1.0,0.0,0.0,0.0,0.0,0.0,0.0,0.0,0.0,0.333333,0.166667,0.166667,0.0,0.0,0.0,0.0,0.833333,0.0,0.0,0.0,0.0,0.0,0.0,0.5
THLWFC,0,3,0.166667,0.166667,0.2,0.0,0.0,0.0,1.0,0.0,0.0,0.0,0.333333,0.333333,0.0,0.0,0.0,0.5,0.0,0.166667,0.0,0.0,0.0,0.0,1.0,0.0,0.0,0.0,0.0,0.0,0.0,0.666667
NQVFMM,0,4,0.166667,0.0,0.0,0.0,0.0,0.0,1.0,0.0,0.0,0.0,0.0,0.333333,0.0,0.0,0.0,0.666667,0.333333,0.333333,0.0,0.0,0.0,0.0,1.0,0.0,0.0,0.0,0.166667,0.0,0.0,0.666667
CHHPCT,0,0,0.166667,0.0,0.0,0.0,0.0,0.166667,1.0,0.0,0.0,0.0,0.666667,0.5,0.0,0.0,0.0,0.333333,0.0,0.166667,0.0,0.0,0.0,0.25,1.0,0.0,0.0,0.0,0.0,0.0,0.0,0.333333
ITNSYV,0,1,0.333333,0.0,0.0,0.0,0.0,0.0,1.0,0.0,0.0,0.0,0.5,0.5,0.0,0.0,0.0,0.333333,0.0,0.666667,0.0,0.0,0.0,0.0,1.0,0.0,0.0,0.166667,0.0,0.0,0.0,0.333333
CAQTCY,0,2,0.166667,0.0,0.0,0.0,0.0,0.0,0.833333,0.0,0.0,0.0,0.5,0.666667,0.0,0.0,0.0,0.5,0.0,0.5,0.0,0.0,0.0,0.0,1.0,0.0,0.0,0.0,0.166667,0.0,0.0,0.333333
EMKMQM,0,3,0.0,0.0,0.0,0.0,0.0,0.0,1.0,0.0,0.0,0.0,0.0,0.166667,0.0,0.0,0.2,0.5,0.5,0.333333,0.0,0.0,0.0,0.0,1.0,0.0,0.0,0.0,0.166667,0.0,0.0,0.5
VRGCCSE,0,4,0.285714,0.0,0.0,0.0,0.0,0.0,1.0,0.0,0.0,0.0,0.285714,0.428571,0.0,0.0,0.0,0.428571,0.0,0.285714,0.0,0.0,0.0,0.0,0.857143,0.0,0.0,0.0,0.0,0.0,0.0,0.428571
WPQMDDY,0,0,0.142857,0.0,0.0,0.0,0.0,0.142857,0.857143,0.0,0.0,0.0,0.285714,0.142857,0.0,0.0,0.0,0.142857,0.142857,0.571429,0.0,0.0,0.0,0.0,1.0,0.0,0.0,0.0,0.142857,0.0,0.0,0.285714
DVNQWCC,0,1,0.142857,0.0,0.0,0.0,0.0,0.0,1.0,0.0,0.0,0.0,0.0,0.571429,0.0,0.0,0.0,0.428571,0.0,0.428571,0.0,0.0,0.0,0.0,1.0,0.0,0.0,0.0,0.142857,0.0,0.0,0.571429
CKWVLID,0,2,0.428571,0.142857,0.0,0.0,0.0,0.0,1.0,0.0,0.0,0.0,0.0,0.142857,0.0,0.0,0.0,0.571429,0.0,0.142857,0.0,0.0,0.0,0.0,0.857143,0.0,0.0,0.142857,0.0,0.0,0.0,0.714286
WYQWLKF,0,3,0.142857,0.142857,0.0,0.0,0.0,0.0,0.857143,0.0,0.0,0.0,0.142857,0.142857,0.0,0.0,0.0,0.285714,0.0,0.285714,0.0,0.0,0.0,0.0,1.0,0.0,0.0,0.0,0.142857,0.0,0.0,0.571429
FTNSWHM,0,4,0.0,0.0,0.0,0.0,0.0,0.0,1.0,0.0,0.0,0.0,0.428571,0.428571,0.0,0.0,0.0,0.285714,0.142857,0.428571,0.0,0.0,0.0,0.0,1.0,0.0,0.0,0.0,0.0,0.0,0.0,0.428571
NSLCCQK,0,0,0.142857,0.142857,0.0,0.0,0.0,0.0,1.0,0.0,0.0,0.0,0.142857,0.714286,0.0,0.0,0.0,0.428571,0.0,0.428571,0.0,0.0,0.0,0.0,0.857143,0.0,0.0,0.0,0.142857,0.0,0.0,0.428571
QMFSKGM,0,1,0.142857,0.0,0.0,0.0,0.0,0.0,1.0,0.0,0.0,0.0,0.285714,0.285714,0.0,0.0,0.0,0.428571,0.285714,0.285714,0.0,0.0,0.0,0.0,1.0,0.0,0.0,0.0,0.142857,0.0,0.0,0.428571
TIRDETT,0,2,0.142857,0.0,0.0,0.0,0.0,0.0,1.0,0.0,0.0,0.0,0.428571,0.428571,0.0,0.0,0.0,0.142857,0.0,0.714286,0.0,0.0,0.0,0.0,1.0,1.0,0.0,0.142857,0.0,0.0,0.0,0.142857
QDYCGNC,0,3,0.142857,0.0,0.0,0.0,0.0,0.0,1.0,0.0,0.0,0.0,0.285714,0.571429,0.0,0.166667,0.0,0.285714,0.0,0.571429,0.0,0.0,0.0,0.0,1.0,0.0,0.0,0.0,0.142857,0.0,0.0,0.285714
NMDVLHT,0,4,0.285714,0.142857,0.0,0.166667,0.0,0.0,1.0,0.0,0.0,0.0,0.285714,0.285714,0.0,0.0,0.0,0.428571,0.142857,0.428571,0.0,0.0,0.0,0.0,1.0,0.0,0.0,0.0,0.0,0.0,0.0,0.428571
KNKYQKE,0,0,0.0,0.0,0.0,0.0,0.0,0.0,1.0,0.0,0.0,0.0,0.142857,0.285714,0.0,0.0,0.0,0.0,0.0,0.571429,0.0,0.0,0.0,0.0,0.714286,0.0,0.0,0.0,0.142857,0.166667,0.0,0.0
FIKFGMMQ,0,1,0.25,0.0,0.0,0.0,0.0,0.0,1.0,0.0,0.0,0.0,0.125,0.125,0.0,0.0,0.0,0.625,0.25,0.125,0.0,0.0,0.0,0.0,1.0,0.0,0.0,0.125,0.125,0.0,0.0,0.625
KNYMLKFS,0,2,0.125,0.125,0.0,0.0,0.0,0.0,1.0,0.0,0.0,0.0,0.25,0.25,0.0,0.0,0.0,0.375,0.125,0.375,0.0,0.0,0.0,0.0,1.0,0.0,0.0,0.0,0.0,0.142857,0.0,0.375
MNMGMFTH,0,3,0.125,0.0,0.0,0.0,0.0,0.0,0.875,0.0,0.0,0.0,0.375,0.25,0.0,0.0,0.0,0.5,0.375,0.25,0.0,0.0,0.0,0.0,0.875,0.0,0.0,0.0,0.0,0.0,0.0,0.5
RVMGHNWL,0,4,0.375,0.125,0.0,0.0,0.0,0.0,1.0,0.0,0.0,0.0,0.25,0.125,0.0,0.0,0.0,0.375,0.125,0.125,0.0,0.0,0.0,0.0,1.0,0.0,0.0,0.0,0.0,0.0,0.0,0.5
TQWHCETS,0,0,0.0,0.0,0.0,0.0,0.0,0.0,1.0,0.0,0.0,0.0,0.5,0.625,0.0,0.0,0.0,0.125,0.0,0.625,0.0,0.0,0.0,0.0,1.0,0.5,0.0,0.0,0.125,0.0,0.0,0.25
NCTVVWTY,0,1,0.25,0.0,0.0,0.0,0.0,0.0,0.875,0.0,0.0,0.0,0.375,0.5,0.0,0.0,0.0,0.375,0.0,0.5,0.0,0.0,0.0,0.0,1.0,0.0,0.0,0.0,0.0,0.0,0.0,0.5
GRIKQMTH,0,2,0.25,0.0,0.0,0.0,0.0,0.0,0.875,0.0,0.0,0.0,0.375,0.25,0.0,0.0,0.0,0.25,0.125,0.25,0.0,0.0,0.0,0.0,0.875,0.0,0.0,0.125,0.125,0.0,0.0,0.25
CVWYHINS,0,3,0.25,0.0,0.0,0.0,0.0,0.0,1.0,0.0,0.0,0.0,0.375,0.375,0.0,0.0,0.0,0.375,0.0,0.375,0.0,0.0,0.0,0.0,1.0,0.0,0.0,0.125,0.0,0.0,0.0,0.5
DFVIAFME,0,4,0.375,0.0,0.0,0.0,0.0,0.0,1.0,0.0,0.0,0.0,0.125,0.0,0.0,0.0,0.0,0.75,0.125,0.25,0.0,0.0,0.0,0.0,0.875,0.0,0.0,0.125,0.0,0.0,0.0,0.625
GFCARDVM,0,0,0.375,0.0,0.0,0.0,0.0,0.0,1.0,0.0,0.0,0.0,0.25,0.125,0.0,0.0,0.0,0.625,0.125,0.125,0.0,0.0,0.0,0.0,1.0,0.0,0.0,0.0,0.0,0.0,0.0,0.5
GCHCRRWG,0,1,0.25,0.0,0.0,0.0,0.0,0.0,1.0,0.0,0.0,0.0,0.375,0.25,0.25,0.0,0.0,0.25,0.0,0.0,0.0,0.0,0.0,0.0,1.0,0.0,0.0,0.0,0.0,0.0,0.0,0.375
QWQNQDSIY,0,2,0.111111,0.0,0.0,0.0,0.0,0.0,0.888889,0.0,0.0,0.0,0.222222,0.555556,0.0,0.0,0.0,0.111111,0.0,0.777778,0.0,0.0,0.0,0.0,1.0,0.0,0.0,0.111111,0.333333,0.0,0.0,0.222222
QNDSMMQCF,0,3,0.0,0.0,0.0,0.0,0.0,0.0,0.888889,0.0,0.0,0.0,0.111111,0.555556,0.0,0.0,0.0,0.444444,0.222222,0.555556,0.0,0.0,0.0,0.0,1.0,0.333333,0.0,0.0,0.222222,0.0,0.0,0.444444
CCRCHRGLW,0,4,0.222222,0.111111,0.125,0.0,0.0,0.0,0.888889,0.0,0.0,0.0,0.222222,0.333333,0.2,0.0,0.0,0.444444,0.0,0.0,0.0,0.0,0.0,0.0,1.0,0.0,0.0,0.0,0.0,0.0,0.0,0.555556
CFIMDVWWQ,0,0,0.222222,0.0,0.0,0.0,0.0,0.0,1.0,0.0,0.0,0.0,0.0,0.222222,0.0,0.0,0.0,0.555556,0.111111,0.222222,0.0,0.0,0.0,0.0,1.0,0.0,0.0,0.111111,0.111111,0.0,0.0,0.777778
KECESQRSW,0,1,0.0,0.0,0.0,0.0,0.125,0.0,0.888889,0.0,0.0,0.0,0.222222,0.444444,0.0,0.0,0.0,0.111111,0.0,0.555556,0.0,0.0,0.0,0.0,1.0,0.0,0.0,0.0,0.111111,0.0,0.0,0.222222
SSHLMSCDS,0,2,0.111111,0.111111,0.0,0.0,0.0,0.0,1.0,0.0,0.0,0.0,0.555556,0.555556,0.0,0.0,0.0,0.333333,0.111111,0.555556,0.0,0.0,0.0,0.0,1.0,0.0,0.0,0.0,0.0,0.0,0.0,0.333333
FHCTNAQGF,0,3,0.222222,0.0,0.0,0.0,0.0,0.0,0.888889,0.0,0.0,0.0,0.444444,0.444444,0.0,0.0,0.0,0.444444,0.0,0.333333,0.0,0.0,0.0,0.0,1.0,0.0,0.0,0.0,0.111111,0.0,0.0,0.333333
RKIMCNNVL,0,4,0.333333,0.111111,0.0,0.0,0.0,0.0,1.0,0.0,0.0,0.0,0.0,0.333333,0.0,0.0,0.0,0.555556,0.111111,0.222222,0.0,0.0,0.0,0.0,1.0,0.0,0.0,0.111111,0.0,0.0,0.0,0.555556
QRGIWHETW,0,0,0.222222,0.0,0.0,0.0,0.0,0.0,0.888889,0.0,0.0,0.0,0.333333,0.222222,0.0,0.0,0.0,0.111111,0.0,0.333333,0.0,0.0,0.0,0.0,1.0,0.0,0.0,0.111111,0.111111,0.0,0.0,0.333333
GMRSADTYA,0,1,0.333333,0.0,0.0,0.0,0.125,0.0,1.0,0.0,0.0,0.0,0.666667,0.222222,0.0,0.0,0.0,0.333333,0.111111,0.444444,0.0,0.142857,0.0,0.0,1.0,0.0,0.0,0.0,0.0,0.0,0.0,0.111111
WMGYDKEKG,0,2,0.222222,0.0,0.0,0.0,0.0,0.0,1.0,0.0,0.0,0.0,0.333333,0.0,0.0,0.0,0.0,0.111111,0.111111,0.333333,0.0,0.0,0.0,0.0,1.0,0.333333,0.0,0.0,0.0,0.0,0.0,0.222222
NRQSDRNPV,0,3,0.222222,0.0,0.0,0.0,0.0,0.111111,1.0,0.0,0.0,0.0,0.222222,0.444444,0.0,0.0,0.0,0.111111,0.0,0.555556,0.0,0.0,0.0,0.0,1.0,0.333333,0.0,0.0,0.111111,0.0,0.0,0.111111
WNRQRLQDK,0,4,0.111111,0.111111,0.0,0.0,0.0,0.0,1.0,0.0,0.0,0.0,0.0,0.333333,0.0,0.0,0.0,0.111111,0.0,0.444444,0.0,0.0,0.0,0.0,0.777778,0.0,0.0,0.0,0.222222,0.0,0.0,0.222222
CYKTDLQMA,0,0,0.222222,0.111111,0.0,0.0,0.0,0.0,1.0,0.0,0.0,0.0,0.333333,0.333333,0.0,0.0,0.0,0.444444,0.111111,0.444444,0.0,0.0,0.0,0.0,1.0,0.0,0.0,0.0,0.111111,0.0,0.0,0.333333
FGMVWDGVA,0,1,0.555556,0.0,0.0,0.0,0.0,0.0,1.0,0.0,0.0,0.0,0.333333,0.0,0.0,0.0,0.0,0.555556,0.111111,0.111111,0.0,0.0,0.0,0.0,1.0,0.0,0.0,0.0,0.0,0.0,0.0,0.555556
NFGFFECKY,0,2,0.111111,0.0,0.0,0.0,0.0,0.0,0.888889,0.0,0.0,0.0,0.222222,0.222222,0.0,0.0,0.0,0.444444,0.0,0.333333,0.0,0.0,0.0,0.0,1.0,0.0,0.0,0.0,0.0,0.0,0.0,0.444444
HECQSTVFH,0,3,0.111111,0.0,0.0,0.0,0.0,0.0,0.777778,0.0,0.0,0.0,0.444444,0.444444,0.0,0.0,0.0,0.333333,0.0,0.444444,0.0,0.0,0.0,0.142857,0.888889,0.0,0.0,0.0,0.111111,0.0,0.0,0.333333
YREMLKTCAP,0,4,0.3,0.1,0.0,0.0,0.0,0.1,1.0,0.0,0.0,0.0,0.4,0.2,0.0,0.0,0.0,0.4,0.1,0.3,0.0,0.0,0.0,0.0,1.0,0.0,0.0,0.0,0.0,0.0,0.0,0.3
CLIKPCPYNM,0,0,0.4,0.1,0.0,0.0,0.0,0.2,1.0,0.0,0.0,0.0,0.3,0.3,0.0,0.0,0.0,0.5,0.1,0.2,0.0,0.0,0.0,0.0,1.0,0.0,0.142857,0.1,0.0,0.0,0.0,0.5
NKGCVISKIA,0,1,0.5,0.0,0.0,0.0,0.0,0.0,1.0,0.0,0.0,0.0,0.3,0.3,0.0,0.0,0.0,0.5,0.0,0.2,0.0,0.0,0.0,0.0,1.0,0.25,0.0,0.2,0.0,0.0,0.0,0.4
MFRRRDRTKE,0,2,0.0,0.0,0.0,0.0,0.0,0.0,1.0,0.0,0.0,0.0,0.1,0.1,0.0,0.0,0.0,0.2,0.1,0.3,0.0,0.0,0.0,0.0,0.8,0.0,0.0,0.0,0.0,0.0,0.0,0.2
PNFQYVRDFC,0,3,0.2,0.0,0.0,0.0,0.0,0.1,1.0,0.0,0.0,0.0,0.2,0.3,0.0,0.0,0.0,0.4,0.0,0.4,0.0,0.0,0.0,0.0,1.0,0.25,0.0,0.0,0.1,0.0,0.0,0.4
HQCLSEPRDH,0,4,0.2,0.1,0.0,0.0,0.0,0.1,0.9,0.0,0.0,0.0,0.4,0.3,0.0,0.0,0.0,0.2,0.0,0.4,0.0,0.0,0.0,0.125,0.7,0.0,0.0,0.0,0.1,0.0,0.0,0.2
NIHHWTSWNA,0,0,0.2,0.0,0.0,0.0,0.0,0.0,1.0,0.0,0.0,0.0,0.5,0.4,0.166667,0.0,0.0,0.2,0.0,0.4,0.0,0.0,0.0,0.0,1.0,0.0,0.0,0.1,0.0,0.0,0.0,0.3
KSWSNWYVCP,0,1,0.2,0.0,0.0,0.0,0.0,0.1,1.0,0.0,0.0,0.0,0.4,0.4,0.0,0.0,0.0,0.2,0.0,0.4,0.0,0.0,0.0,0.0,1.0,0.0,0.0,0.0,0.0,0.0,0.0,0.4
QDEKHINDEN,0,2,0.1,0.0,0.0,0.0,0.0,0.0,1.0,0.0,0.0,0.0,0.1,0.3,0.0,0.0,0.0,0.1,0.0,0.7,0.0,0.0,0.0,0.0,1.0,0.5,0.0,0.1,0.1,0.0,0.0,0.1
ISHVSMYSVL,0,3,0.4,0.1,0.0,0.0,0.0,0.0,1.0,0.0,0.0,0.0,0.5,0.3,0.0,0.0,0.0,0.5,0.1,0.4,0.0,0.0,0.0,0.0,1.0,0.25,0.0,0.1,0.0,0.0,0.0,0.5
TTDRHMTWFC,0,4,0.0,0.0,0.0,0.0,0.0,0.0,1.0,0.0,0.111111,0.0,0.4,0.4,0.0,0.0,0.0,0.3,0.1,0.4,0.0,0.0,0.0,0.0,1.0,0.25,0.0,0.0,0.0,0.0,0.0,0.4
FCIVHPFFLW,0,0,0.4,0.1,0.111111,0.0,0.0,0.1,0.9,0.0,0.0,0.0,0.2,0.1,0.0,0.0,0.0,0.7,0.0,0.0,0.111111,0.0,0.0,0.0,1.0,0.25,0.0,0.1,0.0,0.0,0.0,0.8
EWFYQTQKCD,0,1,0.0,0.0,0.0,0.0,0.0,0.0,1.0,0.0,0.0,0.0,0.2,0.4,0.0,0.0,0.0,0.2,0.0,0.6,0.0,0.0,0.0,0.0,0.9,0.0,0.0,0.0,0.2,0.0,0.0,0.3
QSWIAYTSDQT,0,2,0.181818,0.0,0.0,0.0,0.0,0.0,1.0,0.0,0.0,0.0,0.545455,0.545455,0.0,0.0,0.0,0.181818,0.0,0.727273,0.0,0.0,0.0,0.0,1.0,0.2,0.0,0.090909,0.181818,0.0,0.0,0.181818
TRWDSLCNGTC,0,3,0.181818,0.090909,0.0,0.0,0.0,0.0,1.0,0.0,0.0,0.0,0.363636,0.545455,0.0,0.0,0.0,0.272727,0.0,0.454545,0.0,0.0,0.0,0.0,1.0,0.0,0.0,0.0,0.0,0.0,0.0,0.363636
VFYFEWDMYNS,0,4,0.090909,0.0,0.0,0.0,0.0,0.0,1.0,0.0,0.0,0.0,0.272727,0.181818,0.0,0.0,0.0,0.363636,0.090909,0.545455,0.0,0.0,0.0,0.0,1.0,0.2,0.0,0.0,0.0,0.0,0.0,0.454545
NKMFMDVPCQQ,0,0,0.181818,0.0,0.0,0.0,0.0,0.090909,1.0,0.0,0.0,0.0,0.090909,0.363636,0.0,0.0,0.1,0.454545,0.181818,0.363636,0.0,0.0,0.0,0.0,1.0,0.0,0.0,0.0,0.181818,0.0,0.0,0.454545
HANQFKNQTYN,0,1,0.090909,0.0,0.0,0.0,0.0,0.0,1.0,0.0,0.0,0.0,0.363636,0.545455,0.0,0.0,0.0,0.181818,0.0,0.636364,0.0,0.0,0.0,0.0,1.0,0.0,0.0,0.0,0.181818,0.1,0.0,0.090909
TKTRGEHQNFT,0,2,0.090909,0.0,0.0,0.0,0.0,0.0,1.0,0.0,0.0,0.0,0.454545,0.454545,0.0,0.0,0.0,0.090909,0.0,0.545455,0.0,0.0,0.0,0.0,1.0,0.0,0.0,0.0,0.090909,0.0,0.0,0.090909
IMITHCMPFNN,0,3,0.272727,0.0,0.0,0.0,0.0,0.090909,1.0,0.0,0.0,0.1,0.272727,0.363636,0.0,0.0,0.0,0.545455,0.181818,0.272727,0.1,0.0,0.0,0.0,1.0,0.0,0.0,0.181818,0.0,0.0,0.0,0.545455
KGNITWKCVCW,0,4,0.272727,0.0,0.0,0.0,0.0,0.0,0.909091,0.0,0.0,0.0,0.181818,0.363636,0.0,0.0,0.0,0.363636,0.0,0.181818,0.0,0.0,0.0,0.0,1.0,0.2,0.0,0.090909,0.0,0.0,0.0,0.545455
ANHRMLRSRNI,0,0,0.272727,0.090909,0.0,0.0,0.1,0.0,1.0,0.0,0.0,0.0,0.272727,0.272727,0.0,0.0,0.0,0.363636,0.090909,0.272727,0.0,0.0,0.0,0.0,1.0,0.0,0.0,0.090909,0.0,0.0,0.0,0.272727
FEWCRIHGRLSS,0,1,0.25,0.083333,0.0,0.0,0.0,0.0,1.0,0.0,0.0,0.0,0.333333,0.25,0.0,0.0,0.0,0.333333,0.0,0.25,0.0,0.0,0.0,0.0,1.0,0.0,0.0,0.083333,0.0,0.0,0.0,0.416667
MRKGNLGWVWHR,0,2,0.333333,0.083333,0.0,0.0,0.0,0.0,1.0,0.0,0.0,0.0,0.25,0.083333,0.0,0.0,0.0,0.25,0.083333,0.083333,0.0,0.0,0.0,0.0,0.833333,0.0,0.0,0.0,0.0,0.0,0.0,0.416667
VDNANWYGMSLW,0,3,0.333333,0.083333,0.090909,0.0,0.0,0.0,0.916667,0.0,0.0,0.0,0.333333,0.25,0.0,0.0,0.0,0.333333,0.083333,0.416667,0.0,0.0,0.0,0.0,1.0,0.166667,0.0,0.0,0.0,0.0,0.0,0.416667
KNACYHFCFQTM,0,4,0.083333,0.0,0.0,0.0,0.0,0.0,1.0,0.0,0.0,0.0,0.333333,0.416667,0.0,0.0,0.0,0.5,0.083333,0.333333,0.0,0.0,0.0,0.1,1.0,0.0,0.0,0.0,0.083333,0.090909,0.0,0.416667
TSSTNVCNKWIQ,0,0,0.166667,0.0,0.0,0.0,0.0,0.0,1.0,0.0,0.0,0.0,0.333333,0.666667,0.0,0.0,0.0,0.25,0.0,0.583333,0.0,0.0,0.0,0.0,1.0,0.0,0.0,0.083333,0.083333,0.0,0.0,0.333333
HMWWQKCEQPAH,0,1,0.166667,0.0,0.0,0.0,0.0,0.083333,0.916667,0.0,0.0,0.0,0.333333,0.25,0.0,0.0,0.0,0.25,0.083333,0.25,0.0,0.0,0.0,0.0,0.916667,0.0,0.0,0.0,0.166667,0.0,0.0,0.333333
HMHYFSVFFYVV,0,2,0.25,0.0,0.0,0.0,0.0,0.0,1.0,0.0,0.0,0.0,0.416667,0.083333,0.0,0.0,0.0,0.583333,0.083333,0.25,0.0,0.0,0.0,0.0,1.0,0.166667,0.0,0.0,0.0,0.0,0.0,0.583333
NDMFSDRMREDAN,0,3,0.076923,0.0,0.0,0.0,0.0,0.0,1.0,0.0,0.0,0.0,0.153846,0.230769,0.0,0.0,0.0,0.307692,0.153846,0.538462,0.0,0.0,0.0,0.0,1.0,0.0,0.0,0.0,0.0,0.0,0.0,0.230769
RMMSLPTFRPMVY,0,4,0.307692,0.076923,0.0,0.0,0.0,0.153846,0.923077,0.0,0.0,0.0,0.384615,0.153846,0.0,0.0,0.0,0.461538,0.230769,0.230769,0.0,0.0,0.0,0.0,1.0,0.0,0.0,0.0,0.0,0.0,0.0,0.461538
FDMNWYDGNWVKD,0,0,0.153846,0.0,0.0,0.0,0.0,0.0,1.0,0.0,0.0,0.0,0.153846,0.153846,0.0,0.0,0.0,0.230769,0.076923,0.461538,0.0,0.0,0.0,0.0,0.846154,0.142857,0.0,0.0,0.0,0.0,0.0,0.384615
RHESSTREHNRIN,0,1,0.076923,0.0,0.0,0.0,0.0,0.0,1.0,0.0,0.083333,0.0,0.384615,0.384615,0.0,0.0,0.0,0.076923,0.0,0.538462,0.0,0.0,0.0,0.0,1.0,0.142857,0.0,0.076923,0.0,0.0,0.0,0.076923
CWTWCMADDCVNC,0,2,0.153846,0.0,0.0,0.0,0.0,0.0,1.0,0.0,0.0,0.0,0.153846,0.461538,0.0,0.0,0.0,0.538462,0.076923,0.307692,0.0,0.0,0.0,0.0,1.0,0.0,0.0,0.0,0.0,0.0,0.0,0.615385
FFNKFWKNHRFWL,0,3,0.076923,0.076923,0.0,0.0,0.0,0.0,1.0,0.0,0.0,0.0,0.076923,0.153846,0.0,0.0,0.0,0.384615,0.0,0.153846,0.0,0.0,0.0,0.0,1.0,0.285714,0.0,0.0,0.0,0.083333,0.0,0.538462
NHSHACEWKEGTML,0,4,0.214286,0.071429,0.0,0.0,0.0,0.0,1.0,0.0,0.0,0.0,0.428571,0.285714,0.1,0.0,0.0,0.285714,0.071429,0.357143,0.0,0.0,0.0,0.083333,1.0,0.0,0.0,0.0,0.0,0.0,0.0,0.285714
CNPIKYVHITMDHE,0,0,0.285714,0.0,0.0,0.0,0.0,0.071429,1.0,0.0,0.0,0.0,0.357143,0.214286,0.0,0.0,0.0,0.357143,0.071429,0.357143,0.0,0.0,0.0,0.0,0.785714,0.0,0.0,0.142857,0.0,0.0,0.0,0.357143
FQNQINEETAYGDT,0,1,0.214286,0.0,0.0,0.0,0.0,0.0,1.0,0.0,0.0,0.0,0.357143,0.428571,0.0,0.0,0.0,0.214286,0.0,0.714286,0.0,0.0,0.0,0.0,1.0,0.0,0.0,0.071429,0.142857,0.0,0.0,0.142857
SPDDNSTTCWCVCV,0,2,0.214286,0.0,0.0,0.0,0.0,0.071429,1.0,0.0,0.0,0.0,0.357143,0.571429,0.0,0.0,0.0,0.357143,0.0,0.5,0.0,0.0,0.0,0.0,1.0,0.0,0.0,0.0,0.0,0.0,0.0,0.428571
VTKMVLQCGNSDDD,0,3,0.285714,0.071429,0.0,0.0,0.0,0.0,1.0,0.0,0.0,0.0,0.214286,0.357143,0.0,0.0,0.076923,0.357143,0.071429,0.5,0.0,0.0,0.0,0.0,0.785714,0.0,0.0,0.0,0.071429,0.0,0.0,0.357143
HEHISRQCRGKFCQ,0,4,0.142857,0.0,0.0,0.0,0.0,0.0,1.0,0.0,0.0,0.0,0.285714,0.357143,0.0,0.0,0.0,0.285714,0.0,0.285714,0.0,0.0,0.0,0.0,1.0,0.0,0.0,0.071429,0.142857,0.0,0.0,0.285714
CCMLVCRMRQLQFW,0,0,0.214286,0.142857,0.0,0.0,0.0,0.0,0.857143,0.0,0.0,0.0,0.0,0.357143,0.0,0.0,0.0,0.642857,0.142857,0.142857,0.0,0.0,0.0,0.0,1.0,0.0,0.0,0.0,0.142857,0.0,0.0,0.714286
VAVMLEEVIDMHQC,0,1,0.428571,0.071429,0.0,0.0,0.0,0.0,1.0,0.0,0.0,0.0,0.142857,0.142857,0.0,0.0,0.0,0.642857,0.142857,0.285714,0.0,0.0,0.0,0.083333,1.0,0.0,0.0,0.071429,0.071429,0.0,0.0,0.571429
MSHVKPMQLHQTFGK,0,2,0.266667,0.066667,0.0,0.071429,0.0,0.066667,1.0,0.0,0.0,0.0,0.4,0.266667,0.0,0.0,0.0,0.333333,0.133333,0.266667,0.0,0.0,0.0,0.0,0.933333,0.111111,0.0,0.0,0.133333,0.0,0.0,0.333333
ASMCQLGESGTYVFT,0,3,0.333333,0.066667,0.0,0.0,0.0,0.0,1.0,0.0,0.0,0.0,0.533333,0.4,0.0,0.0,0.0,0.4,0.066667,0.466667,0.0,0.0,0.0,0.0,1.0,0.0,0.0,0.0,0.066667,0.0,0.0,0.333333
QGCMFDLIDEQQVYM,0,4,0.266667,0.066667,0.0,0.0,0.0,0.0,1.0,0.0,0.0,0.0,0.133333,0.266667,0.0,0.0,0.0,0.466667,0.133333,0.466667,0.0,0.0,0.0,0.0,1.0,0.0,0.0,0.066667,0.2,0.0,0.0,0.466667
EYNIFVTFMRLDDIH,0,0,0.266667,0.066667,0.0,0.0,0.0,0.0,0.933333,0.0,0.0,0.0,0.2,0.133333,0.0,0.0,0.0,0.466667,0.066667,0.4,0.0,0.0,0.0,0.0,0.933333,0.0,0.0,0.133333,0.0,0.0,0.0,0.466667
TIMMNAKNIQCHYLQ,0,1,0.266667,0.066667,0.0,0.0,0.0,0.0,1.0,0.0,0.0,0.0,0.266667,0.4,0.0,0.0,0.0,0.466667,0.133333,0.4,0.0,0.0,0.0,0.0,1.0,0.0,0.0,0.133333,0.133333,0.071429,0.0,0.4
VCWHKNGEIFPWINP,0,2,0.4,0.0,0.0,0.0,0.0,0.133333,1.0,0.0,0.0,0.0,0.266667,0.2,0.0,0.0,0.0,0.333333,0.0,0.2,0.0,0.0,0.090909,0.0,1.0,0.0,0.0,0.133333,0.0,0.071429,0.0,0.466667
QVPSNWSCLQYMITL,0,3,0.333333,0.133333,0.0,0.0,0.0,0.066667,1.0,0.0,0.0,0.071429,0.333333,0.466667,0.0,0.0,0.0,0.4,0.066667,0.466667,0.0,0.0,0.0,0.0,1.0,0.111111,0.0,0.066667,0.133333,0.0,0.071429,0.466667
CMRKWKMDIIGTQQDE,0,4,0.1875,0.0,0.0,0.0,0.0,0.0,1.0,0.0,0.0,0.0,0.125,0.25,0.0,0.0,0.066667,0.3125,0.125,0.375,0.0,0.0,0.0,0.0,0.875,0.0,0.0,0.125,0.125,0.0,0.0,0.375
QPNGIYHHWPHIQWRC,0,0,0.3125,0.0,0.0,0.0,0.0,0.125,1.0,0.066667,0.0,0.0,0.4375,0.25,0.0,0.0,0.0,0.1875,0.0,0.25,0.0,0.0,0.0,0.0,1.0,0.0,0.0,0.125,0.125,0.0,0.0,0.3125
MWECEYVMNDCVMPFH,0,1,0.1875,0.0,0.0,0.0,0.0,0.0625,0.875,0.0,0.0,0.0,0.1875,0.1875,0.0,0.0,0.0,0.5,0.1875,0.3125,0.066667,0.0,0.0,0.0,0.9375,0.0,0.0,0.0,0.0,0.0,0.0,0.5625
FRCQPIMWDQIQKKWM,0,2,0.1875,0.0,0.0,0.0,0.0,0.0625,1.0,0.0,0.0,0.0,0.0625,0.25,0.0,0.0,0.0,0.375,0.125,0.25,0.0,0.0,0.0,0.0,1.0,0.1,0.0,0.125,0.1875,0.0,0.0,0.5
WMIPMFNYGWEQFLNN,0,3,0.25,0.0625,0.0,0.0,0.0,0.0625,1.0,0.0,0.0,0.066667,0.1875,0.25,0.0,0.0,0.0,0.375,0.125,0.375,0.0,0.0,0.0,0.0,1.0,0.0,0.0,0.0625,0.0625,0.0,0.0,0.5
SRHKHCFKTNGGIKFL,0,4,0.25,0.0625,0.0,0.0,0.0,0.0,1.0,0.0,0.066667,0.0,0.375,0.25,0.0,0.0,0.0,0.3125,0.0,0.1875,0.0,0.0,0.0,0.0,1.0,0.1,0.0,0.0625,0.0,0.0,0.0,0.3125
IKQQCWLNVLYLVKTW,0,0,0.375,0.1875,0.0,0.0,0.0,0.0,0.9375,0.0,0.0,0.0,0.125,0.3125,0.0,0.0,0.0,0.4375,0.0,0.3125,0.0,0.0,0.0,0.0,1.0,0.0,0.076923,0.0625,0.125,0.0,0.0,0.5625
LDGNYQFECQMIDFKH,0,1,0.1875,0.0625,0.0,0.0,0.0,0.0,0.9375,0.0,0.0,0.066667,0.1875,0.25,0.0,0.0,0.0,0.375,0.0625,0.4375,0.0,0.0,0.0,0.0,0.875,0.0,0.0,0.0625,0.125,0.0,0.0,0.375
FGMHRNGTPRKKSCGD,0,2,0.25,0.0,0.0,0.0,0.0,0.0625,1.0,0.0,0.0,0.0,0.4375,0.25,0.0,0.0,0.0,0.1875,0.0625,0.25,0.0,0.0,0.0,0.0,0.9375,0.0,0.0,0.0,0.0,0.0,0.0,0.1875
ATAWETMKEVQWYYTI,0,3,0.25,0.0,0.0,0.0,0.0,0.0,1.0,0.0,0.0,0.0,0.4375,0.25,0.0,0.0,0.0,0.3125,0.0625,0.5,0.0,0.0,0.0,0.0,1.0,0.0,0.0,0.0625,0.0625,0.0,0.0,0.3125
NGCYSRPECFVNYFGS,0,4,0.25,0.0,0.0,0.0,0.0,0.0625,1.0,0.0,0.0,0.0,0.4375,0.375,0.0,0.0,0.0,0.3125,0.0,0.4375,0.0,0.0,0.0,0.0,1.0,0.1,0.076923,0.0,0.0,0.0,0.0,0.3125
CCHPTCAIPHWPQGWQS,0,0,0.352941,0.0,0.0,0.0,0.0,0.176471,1.0,0.0625,0.0,0.0,0.529412,0.411765,0.0,0.0,0.0,0.294118,0.0,0.235294,0.0,0.0,0.0,0.0,1.0,0.0,0.0,0.058824,0.117647,0.0,0.0,0.352941
MAVWWEVDLDTPCGHWC,0,1,0.352941,0.058824,0.0,0.0,0.0,0.058824,1.0,0.0,0.0,0.0,0.294118,0.176471,0.0,0.0,0.0,0.411765,0.058824,0.235294,0.0,0.0,0.0,0.066667,1.0,0.0,0.0,0.0,0.0,0.0,0.0,0.529412
ENDTFQILV,0,2,0.333333,0.111111,0.0,0.0,0.0,0.0,1.0,0.0,0.0,0.0,0.111111,0.333333,0.0,0.0,0.0,0.444444,0.0,0.555556,0.0,0.0,0.0,0.0,1.0,0.0,0.0,0.111111,0.111111,0.0,0.0,0.444444
NTTMYKER,0,3,0.0,0.0,0.0,0.0,0.0,0.0,1.0,0.0,0.0,0.0,0.375,0.375,0.0,0.0,0.0,0.125,0.125,0.625,0.0,0.0,0.0,0.0,0.625,0.0,0.0,0.0,0.0,0.0,0.0,0.125
CGMWTGATQYDQKGRLI,0,4,0.352941,0.058824,0.0,0.0,0.0,0.0,1.0,0.0,0.0,0.0,0.411765,0.294118,0.0,0.0,0.0,0.294118,0.058824,0.352941,0.0,0.0,0.0,0.0,1.0,0.0,0.0,0.058824,0.117647,0.0,0.0,0.294118
CEDIESKQVSGEQGGCY,0,0,0.294118,0.0,0.0,0.0,0.0,0.0,0.941176,0.0,0.0,0.0,0.352941,0.352941,0.0,0.0,0.0,0.235294,0.0,0.529412,0.0,0.0,0.0,0.0,1.0,0.0,0.0,0.058824,0.117647,0.0,0.0,0.235294
MGVYCESLWQIMEQWKK,0,1,0.235294,0.058824,0.0625,0.0,0.0,0.0,1.0,0.0,0.0,0.0,0.176471,0.235294,0.0,0.0625,0.0,0.352941,0.117647,0.352941,0.0,0.0,0.0,0.0,0.882353,0.090909,0.0,0.058824,0.117647,0.0,0.0,0.470588
GKCQLRMWAQMTQTFAF,0,2,0.235294,0.058824,0.0,0.0,0.0,0.0,0.941176,0.0,0.0,0.0,0.294118,0.352941,0.0,0.0,0.0,0.470588,0.117647,0.294118,0.0,0.0,0.0,0.0,1.0,0.090909,0.0,0.0,0.176471,0.0,0.0,0.411765
LRASQWERWMWLKKNNWK,0,3,0.166667,0.111111,0.0,0.0,0.0,0.0,1.0,0.0,0.0,0.0,0.111111,0.222222,0.0,0.0,0.0,0.222222,0.055556,0.277778,0.0,0.0,0.0,0.0,0.944444,0.166667,0.0,0.0,0.055556,0.058824,0.0,0.388889
KGCHCCNMMFDPIWKILL,0,4,0.333333,0.111111,0.0,0.0,0.0,0.055556,1.0,0.0,0.0,0.0,0.166667,0.222222,0.0,0.0,0.0,0.555556,0.111111,0.111111,0.0,0.0,0.0,0.0625,1.0,0.0,0.0,0.111111,0.0,0.0,0.0,0.611111
TYDARHKGCCFAAEKRVW,0,0,0.277778,0.0,0.0,0.0,0.0,0.0,0.944444,0.0,0.058824,0.0,0.388889,0.166667,0.0,0.0,0.0,0.388889,0.0,0.222222,0.0,0.0,0.0,0.0,1.0,0.0,0.0,0.0,0.0,0.0,0.0,0.277778
WWADEWDCNRYAIICGGG,0,1,0.388889,0.0,0.0,0.0,0.0,0.0,1.0,0.0,0.0,0.0,0.333333,0.166667,0.0,0.0,0.0,0.333333,0.0,0.277778,0.0,0.0,0.0,0.0,1.0,0.0,0.0,0.111111,0.0,0.0,0.0,0.388889
IVDDMDFYWIINMNTVMQ,0,2,0.277778,0.0,0.0,0.0,0.0,0.0,1.0,0.0,0.0,0.0,0.111111,0.222222,0.0,0.0,0.0,0.5,0.166667,0.444444,0.0,0.0,0.0,0.0,1.0,0.0,0.0,0.166667,0.055556,0.0,0.0,0.555556
RMYHGMMMWSMIVLRGLI,0,3,0.388889,0.111111,0.0,0.0,0.0,0.0,1.0,0.0,0.0,0.058824,0.277778,0.055556,0.0,0.0,0.0,0.555556,0.277778,0.111111,0.0,0.0,0.0,0.0,1.0,0.166667,0.0,0.111111,0.0,0.0,0.0,0.611111
INWHPRFMVNYDTQCEATT,0,4,0.210526,0.0,0.0,0.0,0.0,0.052632,1.0,0.0,0.0,0.0,0.368421,0.368421,0.0,0.0,0.0,0.315789,0.052632,0.473684,0.0,0.0,0.0,0.0,1.0,0.076923,0.0,0.052632,0.052632,0.0,0.0,0.315789
VVWQPHIDVEMHWKIMCAS,0,0,0.368421,0.0,0.0,0.0,0.0,0.052632,1.0,0.055556,0.0,0.0,0.263158,0.157895,0.0,0.0,0.0,0.473684,0.105263,0.210526,0.0,0.0,0.0,0.0,1.0,0.076923,0.0,0.105263,0.052632,0.0,0.0,0.526316
HTEYHTLCHCGEMNCHPHW,0,1,0.157895,0.052632,0.0,0.0,0.0,0.052632,0.894737,0.055556,0.0,0.0,0.526316,0.315789,0.0,0.0,0.0,0.263158,0.052632,0.315789,0.0,0.0,0.0,0.0,1.0,0.0,0.0,0.0,0.0,0.0,0.0,0.315789
LNRSKHVCRKATHVEGNNS,0,2,0.263158,0.052632,0.0,0.0,0.055556,0.0,1.0,0.0,0.0,0.0,0.368421,0.368421,0.0,0.0,0.0,0.263158,0.0,0.368421,0.0,0.0,0.0,0.058824,1.0,0.076923,0.0,0.0,0.0,0.0,0.0,0.210526
MTRCRDNYCNWFAQPVIDY,0,3,0.210526,0.0,0.0,0.0,0.0,0.052632,0.947368,0.0,0.0,0.0,0.263158,0.315789,0.0,0.055556,0.0,0.368421,0.052632,0.421053,0.0,0.0,0.0,0.0,1.0,0.0,0.0625,0.052632,0.052632,0.0,0.0,0.368421
CDYMFKHYYGQVMSFAIYI,0,4,0.263158,0.0,0.0,0.0,0.0,0.0,1.0,0.0,0.0,0.0,0.421053,0.157895,0.0,0.0,0.0,0.473684,0.105263,0.368421,0.0,0.0,0.0,0.0,1.0,0.076923,0.0,0.105263,0.052632,0.0,0.0,0.421053
YANVFENASGQPPLMNTMEQ,0,0,0.35,0.05,0.0,0.0,0.0,0.1,1.0,0.0,0.0,0.0,0.4,0.35,0.0,0.0,0.0,0.35,0.1,0.5,0.0,0.0,0.0,0.0,1.0,0.071429,0.0,0.0,0.1,0.0,0.0,0.25
PQDVRLDQNNWSVWKRMCLN,0,1,0.25,0.1,0.0,0.0,0.0,0.05,1.0,0.0,0.0,0.0,0.1,0.35,0.0,0.0,0.0,0.3,0.05,0.4,0.0,0.0,0.0,0.0,1.0,0.071429,0.0,0.0,0.1,0.0,0.0,0.4
SEAESTYIGTMAQFHWLTRY,0,2,0.25,0.05,0.0,0.0,0.0,0.0,0.95,0.0,0.0,0.0,0.55,0.3,0.0,0.0,0.0,0.3,0.05,0.5,0.0,0.0,0.0,0.0,1.0,0.0,0.0,0.05,0.05,0.0,0.0,0.25
LHNTAKDAACCVMNQWYQNF,0,3,0.25,0.05,0.0,0.052632,0.0,0.0,0.95,0.0,0.0,0.0,0.3,0.4,0.0,0.0,0.0,0.45,0.05,0.4,0.0,0.0,0.0,0.0,1.0,0.0,0.058824,0.0,0.1,0.0,0.0,0.35
YIKDMYWMR,0,4,0.111111,0.0,0.0,0.0,0.0,0.0,1.0,0.0,0.0,0.0,0.222222,0.0,0.0,0.0,0.0,0.333333,0.222222,0.333333,0.0,0.0,0.0,0.0,0.888889,0.0,0.0,0.111111,0.0,0.0,0.0,0.444444
DFDKI,0,0,0.2,0.0,0.0,0.0,0.0,0.0,1.0,0.0,0.0,0.0,0.0,0.0,0.0,0.0,0.0,0.4,0.0,0.4,0.0,0.0,0.0,0.0,1.0,0.0,0.0,0.2,0.0,0.0,0.0,0.4
CKNGWSKHT,0,1,0.111111,0.0,0.0,0.0,0.0,0.0,1.0,0.0,0.0,0.0,0.444444,0.444444,0.0,0.0,0.0,0.111111,0.0,0.333333,0.0,0.0,0.0,0.0,1.0,0.0,0.0,0.0,0.0,0.125,0.0,0.222222
IFTIR,0,2,0.4,0.0,0.0,0.0,0.0,0.0,1.0,0.0,0.0,0.0,0.2,0.2,0.0,0.0,0.0,0.6,0.0,0.2,0.0,0.0,0.0,0.0,0.8,0.0,0.0,0.4,0.0,0.0,0.0,0.6
RWTQIWGSNRFY,0,3,0.166667,0.0,0.0,0.0,0.0,0.0,0.833333,0.0,0.0,0.0,0.333333,0.333333,0.0,0.0,0.0,0.166667,0.0,0.416667,0.0,0.0,0.0,0.0,1.0,0.0,0.0,0.083333,0.083333,0.0,0.0,0.333333
QKT,0,4,0.0,0.0,0.0,0.0,0.0,0.0,1.0,0.0,0.0,0.0,0.333333,0.666667,0.0,0.0,0.0,0.0,0.0,0.666667,0.0,0.0,0.0,0.0,1.0,0.0,0.0,0.0,0.333333,0.0,0.0,0.0
TMKTFW,0,0,0.0,0.0,0.0,0.0,0.0,0.0,0.666667,0.0,0.0,0.0,0.333333,0.333333,0.0,0.0,0.0,0.333333,0.166667,0.333333,0.0,0.0,0.0,0.0,1.0,0.0,0.0,0.0,0.0,0.0,0.0,0.5
FII,0,1,0.666667,0.0,0.0,0.0,0.0,0.0,1.0,0.0,0.0,0.0,0.0,0.0,0.0,0.0,0.0,1.0,0.0,0.0,0.0,0.0,0.0,0.0,1.0,0.0,0.0,0.666667,0.0,0.0,0.0,1.0
WSATQHC,0,2,0.142857,0.0,0.0,0.0,0.0,0.0,1.0,0.0,0.0,0.0,0.571429,0.571429,0.0,0.0,0.0,0.285714,0.0,0.428571,0.0,0.0,0.0,0.0,1.0,0.0,0.0,0.0,0.142857,0.0,0.0,0.285714
EFW,0,3,0.0,0.0,0.0,0.0,0.0,0.0,0.333333,0.0,0.0,0.0,0.0,0.0,0.0,0.0,0.0,0.333333,0.0,0.333333,0.0,0.0,0.0,0.0,1.0,0.0,0.0,0.0,0.0,0.0,0.0,0.666667
WAYMA,0,4,0.4,0.0,0.0,0.0,0.0,0.0,1.0,0.0,0.0,0.0,0.6,0.0,0.0,0.0,0.0,0.6,0.2,0.2,0.0,0.0,0.0,0.0,1.0,0.0,0.0,0.0,0.0,0.0,0.0,0.4
FWF,0,0,0.0,0.0,0.0,0.0,0.0,0.0,0.0,0.0,0.0,0.0,0.0,0.0,0.0,0.0,0.0,0.666667,0.0,0.0,0.0,0.0,0.0,0.0,1.0,0.0,0.0,0.0,0.0,0.0,0.0,1.0
KG,0,1,0.5,0.0,0.0,0.0,0.0,0.0,1.0,0.0,0.0,0.0,0.5,0.0,0.0,0.0,0.0,0.0,0.0,0.0,0.0,0.0,0.0,0.0,1.0,0.0,0.0,0.0,0.0,0.0,0.0,0.0
QNF,0,2,0.0,0.0,0.0,0.0,0.0,0.0,0.666667,0.0,0.0,0.0,0.0,0.666667,0.0,0.0,0.0,0.333333,0.0,0.666667,0.0,0.0,0.0,0.0,1.0,0.0,0.0,0.0,0.333333,0.0,0.0,0.333333
AMNGDQSDHRDIVP,0,3,0.357143,0.0,0.0,0.0,0.0,0.071429,1.0,0.0,0.0,0.0,0.357143,0.214286,0.0,0.0,0.0,0.285714,0.071429,0.428571,0.0,0.0,0.0,0.0,1.0,0.125,0.0,0.071429,0.071429,0.0,0.0,0.214286
DTM,0,4,0.0,0.0,0.0,0.0,0.0,0.0,1.0,0.0,0.0,0.0,0.333333,0.333333,0.0,0.0,0.0,0.333333,0.333333,0.666667,0.0,0.0,0.0,0.0,1.0,0.0,0.0,0.0,0.0,0.0,0.0,0.333333
TMF,0,0,0.0,0.0,0.0,0.0,0.0,0.0,0.666667,0.0,0.0,0.0,0.333333,0.333333,0.0,0.0,0.0,0.666667,0.333333,0.333333,0.0,0.0,0.0,0.0,1.0,0.0,0.0,0.0,0.0,0.0,0.0,0.666667
RFTSG,0,1,0.2,0.0,0.0,0.0,0.0,0.0,1.0,0.0,0.0,0.0,0.6,0.4,0.0,0.0,0.0,0.2,0.0,0.4,0.0,0.0,0.0,0.0,1.0,0.0,0.0,0.0,0.0,0.0,0.0,0.2
FSTYFHYCI,0,2,0.111111,0.0,0.0,0.0,0.0,0.0,1.0,0.0,0.0,0.0,0.555556,0.333333,0.0,0.125,0.0,0.444444,0.0,0.444444,0.0,0.0,0.0,0.142857,1.0,0.0,0.0,0.111111,0.0,0.0,0.0,0.444444
DKSTF,0,3,0.0,0.0,0.0,0.0,0.0,0.0,0.8,0.0,0.0,0.0,0.4,0.4,0.0,0.0,0.0,0.2,0.0,0.6,0.0,0.0,0.0,0.0,1.0,0.0,0.0,0.0,0.0,0.0,0.0,0.2
II,0,4,1.0,0.0,0.0,0.0,0.0,0.0,1.0,0.0,0.0,0.0,0.0,0.0,0.0,0.0,0.0,1.0,0.0,0.0,0.0,0.0,0.0,0.0,1.0,0.0,0.0,1.0,0.0,0.0,0.0,1.0
RCK,0,0,0.0,0.0,0.0,0.0,0.0,0.0,1.0,0.0,0.0,0.0,0.0,0.333333,0.0,0.0,0.0,0.333333,0.0,0.0,0.0,0.0,0.0,0.0,0.666667,0.0,0.0,0.0,0.0,0.0,0.0,0.333333
IVFWHSRS,0,1,0.25,0.0,0.0,0.0,0.142857,0.0,1.0,0.0,0.0,0.0,0.375,0.25,0.0,0.0,0.0,0.375,0.0,0.25,0.0,0.0,0.0,0.0,1.0,0.0,0.0,0.125,0.0,0.0,0.0,0.5
DFN,0,2,0.0,0.0,0.0,0.0,0.0,0.0,1.0,0.0,0.0,0.0,0.0,0.333333,0.0,0.0,0.0,0.333333,0.0,0.666667,0.0,0.0,0.0,0.0,1.0,0.0,0.0,0.0,0.0,0.0,0.0,0.333333
AFM,0,3,0.333333,0.0,0.0,0.0,0.0,0.0,1.0,0.0,0.0,0.0,0.333333,0.0,0.0,0.0,0.0,1.0,0.333333,0.0,0.0,0.0,0.0,0.0,1.0,0.0,0.0,0.0,0.0,0.0,0.0,0.666667
INAHKWNMF,0,4,0.222222,0.0,0.0,0.0,0.0,0.0,0.888889,0.0,0.0,0.0,0.222222,0.222222,0.0,0.0,0.0,0.444444,0.111111,0.222222,0.0,0.0,0.0,0.0,1.0,0.0,0.0,0.111111,0.0,0.0,0.0,0.444444
QITTY,0,0,0.2,0.0,0.0,0.0,0.0,0.0,0.8,0.0,0.0,0.0,0.6,0.6,0.0,0.0,0.0,0.2,0.0,0.8,0.0,0.0,0.0,0.0,1.0,0.0,0.0,0.2,0.2,0.0,0.0,0.2
NFT,0,1,0.0,0.0,0.0,0.0,0.0,0.0,1.0,0.0,0.0,0.0,0.333333,0.666667,0.0,0.0,0.0,0.333333,0.0,0.666667,0.0,0.0,0.0,0.0,1.0,0.0,0.0,0.0,0.0,0.0,0.0,0.333333
QRRF,0,2,0.0,0.0,0.0,0.0,0.0,0.0,0.75,0.0,0.0,0.0,0.0,0.25,0.0,0.0,0.0,0.25,0.0,0.25,0.0,0.0,0.0,0.0,1.0,0.0,0.0,0.0,0.25,0.0,0.0,0.25
YNI,0,3,0.333333,0.0,0.0,0.0,0.0,0.0,1.0,0.0,0.0,0.0,0.333333,0.333333,0.0,0.0,0.0,0.333333,0.0,0.666667,0.0,0.0,0.0,0.0,1.0,0.0,0.0,0.333333,0.0,0.0,0.0,0.333333
TNA,0,4,0.333333,0.0,0.0,0.0,0.0,0.0,1.0,0.0,0.0,0.0,0.666667,0.666667,0.0,0.0,0.0,0.333333,0.0,0.666667,0.0,0.0,0.0,0.0,1.0,0.0,0.0,0.0,0.0,0.0,0.0,0.0
IRT,0,0,0.333333,0.0,0.0,0.0,0.0,0.0,1.0,0.0,0.0,0.0,0.333333,0.333333,0.0,0.0,0.0,0.333333,0.0,0.333333,0.0,0.0,0.0,0.0,1.0,0.0,0.0,0.333333,0.0,0.0,0.0,0.333333
KIM,0,1,0.333333,0.0,0.0,0.0,0.0,0.0,1.0,0.0,0.0,0.0,0.0,0.0,0.0,0.0,0.0,0.666667,0.333333,0.0,0.0,0.0,0.0,0.0,1.0,0.0,0.0,0.333333,0.0,0.0,0.0,0.666667
ADHKHTMDGCFI,0,2,0.25,0.0,0.0,0.0,0.0,0.0,1.0,0.0,0.0,0.0,0.416667,0.166667,0.0,0.0,0.0,0.416667,0.083333,0.25,0.0,0.0,0.0,0.0,1.0,0.166667,0.0,0.083333,0.0,0.0,0.0,0.333333
NQD,0,3,0.0,0.0,0.0,0.0,0.0,0.0,1.0,0.0,0.0,0.0,0.0,0.666667,0.0,0.0,0.0,0.0,0.0,1.0,0.0,0.0,0.0,0.0,0.666667,0.0,0.0,0.0,0.333333,0.0,0.0,0.0
ISCSG,0,4,0.4,0.0,0.0,0.0,0.0,0.0,1.0,0.0,0.0,0.0,0.6,0.6,0.0,0.0,0.0,0.4,0.0,0.4,0.0,0.0,0.0,0.0,1.0,0.0,0.0,0.2,0.0,0.0,0.0,0.4
MGMECI,0,0,0.333333,0.0,0.0,0.0,0.0,0.0,1.0,0.0,0.0,0.0,0.166667,0.166667,0.0,0.0,0.0,0.666667,0.333333,0.166667,0.0,0.0,0.0,0.0,1.0,0.0,0.0,0.166667,0.0,0.0,0.0,0.666667
CGGQAMGCIYWCFD,0,1,0.357143,0.0,0.0,0.0,0.0,0.0,1.0,0.0,0.0,0.0,0.357143,0.285714,0.0,0.0,0.0,0.5,0.071429,0.214286,0.0,0.0,0.0,0.0,0.928571,0.0,0.0,0.071429,0.071429,0.0,0.0,0.5
RQILV,0,2,0.6,0.2,0.0,0.0,0.0,0.0,1.0,0.0,0.0,0.0,0.0,0.2,0.0,0.0,0.0,0.6,0.0,0.2,0.0,0.0,0.0,0.0,1.0,0.0,0.0,0.2,0.2,0.0,0.0,0.6
NEF,0,3,0.0,0.0,0.0,0.0,0.0,0.0,0.666667,0.0,0.0,0.0,0.0,0.333333,0.0,0.0,0.0,0.333333,0.0,0.666667,0.0,0.0,0.0,0.0,1.0,0.0,0.0,0.0,0.0,0.0,0.0,0.333333
QNIP,0,4,0.5,0.0,0.0,0.0,0.0,0.25,1.0,0.0,0.0,0.0,0.25,0.5,0.0,0.0,0.0,0.25,0.0,0.5,0.0,0.0,0.0,0.0,1.0,0.0,0.0,0.25,0.25,0.0,0.0,0.25
NVQ,0,0,0.333333,0.0,0.0,0.0,0.0,0.0,1.0,0.0,0.0,0.0,0.0,0.666667,0.0,0.0,0.0,0.333333,0.0,0.666667,0.0,0.0,0.0,0.0,1.0,0.0,0.0,0.0,0.333333,0.0,0.0,0.333333
SCVHES,0,1,0.166667,0.0,0.0,0.0,0.0,0.0,1.0,0.0,0.0,0.0,0.5,0.5,0.0,0.0,0.0,0.333333,0.0,0.5,0.0,0.0,0.0,0.0,1.0,0.0,0.0,0.0,0.0,0.0,0.0,0.333333
NDLWCMSRAYYY,0,2,0.166667,0.083333,0.090909,0.0,0.0,0.0,0.75,0.0,0.0,0.0,0.416667,0.25,0.0,0.0,0.0,0.333333,0.083333,0.5,0.0,0.0,0.0,0.0,1.0,0.0,0.0,0.0,0.0,0.0,0.0,0.333333
NSVM,0,3,0.25,0.0,0.0,0.0,0.0,0.0,1.0,0.0,0.0,0.0,0.25,0.5,0.0,0.0,0.0,0.5,0.25,0.5,0.0,0.0,0.0,0.0,1.0,0.0,0.0,0.0,0.0,0.0,0.0,0.5
QMN,0,4,0.0,0.0,0.0,0.0,0.0,0.0,1.0,0.0,0.0,0.0,0.0,0.666667,0.0,0.0,0.0,0.333333,0.333333,0.666667,0.0,0.0,0.0,0.0,1.0,0.0,0.0,0.0,0.333333,0.0,0.0,0.333333
MKVLKINS,0,0,0.375,0.125,0.0,0.0,0.0,0.0,1.0,0.0,0.0,0.0,0.125,0.25,0.0,0.0,0.0,0.5,0.125,0.25,0.0,0.0,0.0,0.0,1.0,0.0,0.0,0.125,0.0,0.0,0.0,0.5
RI,0,1,0.5,0.0,0.0,0.0,0.0,0.0,1.0,0.0,0.0,0.0,0.0,0.0,0.0,0.0,0.0,0.5,0.0,0.0,0.0,0.0,0.0,0.0,1.0,0.0,0.0,0.5,0.0,0.0,0.0,0.5
IEFCSFSIW,0,2,0.222222,0.0,0.0,0.0,0.0,0.0,0.888889,0.0,0.0,0.0,0.222222,0.333333,0.0,0.0,0.0,0.555556,0.0,0.333333,0.0,0.0,0.0,0.0,1.0,0.0,0.0,0.222222,0.0,0.0,0.0,0.666667
DNKRF,0,3,0.0,0.0,0.0,0.0,0.0,0.0,0.8,0.0,0.0,0.0,0.0,0.2,0.0,0.0,0.0,0.2,0.0,0.4,0.0,0.0,0.0,0.0,1.0,0.0,0.0,0.0,0.0,0.0,0.0,0.2
FSSN,0,4,0.0,0.0,0.0,0.0,0.0,0.0,1.0,0.0,0.0,0.0,0.5,0.75,0.0,0.0,0.0,0.25,0.0,0.75,0.0,0.0,0.0,0.0,1.0,0.0,0.0,0.0,0.0,0.0,0.0,0.25
KGEMRQNQSDQSY,0,0,0.076923,0.0,0.0,0.0,0.0,0.0,0.923077,0.0,0.0,0.0,0.307692,0.461538,0.0,0.0,0.0,0.076923,0.076923,0.692308,0.0,0.0,0.0,0.0,1.0,0.0,0.0,0.0,0.230769,0.0,0.0,0.076923
ACCYWK,0,1,0.166667,0.0,0.0,0.0,0.0,0.0,1.0,0.0,0.0,0.0,0.333333,0.333333,0.0,0.0,0.0,0.5,0.0,0.166667,0.0,0.0,0.0,0.0,0.833333,0.0,0.0,0.0,0.0,0.0,0.0,0.5
MIV,0,2,0.666667,0.0,0.0,0.0,0.0,0.0,1.0,0.0,0.0,0.5,0.0,0.0,0.0,0.0,0.0,1.0,0.333333,0.0,0.0,0.0,0.0,0.0,1.0,0.0,0.0,0.333333,0.0,0.0,0.0,1.0
REVV,0,3,0.5,0.0,0.0,0.0,0.0,0.0,1.0,0.0,0.0,0.0,0.0,0.0,0.0,0.0,0.0,0.5,0.0,0.25,0.0,0.0,0.0,0.0,1.0,0.0,0.0,0.0,0.0,0.0,0.0,0.5
ERN,0,4,0.0,0.0,0.0,0.0,0.0,0.0,1.0,0.0,0.0,0.0,0.0,0.333333,0.0,0.0,0.0,0.0,0.0,0.666667,0.0,0.0,0.0,0.0,1.0,0.0,0.0,0.0,0.0,0.0,0.0,0.0
CIWNAM,0,0,0.333333,0.0,0.0,0.0,0.0,0.0,1.0,0.0,0.0,0.0,0.166667,0.333333,0.0,0.0,0.0,0.666667,0.166667,0.166667,0.0,0.0,0.0,0.0,1.0,0.0,0.333333,0.166667,0.0,0.0,0.0,0.666667
NMLWAWSP,0,1,0.375,0.125,0.142857,0.0,0.0,0.125,1.0,0.0,0.0,0.0,0.375,0.25,0.0,0.0,0.0,0.375,0.125,0.25,0.0,0.0,0.0,0.0,1.0,0.0,0.0,0.0,0.0,0.0,0.0,0.5
KAIMG,0,2,0.6,0.0,0.0,0.0,0.0,0.0,1.0,0.0,0.0,0.0,0.4,0.0,0.0,0.0,0.0,0.6,0.2,0.0,0.0,0.0,0.0,0.0,1.0,0.0,0.0,0.2,0.0,0.0,0.0,0.4
IGSGDNCCFSL,0,3,0.363636,0.090909,0.0,0.0,0.0,0.0,1.0,0.0,0.0,0.0,0.363636,0.454545,0.0,0.0,0.0,0.454545,0.0,0.363636,0.0,0.0,0.0,0.0,1.0,0.0,0.0,0.090909,0.0,0.0,0.0,0.454545
AMQD,0,4,0.25,0.0,0.0,0.0,0.0,0.0,1.0,0.0,0.0,0.0,0.25,0.25,0.0,0.0,0.0,0.5,0.25,0.5,0.0,0.0,0.0,0.0,0.75,0.0,0.0,0.0,0.25,0.0,0.0,0.25
CTPRC,0,0,0.2,0.0,0.0,0.0,0.0,0.2,1.0,0.0,0.0,0.0,0.4,0.6,0.0,0.0,0.0,0.4,0.0,0.2,0.0,0.0,0.0,0.0,1.0,0.0,0.0,0.0,0.0,0.0,0.0,0.4
QMSPTKMQSQ,0,1,0.1,0.0,0.0,0.0,0.0,0.1,1.0,0.0,0.0,0.0,0.4,0.6,0.0,0.0,0.111111,0.2,0.2,0.6,0.0,0.0,0.0,0.0,1.0,0.25,0.0,0.0,0.3,0.0,0.0,0.2
KEN,0,2,0.0,0.0,0.0,0.0,0.0,0.0,1.0,0.0,0.0,0.0,0.0,0.333333,0.0,0.0,0.0,0.0,0.0,0.666667,0.0,0.0,0.0,0.0,1.0,0.0,0.0,0.0,0.0,0.0,0.0,0.0
GVTCTTHWP,0,3,0.333333,0.0,0.0,0.0,0.0,0.111111,1.0,0.0,0.0,0.0,0.666667,0.444444,0.0,0.0,0.0,0.222222,0.0,0.333333,0.0,0.0,0.0,0.0,1.0,0.0,0.0,0.0,0.0,0.0,0.0,0.333333
YERS,0,4,0.0,0.0,0.0,0.0,0.333333,0.0,1.0,0.0,0.0,0.0,0.5,0.25,0.0,0.0,0.0,0.0,0.0,0.75,0.0,0.0,0.0,0.0,1.0,0.0,0.0,0.0,0.0,0.0,0.0,0.0
FGSTNMHY,0,0,0.125,0.0,0.0,0.0,0.0,0.0,0.75,0.0,0.0,0.0,0.625,0.375,0.0,0.0,0.0,0.25,0.125,0.5,0.0,0.0,0.0,0.0,1.0,0.0,0.0,0.0,0.0,0.0,0.0,0.25
QMF,0,1,0.0,0.0,0.0,0.0,0.0,0.0,0.666667,0.0,0.0,0.0,0.0,0.333333,0.0,0.0,0.0,0.666667,0.333333,0.333333,0.0,0.0,0.0,0.0,1.0,0.0,0.0,0.0,0.333333,0.0,0.0,0.666667
DSI,0,2,0.333333,0.0,0.0,0.0,0.0,0.0,1.0,0.0,0.0,0.0,0.333333,0.333333,0.0,0.0,0.0,0.333333,0.0,0.666667,0.0,0.0,0.0,0.0,1.0,0.0,0.0,0.333333,0.0,0.0,0.0,0.333333
MCNYWPCEVP,0,3,0.3,0.0,0.0,0.0,0.0,0.2,1.0,0.0,0.0,0.0,0.3,0.3,0.0,0.0,0.0,0.4,0.1,0.3,0.0,0.0,0.0,0.0,1.0,0.0,0.0,0.0,0.0,0.0,0.0,0.5
SFDWQA,0,4,0.166667,0.0,0.0,0.0,0.0,0.0,1.0,0.0,0.0,0.0,0.333333,0.333333,0.0,0.0,0.0,0.333333,0.0,0.5,0.0,0.0,0.0,0.0,1.0,0.0,0.0,0.0,0.166667,0.0,0.0,0.333333
DVMACASGCNR,0,0,0.363636,0.0,0.0,0.0,0.0,0.0,1.0,0.0,0.0,0.0,0.363636,0.363636,0.0,0.0,0.0,0.545455,0.090909,0.272727,0.0,0.0,0.0,0.0,0.909091,0.0,0.0,0.0,0.0,0.0,0.0,0.363636
ITHT,0,1,0.25,0.0,0.0,0.0,0.0,0.0,1.0,0.0,0.0,0.0,0.75,0.5,0.0,0.0,0.0,0.25,0.0,0.5,0.0,0.0,0.0,0.0,1.0,0.0,0.0,0.25,0.0,0.0,0.0,0.25
NWRQ,0,2,0.0,0.0,0.0,0.0,0.0,0.0,1.0,0.0,0.0,0.0,0.0,0.5,0.0,0.0,0.0,0.0,0.0,0.5,0.0,0.0,0.0,0.0,1.0,0.0,0.0,0.0,0.25,0.0,0.0,0.25
RTKRNWITQCWE,0,3,0.083333,0.0,0.0,0.0,0.0,0.0,1.0,0.0,0.0,0.0,0.166667,0.416667,0.0,0.0,0.0,0.166667,0.0,0.416667,0.0,0.0,0.0,0.0,0.916667,0.166667,0.0,0.083333,0.083333,0.0,0.0,0.333333
WCDWDCYYES,0,4,0.0,0.0,0.0,0.0,0.0,0.0,1.0,0.0,0.0,0.0,0.3,0.3,0.0,0.0,0.0,0.2,0.0,0.6,0.0,0.0,0.0,0.0,1.0,0.0,0.0,0.0,0.0,0.0,0.0,0.4
FTF,0,0,0.0,0.0,0.0,0.0,0.0,0.0,0.666667,0.0,0.0,0.0,0.333333,0.333333,0.0,0.0,0.0,0.666667,0.0,0.333333,0.0,0.0,0.0,0.0,1.0,0.0,0.0,0.0,0.0,0.0,0.0,0.666667
VNWHKF,0,1,0.166667,0.0,0.0,0.0,0.0,0.0,0.833333,0.0,0.0,0.0,0.166667,0.166667,0.0,0.0,0.0,0.333333,0.0,0.166667,0.0,0.0,0.0,0.0,1.0,0.0,0.0,0.0,0.0,0.0,0.0,0.5
NCFWMRG,0,2,0.142857,0.0,0.0,0.0,0.0,0.0,1.0,0.0,0.0,0.0,0.142857,0.285714,0.0,0.0,0.0,0.428571,0.142857,0.142857,0.0,0.0,0.0,0.0,1.0,0.0,0.0,0.0,0.0,0.0,0.0,0.571429
DWSCLC,0,3,0.166667,0.166667,0.0,0.0,0.0,0.0,1.0,0.0,0.0,0.0,0.166667,0.5,0.0,0.0,0.0,0.5,0.0,0.333333,0.0,0.0,0.0,0.0,1.0,0.0,0.0,0.0,0.0,0.0,0.0,0.666667
FICF,0,4,0.25,0.0,0.0,0.0,0.0,0.0,0.75,0.0,0.0,0.0,0.0,0.25,0.0,0.0,0.0,1.0,0.0,0.0,0.0,0.0,0.0,0.0,1.0,0.0,0.0,0.25,0.0,0.0,0.0,1.0
QTMGKG,0,0,0.333333,0.0,0.0,0.0,0.0,0.0,1.0,0.0,0.0,0.0,0.5,0.333333,0.0,0.0,0.0,0.166667,0.166667,0.333333,0.0,0.0,0.0,0.0,1.0,0.0,0.0,0.0,0.166667,0.0,0.0,0.166667
VWLKQV,0,1,0.5,0.166667,0.0,0.0,0.0,0.0,1.0,0.0,0.0,0.0,0.0,0.166667,0.0,0.0,0.0,0.5,0.0,0.166667,0.0,0.0,0.0,0.0,1.0,0.0,0.0,0.0,0.166667,0.0,0.0,0.666667
QHGMI,0,2,0.4,0.0,0.0,0.0,0.0,0.0,1.0,0.0,0.0,0.25,0.4,0.2,0.0,0.0,0.0,0.4,0.2,0.2,0.0,0.0,0.0,0.0,1.0,0.0,0.0,0.2,0.2,0.0,0.0,0.4
NQN,0,3,0.0,0.0,0.0,0.0,0.0,0.0,1.0,0.0,0.0,0.0,0.0,1.0,0.0,0.0,0.0,0.0,0.0,1.0,0.0,0.0,0.0,0.0,1.0,0.0,0.0,0.0,0.333333,0.0,0.0,0.0
FQQKTMTPHYP,0,4,0.181818,0.0,0.0,0.0,0.0,0.181818,1.0,0.1,0.0,0.0,0.545455,0.363636,0.0,0.0,0.0,0.181818,0.090909,0.454545,0.0,0.0,0.0,0.0,1.0,0.0,0.0,0.0,0.181818,0.0,0.0,0.181818
WYRSVITVFR,0,0,0.3,0.0,0.0,0.0,0.111111,0.0,1.0,0.0,0.0,0.0,0.3,0.2,0.0,0.0,0.0,0.4,0.0,0.3,0.0,0.0,0.0,0.0,0.9,0.0,0.0,0.1,0.0,0.0,0.0,0.5
NMN,0,1,0.0,0.0,0.0,0.0,0.0,0.0,1.0,0.0,0.0,0.0,0.0,0.666667,0.0,0.0,0.0,0.333333,0.333333,0.666667,0.0,0.0,0.0,0.0,1.0,0.0,0.0,0.0,0.0,0.0,0.0,0.333333
AFAFNSWINH,0,2,0.3,0.0,0.0,0.0,0.0,0.0,0.9,0.0,0.0,0.0,0.4,0.3,0.0,0.0,0.0,0.5,0.0,0.3,0.0,0.0,0.0,0.0,0.9,0.0,0.0,0.1,0.0,0.0,0.0,0.4
MTFW,0,3,0.0,0.0,0.0,0.0,0.0,0.0,0.5,0.0,0.0,0.0,0.25,0.25,0.0,0.0,0.0,0.5,0.25,0.25,0.0,0.0,0.0,0.0,1.0,0.0,0.0,0.0,0.0,0.0,0.0,0.75
VCN,0,4,0.333333,0.0,0.0,0.0,0.0,0.0,1.0,0.0,0.0,0.0,0.0,0.666667,0.0,0.0,0.0,0.666667,0.0,0.333333,0.0,0.0,0.0,0.0,1.0,0.0,0.0,0.0,0.0,0.0,0.0,0.666667
NIV,0,0,0.666667,0.0,0.0,0.0,0.0,0.0,1.0,0.0,0.0,0.0,0.0,0.333333,0.0,0.0,0.0,0.666667,0.0,0.333333,0.0,0.0,0.0,0.0,1.0,0.0,0.0,0.333333,0.0,0.0,0.0,0.666667
NPYNCEHCKLRRIF,0,1,0.214286,0.071429,0.0,0.0,0.0,0.071429,0.928571,0.0,0.0,0.0,0.214286,0.285714,0.0,0.0,0.0,0.357143,0.0,0.285714,0.0,0.0,0.0,0.0,1.0,0.0,0.0,0.071429,0.0,0.0,0.0,0.357143
TCHQTFAD,0,2,0.125,0.0,0.0,0.0,0.0,0.0,1.0,0.0,0.0,0.0,0.5,0.5,0.0,0.0,0.0,0.375,0.0,0.5,0.0,0.0,0.0,0.0,0.875,0.0,0.0,0.0,0.125,0.0,0.0,0.25
IQIVQCSGTCNWQ,0,3,0.307692,0.0,0.0,0.0,0.0,0.0,1.0,0.0,0.0,0.0,0.230769,0.615385,0.0,0.0,0.0,0.384615,0.0,0.461538,0.0,0.0,0.0,0.0,1.0,0.0,0.0,0.153846,0.230769,0.0,0.0,0.461538
MKSI,0,4,0.25,0.0,0.0,0.0,0.0,0.0,1.0,0.0,0.0,0.0,0.25,0.25,0.0,0.0,0.0,0.5,0.25,0.25,0.0,0.0,0.0,0.0,1.0,0.0,0.0,0.25,0.0,0.0,0.0,0.5
FKI,0,0,0.333333,0.0,0.0,0.0,0.0,0.0,1.0,0.0,0.0,0.0,0.0,0.0,0.0,0.0,0.0,0.666667,0.0,0.0,0.0,0.0,0.0,0.0,1.0,0.0,0.0,0.333333,0.0,0.0,0.0,0.666667
IFQAT,0,1,0.4,0.0,0.0,0.0,0.0,0.0,1.0,0.0,0.0,0.0,0.4,0.4,0.0,0.0,0.0,0.6,0.0,0.4,0.0,0.0,0.0,0.0,1.0,0.0,0.0,0.2,0.2,0.0,0.0,0.4
NSQ,0,2,0.0,0.0,0.0,0.0,0.0,0.0,1.0,0.0,0.0,0.0,0.333333,1.0,0.0,0.0,0.0,0.0,0.0,1.0,0.0,0.0,0.0,0.0,1.0,0.0,0.0,0.0,0.333333,0.0,0.0,0.0
TMV,0,3,0.333333,0.0,0.0,0.0,0.0,0.0,1.0,0.0,0.0,0.0,0.333333,0.333333,0.0,0.0,0.0,0.666667,0.333333,0.333333,0.0,0.0,0.0,0.0,1.0,0.0,0.0,0.0,0.0,0.0,0.0,0.666667
ELGWCDVWMA,0,4,0.4,0.1,0.0,0.0,0.0,0.0,1.0,0.0,0.0,0.0,0.2,0.1,0.0,0.0,0.0,0.5,0.1,0.2,0.0,0.0,0.0,0.0,1.0,0.0,0.0,0.0,0.0,0.0,0.0,0.6
NWKE,0,0,0.0,0.0,0.0,0.0,0.0,0.0,1.0,0.0,0.0,0.0,0.0,0.25,0.0,0.0,0.0,0.0,0.0,0.5,0.0,0.0,0.0,0.0,0.5,0.0,0.0,0.0,0.0,0.0,0.0,0.25
WQCWAKS,0,1,0.142857,0.0,0.0,0.0,0.0,0.0,1.0,0.0,0.0,0.0,0.285714,0.428571,0.0,0.0,0.0,0.285714,0.0,0.285714,0.0,0.0,0.0,0.0,1.0,0.0,0.0,0.0,0.142857,0.0,0.0,0.428571
QRC,0,2,0.0,0.0,0.0,0.0,0.0,0.0,1.0,0.0,0.0,0.0,0.0,0.666667,0.0,0.0,0.0,0.333333,0.0,0.333333,0.0,0.0,0.0,0.0,1.0,0.0,0.0,0.0,0.333333,0.0,0.0,0.333333
TQVWAMKEMR,0,3,0.2,0.0,0.0,0.0,0.0,0.0,1.0,0.0,0.0,0.0,0.2,0.2,0.0,0.0,0.0,0.4,0.2,0.3,0.0,0.0,0.0,0.0,0.9,0.0,0.0,0.0,0.1,0.0,0.0,0.4
NKWGDDWTMMRE,0,4,0.083333,0.0,0.0,0.0,0.0,0.0,1.0,0.0,0.0,0.0,0.166667,0.166667,0.0,0.0,0.0,0.166667,0.166667,0.416667,0.0,0.0,0.0,0.0,0.833333,0.0,0.0,0.0,0.0,0.0,0.0,0.333333
CSYS,0,0,0.0,0.0,0.0,0.0,0.0,0.0,1.0,0.0,0.0,0.0,0.75,0.75,0.0,0.0,0.0,0.25,0.0,0.75,0.0,0.0,0.0,0.0,1.0,0.0,0.0,0.0,0.0,0.0,0.0,0.25
KHWG,0,1,0.25,0.0,0.0,0.0,0.0,0.0,1.0,0.0,0.0,0.0,0.5,0.0,0.0,0.0,0.0,0.0,0.0,0.0,0.0,0.0,0.0,0.0,1.0,0.0,0.0,0.0,0.0,0.0,0.0,0.25
FMLYCFVQ,0,2,0.25,0.125,0.0,0.0,0.0,0.0,1.0,0.0,0.0,0.0,0.125,0.25,0.0,0.142857,0.0,0.75,0.125,0.25,0.0,0.0,0.0,0.0,1.0,0.0,0.0,0.0,0.125,0.0,0.0,0.75
TFT,0,3,0.0,0.0,0.0,0.0,0.0,0.0,1.0,0.0,0.0,0.0,0.666667,0.666667,0.0,0.0,0.0,0.333333,0.0,0.666667,0.0,0.0,0.0,0.0,1.0,0.0,0.0,0.0,0.0,0.0,0.0,0.333333
FSQW,0,4,0.0,0.0,0.0,0.0,0.0,0.0,0.75,0.0,0.0,0.0,0.25,0.5,0.0,0.0,0.0,0.25,0.0,0.5,0.0,0.0,0.0,0.0,1.0,0.0,0.0,0.0,0.25,0.0,0.0,0.5
MAW,0,0,0.333333,0.0,0.0,0.0,0.0,0.0,0.666667,0.0,0.0,0.0,0.333333,0.0,0.0,0.0,0.0,0.666667,0.333333,0.0,0.0,0.0,0.0,0.0,1.0,0.0,0.0,0.0,0.0,0.0,0.0,0.666667
QMWGGGV,0,1,0.571429,0.0,0.0,0.0,0.0,0.0,1.0,0.0,0.0,0.0,0.428571,0.142857,0.0,0.0,0.0,0.285714,0.142857,0.142857,0.0,0.0,0.0,0.0,1.0,0.0,0.0,0.0,0.142857,0.0,0.0,0.428571
FQVCPRFIK,0,2,0.333333,0.0,0.0,0.0,0.0,0.111111,1.0,0.0,0.0,0.0,0.111111,0.222222,0.0,0.0,0.0,0.555556,0.0,0.111111,0.0,0.0,0.0,0.0,0.888889,0.333333,0.0,0.111111,0.111111,0.0,0.0,0.555556
CVHGV,0,3,0.6,0.0,0.0,0.0,0.0,0.0,1.0,0.0,0.0,0.0,0.4,0.2,0.0,0.0,0.0,0.6,0.0,0.0,0.0,0.0,0.0,0.0,1.0,0.0,0.0,0.0,0.0,0.0,0.0,0.6
KPRECN,0,4,0.166667,0.0,0.0,0.0,0.0,0.166667,1.0,0.0,0.0,0.0,0.166667,0.333333,0.0,0.0,0.0,0.166667,0.0,0.333333,0.0,0.0,0.0,0.0,1.0,0.0,0.0,0.0,0.0,0.0,0.0,0.166667
QWEWSLK,0,0,0.142857,0.142857,0.0,0.0,0.0,0.0,1.0,0.0,0.0,0.0,0.142857,0.285714,0.0,0.0,0.0,0.142857,0.0,0.428571,0.0,0.0,0.0,0.0,0.857143,0.0,0.0,0.0,0.142857,0.0,0.0,0.428571
DNSWWDPTS,0,1,0.111111,0.0,0.0,0.0,0.0,0.111111,1.0,0.0,0.0,0.0,0.444444,0.444444,0.0,0.0,0.0,0.0,0.0,0.666667,0.0,0.0,0.0,0.0,1.0,0.333333,0.0,0.0,0.0,0.0,0.0,0.222222
ERS,0,2,0.0,0.0,0.0,0.0,0.5,0.0,1.0,0.0,0.0,0.0,0.333333,0.333333,0.0,0.0,0.0,0.0,0.0,0.666667,0.0,0.0,0.0,0.0,1.0,0.0,0.0,0.0,0.0,0.0,0.0,0.0
TKDMMPY,0,3,0.142857,0.0,0.0,0.0,0.0,0.142857,0.857143,0.0,0.0,0.0,0.428571,0.142857,0.0,0.0,0.0,0.285714,0.285714,0.428571,0.0,0.0,0.0,0.0,1.0,0.0,0.0,0.0,0.0,0.0,0.0,0.285714
FVS,0,4,0.333333,0.0,0.0,0.0,0.0,0.0,1.0,0.0,0.0,0.0,0.333333,0.333333,0.0,0.0,0.0,0.666667,0.0,0.333333,0.0,0.0,0.0,0.0,1.0,0.0,0.0,0.0,0.0,0.0,0.0,0.666667
ENI,0,0,0.333333,0.0,0.0,0.0,0.0,0.0,1.0,0.0,0.0,0.0,0.0,0.333333,0.0,0.0,0.0,0.333333,0.0,0.666667,0.0,0.0,0.0,0.0,1.0,0.0,0.0,0.333333,0.0,0.0,0.0,0.333333
FIRTRDVCM,0,1,0.222222,0.0,0.0,0.0,0.0,0.0,1.0,0.0,0.0,0.0,0.111111,0.222222,0.0,0.0,0.0,0.555556,0.111111,0.222222,0.0,0.0,0.0,0.0,1.0,0.0,0.0,0.111111,0.0,0.0,0.0,0.555556
SMK,0,2,0.0,0.0,0.0,0.0,0.0,0.0,1.0,0.0,0.0,0.0,0.333333,0.333333,0.0,0.0,0.0,0.333333,0.333333,0.333333,0.0,0.0,0.0,0.0,0.666667,0.0,0.0,0.0,0.0,0.0,0.0,0.333333
DNI,0,3,0.333333,0.0,0.0,0.0,0.0,0.0,1.0,0.0,0.0,0.0,0.0,0.333333,0.0,0.0,0.0,0.333333,0.0,0.666667,0.0,0.0,0.0,0.0,1.0,0.0,0.0,0.333333,0.0,0.0,0.0,0.333333
QIN,0,4,0.333333,0.0,0.0,0.0,0.0,0.0,1.0,0.0,0.0,0.0,0.0,0.666667,0.0,0.0,0.0,0.333333,0.0,0.666667,0.0,0.0,0.0,0.0,1.0,0.0,0.0,0.333333,0.333333,0.0,0.0,0.333333
SNI,0,0,0.333333,0.0,0.0,0.0,0.0,0.0,1.0,0.0,0.0,0.0,0.333333,0.666667,0.0,0.0,0.0,0.333333,0.0,0.666667,0.0,0.0,0.0,0.0,1.0,0.0,0.0,0.333333,0.0,0.0,0.0,0.333333
KMPCQDEV,0,1,0.25,0.0,0.0,0.0,0.0,0.125,1.0,0.0,0.0,0.0,0.125,0.25,0.0,0.0,0.142857,0.375,0.125,0.375,0.0,0.0,0.0,0.0,1.0,0.0,0.0,0.0,0.125,0.0,0.0,0.375
DMHGEFQAKFP,0,2,0.272727,0.0,0.0,0.0,0.0,0.090909,1.0,0.0,0.0,0.0,0.363636,0.090909,0.0,0.0,0.0,0.363636,0.090909,0.272727,0.0,0.0,0.0,0.0,1.0,0.0,0.0,0.0,0.090909,0.0,0.0,0.272727
HWLHQHCRINIG,0,3,0.333333,0.083333,0.0,0.090909,0.0,0.0,1.0,0.0,0.0,0.0,0.333333,0.25,0.0,0.0,0.0,0.333333,0.0,0.166667,0.0,0.0,0.0,0.0,1.0,0.0,0.111111,0.166667,0.083333,0.0,0.0,0.416667
IDT,0,4,0.333333,0.0,0.0,0.0,0.0,0.0,1.0,0.0,0.0,0.0,0.333333,0.333333,0.0,0.0,0.0,0.333333,0.0,0.666667,0.0,0.0,0.0,0.0,1.0,0.0,0.0,0.333333,0.0,0.0,0.0,0.333333
QRE,0,0,0.0,0.0,0.0,0.0,0.0,0.0,1.0,0.0,0.0,0.0,0.0,0.333333,0.0,0.0,0.0,0.0,0.0,0.666667,0.0,0.0,0.0,0.0,0.333333,0.0,0.0,0.0,0.333333,0.0,0.0,0.0
QRA,0,1,0.333333,0.0,0.0,0.0,0.0,0.0,1.0,0.0,0.0,0.0,0.333333,0.333333,0.0,0.0,0.0,0.333333,0.0,0.333333,0.0,0.0,0.0,0.0,1.0,0.0,0.0,0.0,0.333333,0.0,0.0,0.0
HCDTIINDNDIHRL,0,2,0.285714,0.071429,0.0,0.0,0.0,0.0,1.0,0.0,0.0,0.0,0.214286,0.285714,0.0,0.0,0.0,0.357143,0.0,0.428571,0.0,0.0,0.0,0.0,1.0,0.125,0.0,0.214286,0.0,0.0,0.0,0.357143
INVHAS,0,3,0.5,0.0,0.0,0.0,0.0,0.0,1.0,0.0,0.0,0.0,0.5,0.333333,0.0,0.0,0.0,0.5,0.0,0.333333,0.0,0.0,0.0,0.0,1.0,0.0,0.0,0.166667,0.0,0.0,0.0,0.333333
EWFGWKN,0,4,0.142857,0.0,0.0,0.0,0.0,0.0,1.0,0.0,0.0,0.0,0.142857,0.142857,0.0,0.0,0.0,0.142857,0.0,0.285714,0.0,0.0,0.0,0.0,1.0,0.0,0.0,0.0,0.0,0.166667,0.0,0.428571
RTF,0,0,0.0,0.0,0.0,0.0,0.0,0.0,0.666667,0.0,0.0,0.0,0.333333,0.333333,0.0,0.0,0.0,0.333333,0.0,0.333333,0.0,0.0,0.0,0.0,1.0,0.0,0.0,0.0,0.0,0.0,0.0,0.333333
IQHKYSWTEHIHLY,0,1,0.214286,0.071429,0.0,0.0,0.0,0.0,0.928571,0.0,0.0,0.0,0.5,0.214286,0.1,0.0,0.0,0.214286,0.0,0.428571,0.0,0.0,0.0,0.0,1.0,0.0,0.0,0.142857,0.071429,0.0,0.0,0.285714
MAF,0,2,0.333333,0.0,0.0,0.0,0.0,0.0,0.666667,0.0,0.0,0.0,0.333333,0.0,0.0,0.0,0.0,1.0,0.333333,0.0,0.0,0.0,0.0,0.0,1.0,0.0,0.0,0.0,0.0,0.0,0.0,0.666667
WFTGSSCFP,0,3,0.222222,0.0,0.0,0.0,0.0,0.111111,1.0,0.0,0.0,0.0,0.555556,0.444444,0.0,0.0,0.0,0.333333,0.0,0.333333,0.0,0.0,0.0,0.0,1.0,0.333333,0.0,0.0,0.0,0.0,0.0,0.444444
MSKYWPNHDENRWK,0,4,0.071429,0.0,0.0,0.0,0.0,0.071429,1.0,0.0,0.0,0.0,0.285714,0.214286,0.0,0.0,0.0,0.071429,0.071429,0.428571,0.0,0.0,0.0,0.0,0.928571,0.0,0.0,0.0,0.0,0.0,0.0,0.214286
KRQN,0,0,0.0,0.0,0.0,0.0,0.0,0.0,1.0,0.0,0.0,0.0,0.0,0.5,0.0,0.0,0.0,0.0,0.0,0.5,0.0,0.0,0.0,0.0,1.0,0.0,0.0,0.0,0.25,0.0,0.0,0.0
NGM,0,1,0.333333,0.0,0.0,0.0,0.0,0.0,1.0,0.0,0.0,0.0,0.333333,0.333333,0.0,0.0,0.0,0.333333,0.333333,0.333333,0.0,0.0,0.0,0.0,1.0,0.0,0.0,0.0,0.0,0.0,0.0,0.333333
YSWMPTDFNSVM,0,2,0.166667,0.0,0.0,0.0,0.0,0.083333,1.0,0.0,0.0,0.0,0.416667,0.333333,0.0,0.0,0.0,0.333333,0.166667,0.5,0.0,0.0,0.0,0.0,1.0,0.0,0.0,0.0,0.0,0.0,0.0,0.416667
QIIRG,0,3,0.6,0.0,0.0,0.0,0.0,0.0,1.0,0.0,0.0,0.0,0.2,0.2,0.0,0.0,0.0,0.4,0.0,0.2,0.0,0.0,0.0,0.0,1.0,0.0,0.0,0.4,0.2,0.0,0.0,0.4
SWG,0,4,0.333333,0.0,0.0,0.0,0.0,0.0,1.0,0.0,0.0,0.0,0.666667,0.333333,0.0,0.0,0.0,0.0,0.0,0.333333,0.0,0.0,0.0,0.0,1.0,0.0,0.0,0.0,0.0,0.0,0.0,0.333333
NNK,0,0,0.0,0.0,0.0,0.0,0.0,0.0,1.0,0.0,0.0,0.0,0.0,0.666667,0.0,0.0,0.0,0.0,0.0,0.666667,0.0,0.0,0.0,0.0,0.666667,0.0,0.0,0.0,0.0,0.0,0.0,0.0
TFF,0,1,0.0,0.0,0.0,0.0,0.0,0.0,0.333333,0.0,0.0,0.0,0.333333,0.333333,0.0,0.0,0.0,0.666667,0.0,0.333333,0.0,0.0,0.0,0.0,1.0,0.0,0.0,0.0,0.0,0.0,0.0,0.666667
CAEGCGEHLC,0,2,0.4,0.1,0.0,0.0,0.0,0.0,1.0,0.0,0.0,0.0,0.4,0.3,0.0,0.0,0.0,0.5,0.0,0.2,0.0,0.0,0.0,0.125,1.0,0.0,0.0,0.0,0.0,0.0,0.0,0.4
KKQDV,0,3,0.2,0.0,0.0,0.0,0.0,0.0,1.0,0.0,0.0,0.0,0.0,0.2,0.0,0.0,0.0,0.2,0.0,0.4,0.0,0.0,0.0,0.0,1.0,0.0,0.0,0.0,0.2,0.0,0.0,0.2
WVDCW,0,4,0.2,0.0,0.0,0.0,0.0,0.0,0.8,0.0,0.0,0.0,0.0,0.2,0.0,0.0,0.0,0.4,0.0,0.2,0.0,0.0,0.0,0.0,1.0,0.0,0.0,0.0,0.0,0.0,0.0,0.8
TSRI,0,0,0.25,0.0,0.0,0.0,0.0,0.0,1.0,0.0,0.0,0.0,0.5,0.5,0.0,0.0,0.0,0.25,0.0,0.5,0.0,0.0,0.0,0.0,1.0,0.0,0.0,0.25,0.0,0.0,0.0,0.25
MAACCNAMHYVAN,0,1,0.384615,0.0,0.0,0.0,0.0,0.0,1.0,0.0,0.0,0.0,0.461538,0.307692,0.0,0.0,0.0,0.692308,0.153846,0.230769,0.0,0.0,0.0,0.0,1.0,0.0,0.0,0.0,0.0,0.0,0.0,0.384615
MCRMN,0,2,0.0,0.0,0.0,0.0,0.0,0.0,1.0,0.0,0.0,0.0,0.0,0.4,0.0,0.0,0.0,0.6,0.4,0.2,0.0,0.0,0.0,0.0,1.0,0.0,0.5,0.0,0.0,0.0,0.0,0.6
NYDW,0,3,0.0,0.0,0.0,0.0,0.0,0.0,0.75,0.0,0.0,0.0,0.25,0.25,0.0,0.0,0.0,0.0,0.0,0.75,0.0,0.0,0.0,0.0,1.0,0.0,0.0,0.0,0.0,0.0,0.0,0.25
INI,0,4,0.666667,0.0,0.0,0.0,0.0,0.0,1.0,0.0,0.0,0.0,0.0,0.333333,0.0,0.0,0.0,0.666667,0.0,0.333333,0.0,0.0,0.0,0.0,1.0,0.0,0.0,0.666667,0.0,0.0,0.0,0.666667
TDT,0,0,0.0,0.0,0.0,0.0,0.0,0.0,1.0,0.0,0.0,0.0,0.666667,0.666667,0.0,0.0,0.0,0.0,0.0,1.0,0.0,0.0,0.0,0.0,1.0,0.0,0.0,0.0,0.0,0.0,0.0,0.0
ITI,0,1,0.666667,0.0,0.0,0.0,0.0,0.0,1.0,0.0,0.0,0.0,0.333333,0.333333,0.0,0.0,0.0,0.666667,0.0,0.333333,0.0,0.0,0.0,0.0,1.0,0.0,0.0,0.666667,0.0,0.0,0.0,0.666667
RSS,0,2,0.0,0.0,0.0,0.0,0.5,0.0,1.0,0.0,0.0,0.0,0.666667,0.666667,0.0,0.0,0.0,0.0,0.0,0.666667,0.0,0.0,0.0,0.0,1.0,0.0,0.0,0.0,0.0,0.0,0.0,0.0
TVTSSTYRHREG,0,3,0.166667,0.0,0.0,0.0,0.0,0.0,1.0,0.0,0.090909,0.0,0.666667,0.416667,0.0,0.0,0.0,0.083333,0.0,0.583333,0.0,0.0,0.0,0.0,1.0,0.0,0.0,0.0,0.0,0.0,0.0,0.083333
CNTWM,0,4,0.0,0.0,0.0,0.0,0.0,0.0,1.0,0.0,0.0,0.0,0.2,0.6,0.0,0.0,0.0,0.4,0.2,0.4,0.0,0.0,0.0,0.0,1.0,0.0,0.0,0.0,0.0,0.0,0.0,0.6
NQMNQVGG,0,0,0.375,0.0,0.0,0.0,0.0,0.0,1.0,0.0,0.0,0.0,0.25,0.5,0.0,0.0,0.0,0.25,0.125,0.5,0.0,0.0,0.0,0.0,1.0,0.0,0.0,0.0,0.25,0.0,0.0,0.25
TEINWQ,0,1,0.166667,0.0,0.0,0.0,0.0,0.0,1.0,0.0,0.0,0.0,0.166667,0.5,0.0,0.0,0.0,0.166667,0.0,0.666667,0.0,0.0,0.0,0.0,1.0,0.0,0.0,0.166667,0.166667,0.0,0.0,0.333333
KCWYQAPA,0,2,0.375,0.0,0.0,0.0,0.0,0.125,1.0,0.0,0.0,0.0,0.5,0.25,0.0,0.0,0.0,0.375,0.0,0.25,0.0,0.0,0.0,0.0,1.0,0.0,0.0,0.0,0.125,0.0,0.0,0.25
NCSYCFNQIRK,0,3,0.090909,0.0,0.0,0.0,0.0,0.0,1.0,0.0,0.0,0.0,0.181818,0.545455,0.0,0.1,0.0,0.363636,0.0,0.454545,0.0,0.0,0.0,0.0,0.818182,0.2,0.0,0.090909,0.090909,0.0,0.0,0.363636
YFRS,0,4,0.0,0.0,0.0,0.0,0.333333,0.0,1.0,0.0,0.0,0.0,0.5,0.25,0.0,0.0,0.0,0.25,0.0,0.5,0.0,0.0,0.0,0.0,1.0,0.0,0.0,0.0,0.0,0.0,0.0,0.25
PMCRMHW,0,0,0.142857,0.0,0.0,0.0,0.0,0.142857,0.714286,0.0,0.0,0.0,0.285714,0.142857,0.0,0.0,0.0,0.428571,0.285714,0.0,0.0,0.0,0.0,0.0,1.0,0.0,0.0,0.0,0.0,0.0,0.0,0.571429
FIN,0,1,0.333333,0.0,0.0,0.0,0.0,0.0,1.0,0.0,0.0,0.0,0.0,0.333333,0.0,0.0,0.0,0.666667,0.0,0.333333,0.0,0.0,0.0,0.0,1.0,0.0,0.0,0.333333,0.0,0.0,0.0,0.666667
KWQW,0,2,0.0,0.0,0.0,0.0,0.0,0.0,0.75,0.0,0.0,0.0,0.0,0.25,0.0,0.0,0.0,0.0,0.0,0.25,0.0,0.0,0.0,0.0,1.0,0.0,0.0,0.0,0.25,0.0,0.0,0.5
GQDWKAMSL,0,3,0.333333,0.111111,0.0,0.0,0.0,0.0,1.0,0.0,0.0,0.0,0.333333,0.222222,0.0,0.0,0.0,0.333333,0.111111,0.333333,0.0,0.0,0.0,0.0,1.0,0.0,0.0,0.0,0.111111,0.0,0.0,0.333333
DFS,0,4,0.0,0.0,0.0,0.0,0.0,0.0,1.0,0.0,0.0,0.0,0.333333,0.333333,0.0,0.0,0.0,0.333333,0.0,0.666667,0.0,0.0,0.0,0.0,1.0,0.0,0.0,0.0,0.0,0.0,0.0,0.333333
QN,0,0,0.0,0.0,0.0,0.0,0.0,0.0,1.0,0.0,0.0,0.0,0.0,1.0,0.0,0.0,0.0,0.0,0.0,1.0,0.0,0.0,0.0,0.0,1.0,0.0,0.0,0.0,0.5,0.0,0.0,0.0
NAWVCLGFMLS,0,1,0.454545,0.181818,0.0,0.0,0.0,0.0,1.0,0.0,0.0,0.0,0.272727,0.272727,0.0,0.0,0.0,0.636364,0.090909,0.181818,0.0,0.0,0.0,0.0,1.0,0.0,0.0,0.0,0.0,0.0,0.0,0.636364
IKHFVR,0,2,0.333333,0.0,0.0,0.0,0.0,0.0,1.0,0.0,0.0,0.0,0.166667,0.0,0.0,0.0,0.0,0.5,0.0,0.0,0.0,0.0,0.0,0.0,0.833333,0.0,0.0,0.166667,0.0,0.0,0.0,0.5
VCRNI,0,3,0.4,0.0,0.0,0.0,0.0,0.0,1.0,0.0,0.0,0.0,0.0,0.4,0.0,0.0,0.0,0.6,0.0,0.2,0.0,0.0,0.0,0.0,1.0,0.0,0.0,0.2,0.0,0.0,0.0,0.6
RDFAEQF,0,4,0.142857,0.0,0.0,0.0,0.0,0.0,0.857143,0.0,0.0,0.0,0.142857,0.142857,0.0,0.0,0.0,0.428571,0.0,0.428571,0.0,0.0,0.0,0.0,1.0,0.0,0.0,0.0,0.142857,0.0,0.0,0.285714
KFW,0,0,0.0,0.0,0.0,0.0,0.0,0.0,0.333333,0.0,0.0,0.0,0.0,0.0,0.0,0.0,0.0,0.333333,0.0,0.0,0.0,0.0,0.0,0.0,1.0,0.0,0.0,0.0,0.0,0.0,0.0,0.666667
TFW,0,1,0.0,0.0,0.0,0.0,0.0,0.0,0.333333,0.0,0.0,0.0,0.333333,0.333333,0.0,0.0,0.0,0.333333,0.0,0.333333,0.0,0.0,0.0,0.0,1.0,0.0,0.0,0.0,0.0,0.0,0.0,0.666667
WR,0,2,0.0,0.0,0.0,0.0,0.0,0.0,1.0,0.0,0.0,0.0,0.0,0.0,0.0,0.0,0.0,0.0,0.0,0.0,0.0,0.0,0.0,0.0,0.5,0.0,0.0,0.0,0.0,0.0,0.0,0.5
MCN,0,3,0.0,0.0,0.0,0.0,0.0,0.0,1.0,0.0,0.0,0.0,0.0,0.666667,0.0,0.0,0.0,0.666667,0.333333,0.333333,0.0,0.0,0.0,0.0,1.0,0.0,0.0,0.0,0.0,0.0,0.0,0.666667
TKMSCCPVSV,0,4,0.3,0.0,0.0,0.0,0.0,0.1,1.0,0.0,0.0,0.0,0.4,0.5,0.0,0.0,0.111111,0.5,0.1,0.3,0.0,0.0,0.0,0.0,1.0,0.0,0.0,0.0,0.0,0.0,0.0,0.5
GMNDRR,0,0,0.166667,0.0,0.0,0.0,0.0,0.0,1.0,0.0,0.0,0.0,0.166667,0.166667,0.0,0.0,0.0,0.166667,0.166667,0.333333,0.0,0.0,0.0,0.0,0.5,0.0,0.0,0.0,0.0,0.0,0.0,0.166667
WCGFL,0,1,0.4,0.2,0.0,0.0,0.0,0.0,1.0,0.0,0.0,0.0,0.2,0.2,0.0,0.0,0.0,0.6,0.0,0.0,0.0,0.0,0.0,0.0,1.0,0.0,0.0,0.0,0.0,0.0,0.0,0.8
QRG,0,2,0.333333,0.0,0.0,0.0,0.0,0.0,1.0,0.0,0.0,0.0,0.333333,0.333333,0.0,0.0,0.0,0.0,0.0,0.333333,0.0,0.0,0.0,0.0,1.0,0.0,0.0,0.0,0.333333,0.0,0.0,0.0
MLV,0,3,0.666667,0.333333,0.0,0.0,0.0,0.0,1.0,0.0,0.0,0.0,0.0,0.0,0.0,0.0,0.0,1.0,0.333333,0.0,0.0,0.0,0.0,0.0,1.0,0.0,0.0,0.0,0.0,0.0,0.0,1.0
QMV,0,4,0.333333,0.0,0.0,0.0,0.0,0.0,1.0,0.0,0.0,0.0,0.0,0.333333,0.0,0.0,0.0,0.666667,0.333333,0.333333,0.0,0.0,0.0,0.0,1.0,0.0,0.0,0.0,0.333333,0.0,0.0,0.666667
AKTCLFM,0,0,0.285714,0.142857,0.0,0.0,0.0,0.0,1.0,0.0,0.0,0.0,0.285714,0.285714,0.0,0.0,0.0,0.714286,0.142857,0.142857,0.0,0.0,0.0,0.0,1.0,0.0,0.0,0.0,0.0,0.0,0.0,0.571429
NTWRI,0,1,0.2,0.0,0.0,0.0,0.0,0.0,1.0,0.0,0.0,0.0,0.2,0.4,0.0,0.0,0.0,0.2,0.0,0.4,0.0,0.0,0.0,0.0,1.0,0.0,0.0,0.2,0.0,0.0,0.0,0.4
IKAMFF,0,2,0.333333,0.0,0.0,0.0,0.0,0.0,0.666667,0.0,0.0,0.0,0.166667,0.0,0.0,0.0,0.0,0.833333,0.166667,0.0,0.0,0.0,0.0,0.0,1.0,0.0,0.0,0.166667,0.0,0.0,0.0,0.666667
MNS,0,3,0.0,0.0,0.0,0.0,0.0,0.0,1.0,0.0,0.0,0.0,0.333333,0.666667,0.0,0.0,0.0,0.333333,0.333333,0.666667,0.0,0.0,0.0,0.0,1.0,0.0,0.0,0.0,0.0,0.0,0.0,0.333333
MPQIRVV,0,4,0.571429,0.0,0.0,0.0,0.0,0.142857,1.0,0.0,0.0,0.0,0.142857,0.142857,0.0,0.0,0.0,0.571429,0.142857,0.142857,0.0,0.0,0.0,0.0,1.0,0.0,0.0,0.142857,0.142857,0.0,0.0,0.571429
WCQT,0,0,0.0,0.0,0.0,0.0,0.0,0.0,1.0,0.0,0.0,0.0,0.25,0.75,0.0,0.0,0.0,0.25,0.0,0.5,0.0,0.0,0.0,0.0,1.0,0.0,0.0,0.0,0.25,0.0,0.0,0.5
TML,0,1,0.333333,0.333333,0.0,0.0,0.0,0.0,1.0,0.0,0.0,0.0,0.333333,0.333333,0.0,0.0,0.0,0.666667,0.333333,0.333333,0.0,0.0,0.0,0.0,1.0,0.0,0.0,0.0,0.0,0.0,0.0,0.666667
KRTCPM,0,2,0.166667,0.0,0.0,0.0,0.0,0.166667,1.0,0.0,0.0,0.0,0.333333,0.333333,0.0,0.0,0.0,0.333333,0.166667,0.166667,0.0,0.0,0.0,0.0,1.0,0.0,0.0,0.0,0.0,0.0,0.0,0.333333
IND,0,3,0.333333,0.0,0.0,0.0,0.0,0.0,1.0,0.0,0.0,0.0,0.0,0.333333,0.0,0.0,0.0,0.333333,0.0,0.666667,0.0,0.0,0.0,0.0,0.666667,0.0,0.0,0.333333,0.0,0.0,0.0,0.333333
CCMFGDQ,0,4,0.142857,0.0,0.0,0.0,0.0,0.0,1.0,0.0,0.0,0.0,0.142857,0.428571,0.0,0.0,0.0,0.571429,0.142857,0.285714,0.0,0.0,0.0,0.0,1.0,0.0,0.0,0.0,0.142857,0.0,0.0,0.571429
WIR,0,0,0.333333,0.0,0.0,0.0,0.0,0.0,1.0,0.0,0.0,0.0,0.0,0.0,0.0,0.0,0.0,0.333333,0.0,0.0,0.0,0.0,0.0,0.0,0.666667,0.0,0.0,0.333333,0.0,0.0,0.0,0.666667
VRS,0,1,0.333333,0.0,0.0,0.0,0.5,0.0,1.0,0.0,0.0,0.0,0.333333,0.333333,0.0,0.0,0.0,0.333333,0.0,0.333333,0.0,0.0,0.0,0.0,1.0,0.0,0.0,0.0,0.0,0.0,0.0,0.333333
QQN,0,2,0.0,0.0,0.0,0.0,0.0,0.0,1.0,0.0,0.0,0.0,0.0,1.0,0.0,0.0,0.0,0.0,0.0,1.0,0.0,0.0,0.0,0.0,1.0,0.0,0.0,0.0,0.666667,0.0,0.0,0.0
QEDW,0,3,0.0,0.0,0.0,0.0,0.0,0.0,0.75,0.0,0.0,0.0,0.0,0.25,0.0,0.0,0.0,0.0,0.0,0.75,0.0,0.0,0.0,0.0,1.0,0.0,0.0,0.0,0.25,0.0,0.0,0.25
CGEVSRNRN,0,4,0.222222,0.0,0.0,0.0,0.0,0.0,1.0,0.0,0.0,0.0,0.222222,0.444444,0.0,0.0,0.0,0.222222,0.0,0.444444,0.0,0.0,0.0,0.0,1.0,0.0,0.0,0.0,0.0,0.0,0.0,0.222222
SYSMLCMKPM,0,0,0.2,0.1,0.0,0.0,0.0,0.1,1.0,0.0,0.0,0.0,0.4,0.3,0.0,0.0,0.0,0.5,0.3,0.3,0.0,0.0,0.0,0.0,1.0,0.25,0.0,0.0,0.0,0.0,0.0,0.5
NDWRHETYCWLL,0,1,0.166667,0.166667,0.0,0.0,0.0,0.0,1.0,0.0,0.090909,0.0,0.25,0.25,0.0,0.090909,0.0,0.25,0.0,0.416667,0.0,0.0,0.0,0.0,1.0,0.0,0.0,0.0,0.0,0.0,0.0,0.416667
SHAEM,0,2,0.2,0.0,0.0,0.0,0.0,0.0,1.0,0.0,0.0,0.0,0.6,0.2,0.0,0.0,0.0,0.4,0.2,0.4,0.0,0.0,0.0,0.0,1.0,0.0,0.0,0.0,0.0,0.0,0.0,0.2
MTNVC,0,3,0.2,0.0,0.0,0.0,0.0,0.0,1.0,0.0,0.0,0.0,0.2,0.6,0.0,0.0,0.0,0.6,0.2,0.4,0.0,0.0,0.0,0.0,1.0,0.0,0.0,0.0,0.0,0.0,0.0,0.6
RRI,0,4,0.333333,0.0,0.0,0.0,0.0,0.0,1.0,0.0,0.0,0.0,0.0,0.0,0.0,0.0,0.0,0.333333,0.0,0.0,0.0,0.0,0.0,0.0,1.0,0.0,0.0,0.333333,0.0,0.0,0.0,0.333333
RRMVNH,0,0,0.166667,0.0,0.0,0.0,0.0,0.0,0.833333,0.0,0.0,0.0,0.166667,0.166667,0.0,0.0,0.0,0.333333,0.166667,0.166667,0.0,0.0,0.0,0.0,0.833333,0.0,0.0,0.0,0.0,0.0,0.0,0.333333
HYCK,0,1,0.0,0.0,0.0,0.0,0.0,0.0,1.0,0.0,0.0,0.0,0.5,0.25,0.0,0.333333,0.0,0.25,0.0,0.25,0.0,0.0,0.0,0.5,0.75,0.0,0.0,0.0,0.0,0.0,0.0,0.25
IVRPWCHRHIMN,0,2,0.333333,0.0,0.0,0.0,0.0,0.083333,1.0,0.0,0.090909,0.0,0.25,0.166667,0.0,0.0,0.0,0.416667,0.083333,0.083333,0.0,0.0,0.0,0.0,1.0,0.0,0.0,0.166667,0.0,0.0,0.0,0.5
TFCVLK,0,3,0.333333,0.166667,0.0,0.0,0.0,0.0,1.0,0.0,0.0,0.0,0.166667,0.333333,0.0,0.0,0.0,0.666667,0.0,0.166667,0.0,0.0,0.0,0.0,0.833333,0.0,0.0,0.0,0.0,0.0,0.0,0.666667
DQMPHGVAFKTCQ,0,4,0.307692,0.0,0.0,0.0,0.0,0.076923,1.0,0.083333,0.0,0.0,0.384615,0.307692,0.0,0.0,0.0,0.384615,0.076923,0.307692,0.0,0.0,0.0,0.0,1.0,0.0,0.0,0.0,0.153846,0.0,0.0,0.307692
NTVPCLYNQFT,0,0,0.272727,0.090909,0.0,0.0,0.0,0.090909,1.0,0.0,0.0,0.0,0.363636,0.545455,0.0,0.0,0.0,0.363636,0.0,0.545455,0.0,0.0,0.0,0.0,1.0,0.0,0.125,0.0,0.090909,0.0,0.0,0.363636
SCCEWMCWHT,0,1,0.0,0.0,0.0,0.0,0.0,0.0,1.0,0.0,0.0,0.0,0.3,0.5,0.0,0.0,0.0,0.4,0.1,0.3,0.0,0.0,0.0,0.0,1.0,0.0,0.0,0.0,0.0,0.0,0.0,0.6
TQF,0,2,0.0,0.0,0.0,0.0,0.0,0.0,0.666667,0.0,0.0,0.0,0.333333,0.666667,0.0,0.0,0.0,0.333333,0.0,0.666667,0.0,0.0,0.0,0.0,1.0,0.0,0.0,0.0,0.333333,0.0,0.0,0.333333
KNFMA,0,3,0.2,0.0,0.0,0.0,0.0,0.0,1.0,0.0,0.0,0.0,0.2,0.2,0.0,0.0,0.0,0.6,0.2,0.2,0.0,0.0,0.0,0.0,1.0,0.0,0.0,0.0,0.0,0.25,0.0,0.4
EWMIHIGV,0,4,0.5,0.0,0.0,0.0,0.0,0.0,1.0,0.0,0.0,0.142857,0.25,0.0,0.0,0.0,0.0,0.5,0.125,0.125,0.0,0.0,0.0,0.0,1.0,0.0,0.0,0.25,0.0,0.0,0.0,0.625
CQDVWF,0,0,0.166667,0.0,0.0,0.0,0.0,0.0,0.666667,0.0,0.0,0.0,0.0,0.333333,0.0,0.0,0.0,0.5,0.0,0.333333,0.0,0.0,0.0,0.0,1.0,0.0,0.0,0.0,0.166667,0.0,0.0,0.666667
EWVKTERQGNCVG,0,1,0.307692,0.0,0.0,0.0,0.0,0.0,1.0,0.0,0.0,0.0,0.230769,0.307692,0.0,0.0,0.0,0.230769,0.0,0.384615,0.0,0.0,0.0,0.0,1.0,0.0,0.0,0.0,0.076923,0.0,0.0,0.307692
TCVFNS,0,2,0.166667,0.0,0.0,0.0,0.0,0.0,1.0,0.0,0.0,0.0,0.333333,0.666667,0.0,0.0,0.0,0.5,0.0,0.5,0.0,0.0,0.0,0.0,1.0,0.0,0.333333,0.0,0.0,0.0,0.0,0.5
CVRFG,0,3,0.4,0.0,0.0,0.0,0.0,0.0,1.0,0.0,0.0,0.0,0.2,0.2,0.0,0.0,0.0,0.6,0.0,0.0,0.0,0.0,0.0,0.0,1.0,0.0,0.0,0.0,0.0,0.0,0.0,0.6
NMEKSCATSSGHK,0,4,0.153846,0.0,0.0,0.0,0.0,0.0,1.0,0.0,0.0,0.0,0.538462,0.461538,0.0,0.0,0.0,0.230769,0.076923,0.461538,0.0,0.0,0.0,0.0,0.846154,0.0,0.0,0.0,0.0,0.0,0.0,0.153846
MRMLCWFPW,0,0,0.222222,0.111111,0.0,0.0,0.0,0.111111,0.888889,0.0,0.0,0.0,0.111111,0.111111,0.0,0.0,0.0,0.555556,0.222222,0.0,0.0,0.0,0.0,0.0,1.0,0.0,0.0,0.0,0.0,0.0,0.0,0.777778
MSW,0,1,0.0,0.0,0.0,0.0,0.0,0.0,0.666667,0.0,0.0,0.0,0.333333,0.333333,0.0,0.0,0.0,0.333333,0.333333,0.333333,0.0,0.0,0.0,0.0,1.0,0.0,0.0,0.0,0.0,0.0,0.0,0.666667
CNCGR,0,2,0.2,0.0,0.0,0.0,0.0,0.0,1.0,0.0,0.0,0.0,0.2,0.6,0.0,0.0,0.0,0.4,0.0,0.2,0.0,0.0,0.0,0.0,0.8,0.0,0.0,0.0,0.0,0.0,0.0,0.4
QDIMVW,0,3,0.333333,0.0,0.0,0.0,0.0,0.0,0.833333,0.0,0.0,0.0,0.0,0.166667,0.0,0.0,0.0,0.5,0.166667,0.333333,0.0,0.0,0.0,0.0,1.0,0.0,0.0,0.166667,0.166667,0.0,0.0,0.666667
NIFKF,0,4,0.2,0.0,0.0,0.0,0.0,0.0,0.8,0.0,0.0,0.0,0.0,0.2,0.0,0.0,0.0,0.6,0.0,0.2,0.0,0.0,0.0,0.0,1.0,0.0,0.0,0.2,0.0,0.0,0.0,0.6
CCWEDL,0,0,0.166667,0.166667,0.0,0.0,0.0,0.0,1.0,0.0,0.0,0.0,0.0,0.333333,0.0,0.0,0.0,0.5,0.0,0.333333,0.0,0.0,0.0,0.0,1.0,0.0,0.0,0.0,0.0,0.0,0.0,0.666667
RCPQH,0,1,0.2,0.0,0.0,0.0,0.0,0.2,0.8,0.0,0.0,0.0,0.4,0.4,0.0,0.0,0.0,0.2,0.0,0.2,0.0,0.0,0.0,0.0,0.8,0.0,0.0,0.0,0.2,0.0,0.0,0.2
SRNT,0,2,0.0,0.0,0.0,0.0,0.0,0.0,1.0,0.0,0.0,0.0,0.5,0.75,0.0,0.0,0.0,0.0,0.0,0.75,0.0,0.0,0.0,0.0,1.0,0.0,0.0,0.0,0.0,0.0,0.0,0.0
MRQYSN,0,3,0.0,0.0,0.0,0.0,0.0,0.0,1.0,0.0,0.0,0.0,0.333333,0.5,0.0,0.0,0.0,0.166667,0.166667,0.666667,0.0,0.0,0.0,0.0,1.0,0.0,0.0,0.0,0.166667,0.0,0.0,0.166667
QFR,0,4,0.0,0.0,0.0,0.0,0.0,0.0,1.0,0.0,0.0,0.0,0.0,0.333333,0.0,0.0,0.0,0.333333,0.0,0.333333,0.0,0.0,0.0,0.0,0.666667,0.0,0.0,0.0,0.333333,0.0,0.0,0.333333
KS,0,0,0.0,0.0,0.0,0.0,0.0,0.0,1.0,0.0,0.0,0.0,0.5,0.5,0.0,0.0,0.0,0.0,0.0,0.5,0.0,0.0,0.0,0.0,1.0,0.0,0.0,0.0,0.0,0.0,0.0,0.0
CCEYNWATWL,0,1,0.2,0.1,0.0,0.0,0.0,0.0,1.0,0.0,0.0,0.0,0.3,0.4,0.0,0.0,0.0,0.4,0.0,0.4,0.0,0.0,0.0,0.0,1.0,0.0,0.142857,0.0,0.0,0.0,0.0,0.5
MPYWFGSC,0,2,0.25,0.0,0.0,0.0,0.0,0.125,1.0,0.0,0.0,0.0,0.5,0.25,0.0,0.0,0.0,0.375,0.125,0.25,0.0,0.0,0.0,0.0,1.0,0.0,0.0,0.0,0.0,0.0,0.0,0.5
SDW,0,3,0.0,0.0,0.0,0.0,0.0,0.0,0.666667,0.0,0.0,0.0,0.333333,0.333333,0.0,0.0,0.0,0.0,0.0,0.666667,0.0,0.0,0.0,0.0,1.0,0.0,0.0,0.0,0.0,0.0,0.0,0.333333
FWS,0,4,0.0,0.0,0.0,0.0,0.0,0.0,1.0,0.0,0.0,0.0,0.333333,0.333333,0.0,0.0,0.0,0.333333,0.0,0.333333,0.0,0.0,0.0,0.0,1.0,0.0,0.0,0.0,0.0,0.0,0.0,0.666667
MNWERK,0,0,0.0,0.0,0.0,0.0,0.0,0.0,1.0,0.0,0.0,0.0,0.0,0.166667,0.0,0.0,0.0,0.166667,0.166667,0.333333,0.0,0.0,0.0,0.0,0.5,0.0,0.0,0.0,0.0,0.0,0.0,0.333333
RNM,0,1,0.0,0.0,0.0,0.0,0.0,0.0,1.0,0.0,0.0,0.0,0.0,0.333333,0.0,0.0,0.0,0.333333,0.333333,0.333333,0.0,0.0,0.0,0.0,1.0,0.0,0.0,0.0,0.0,0.0,0.0,0.333333
IINQTE,0,2,0.333333,0.0,0.0,0.0,0.0,0.0,1.0,0.0,0.0,0.0,0.166667,0.5,0.0,0.0,0.0,0.333333,0.0,0.666667,0.0,0.0,0.0,0.0,0.833333,0.0,0.0,0.333333,0.166667,0.0,0.0,0.333333
WLSSFCACKFF,0,3,0.181818,0.090909,0.0,0.0,0.0,0.0,0.818182,0.0,0.0,0.0,0.272727,0.363636,0.0,0.0,0.0,0.636364,0.0,0.181818,0.0,0.0,0.0,0.0,1.0,0.2,0.0,0.0,0.0,0.0,0.0,0.636364
GHWKGNM,0,4,0.285714,0.0,0.0,0.0,0.0,0.0,1.0,0.0,0.0,0.0,0.428571,0.142857,0.0,0.0,0.0,0.142857,0.142857,0.142857,0.0,0.0,0.0,0.0,1.0,0.0,0.0,0.0,0.0,0.0,0.0,0.285714
RLAYTWQGMC,0,0,0.3,0.1,0.0,0.0,0.0,0.0,1.0,0.0,0.0,0.0,0.4,0.3,0.0,0.0,0.0,0.4,0.1,0.3,0.0,0.0,0.0,0.0,1.0,0.0,0.0,0.0,0.1,0.0,0.0,0.4
RNV,0,1,0.333333,0.0,0.0,0.0,0.0,0.0,1.0,0.0,0.0,0.0,0.0,0.333333,0.0,0.0,0.0,0.333333,0.0,0.333333,0.0,0.0,0.0,0.0,1.0,0.0,0.0,0.0,0.0,0.0,0.0,0.333333
KCN,0,2,0.0,0.0,0.0,0.0,0.0,0.0,1.0,0.0,0.0,0.0,0.0,0.666667,0.0,0.0,0.0,0.333333,0.0,0.333333,0.0,0.0,0.0,0.0,1.0,0.0,0.0,0.0,0.0,0.0,0.0,0.333333
QRT,0,3,0.0,0.0,0.0,0.0,0.0,0.0,1.0,0.0,0.0,0.0,0.333333,0.666667,0.0,0.0,0.0,0.0,0.0,0.666667,0.0,0.0,0.0,0.0,1.0,0.0,0.0,0.0,0.333333,0.0,0.0,0.0
ISMEKFG,0,4,0.285714,0.0,0.0,0.0,0.0,0.0,1.0,0.0,0.0,0.0,0.285714,0.142857,0.0,0.0,0.0,0.428571,0.142857,0.285714,0.0,0.0,0.0,0.0,1.0,0.0,0.0,0.142857,0.0,0.0,0.0,0.428571
TNSYIDLR,0,0,0.25,0.125,0.0,0.0,0.0,0.0,1.0,0.0,0.0,0.0,0.375,0.375,0.0,0.0,0.0,0.25,0.0,0.625,0.0,0.0,0.0,0.0,0.875,0.0,0.0,0.125,0.0,0.0,0.0,0.25
WVR,0,1,0.333333,0.0,0.0,0.0,0.0,0.0,1.0,0.0,0.0,0.0,0.0,0.0,0.0,0.0,0.0,0.333333,0.0,0.0,0.0,0.0,0.0,0.0,0.666667,0.0,0.0,0.0,0.0,0.0,0.0,0.666667
FSQWR,0,2,0.0,0.0,0.0,0.0,0.0,0.0,1.0,0.0,0.0,0.0,0.2,0.4,0.0,0.0,0.0,0.2,0.0,0.4,0.0,0.0,0.0,0.0,0.8,0.0,0.0,0.0,0.2,0.0,0.0,0.4
QIQDYC,0,3,0.166667,0.0,0.0,0.0,0.0,0.0,1.0,0.0,0.0,0.0,0.166667,0.5,0.0,0.2,0.0,0.333333,0.0,0.666667,0.0,0.0,0.0,0.0,1.0,0.0,0.0,0.166667,0.333333,0.0,0.0,0.333333
RPSQADCC,0,4,0.25,0.0,0.0,0.0,0.0,0.125,1.0,0.0,0.0,0.0,0.375,0.5,0.0,0.0,0.0,0.375,0.0,0.375,0.0,0.0,0.0,0.0,1.0,0.0,0.0,0.0,0.125,0.0,0.142857,0.25
WTRAF,0,0,0.2,0.0,0.0,0.0,0.0,0.0,0.8,0.0,0.0,0.0,0.4,0.2,0.0,0.0,0.0,0.4,0.0,0.2,0.0,0.0,0.0,0.0,1.0,0.0,0.0,0.0,0.0,0.0,0.0,0.4
RM,0,1,0.0,0.0,0.0,0.0,0.0,0.0,1.0,0.0,0.0,0.0,0.0,0.0,0.0,0.0,0.0,0.5,0.5,0.0,0.0,0.0,0.0,0.0,1.0,0.0,0.0,0.0,0.0,0.0,0.0,0.5
LTCTARRTCHAVCG,0,2,0.357143,0.071429,0.0,0.0,0.0,0.0,1.0,0.0,0.0,0.0,0.5,0.428571,0.0,0.0,0.0,0.5,0.0,0.214286,0.0,0.0,0.0,0.0,1.0,0.375,0.0,0.0,0.0,0.0,0.0,0.357143
IKTD,0,3,0.25,0.0,0.0,0.0,0.0,0.0,1.0,0.0,0.0,0.0,0.25,0.25,0.0,0.0,0.0,0.25,0.0,0.5,0.0,0.0,0.0,0.0,0.75,0.0,0.0,0.25,0.0,0.0,0.0,0.25
WRD,0,4,0.0,0.0,0.0,0.0,0.0,0.0,1.0,0.0,0.0,0.0,0.0,0.0,0.0,0.0,0.0,0.0,0.0,0.333333,0.0,0.0,0.0,0.0,0.333333,0.0,0.0,0.0,0.0,0.0,0.0,0.333333
QMA,0,0,0.333333,0.0,0.0,0.0,0.0,0.0,1.0,0.0,0.0,0.0,0.333333,0.333333,0.0,0.0,0.0,0.666667,0.333333,0.333333,0.0,0.0,0.0,0.0,1.0,0.0,0.0,0.0,0.333333,0.0,0.0,0.333333
TVTI,0,1,0.5,0.0,0.0,0.0,0.0,0.0,1.0,0.0,0.0,0.0,0.5,0.5,0.0,0.0,0.0,0.5,0.0,0.5,0.0,0.0,0.0,0.0,1.0,0.0,0.0,0.25,0.0,0.0,0.0,0.5
CWCIN,0,2,0.2,0.0,0.0,0.0,0.0,0.0,1.0,0.0,0.0,0.0,0.0,0.6,0.0,0.0,0.0,0.6,0.0,0.2,0.0,0.0,0.0,0.0,1.0,0.0,0.0,0.2,0.0,0.0,0.0,0.8
MASWHVKMKEKCH,0,3,0.153846,0.0,0.0,0.0,0.0,0.0,0.923077,0.0,0.0,0.0,0.307692,0.153846,0.0,0.0,0.083333,0.384615,0.153846,0.153846,0.0,0.0,0.0,0.0,0.923077,0.0,0.0,0.0,0.0,0.0,0.0,0.384615
VNYWWAK,0,4,0.285714,0.0,0.0,0.0,0.0,0.0,1.0,0.0,0.0,0.0,0.285714,0.142857,0.0,0.0,0.0,0.285714,0.0,0.285714,0.0,0.0,0.0,0.0,0.857143,0.0,0.0,0.0,0.0,0.0,0.0,0.428571
IRKKAGC,0,0,0.428571,0.0,0.0,0.0,0.0,0.0,1.0,0.0,0.0,0.0,0.285714,0.142857,0.0,0.0,0.0,0.428571,0.0,0.0,0.0,0.0,0.0,0.0,1.0,0.0,0.0,0.142857,0.0,0.0,0.0,0.285714
CQKGM,0,1,0.2,0.0,0.0,0.0,0.0,0.0,1.0,0.0,0.0,0.0,0.2,0.4,0.0,0.0,0.0,0.4,0.2,0.2,0.0,0.0,0.0,0.0,1.0,0.0,0.0,0.0,0.2,0.0,0.0,0.4
CIRAP,0,2,0.6,0.0,0.0,0.0,0.0,0.2,1.0,0.0,0.0,0.0,0.4,0.2,0.0,0.0,0.0,0.6,0.0,0.0,0.0,0.0,0.0,0.0,1.0,0.0,0.0,0.2,0.0,0.0,0.0,0.4
ICCMLSS,0,3,0.285714,0.142857,0.0,0.0,0.0,0.0,1.0,0.0,0.0,0.0,0.285714,0.571429,0.0,0.0,0.0,0.714286,0.142857,0.285714,0.0,0.0,0.0,0.0,1.0,0.0,0.0,0.142857,0.0,0.0,0.0,0.714286
KTF,0,4,0.0,0.0,0.0,0.0,0.0,0.0,0.666667,0.0,0.0,0.0,0.333333,0.333333,0.0,0.0,0.0,0.333333,0.0,0.333333,0.0,0.0,0.0,0.0,1.0,0.0,0.0,0.0,0.0,0.0,0.0,0.333333
MNNFVHMWFDTP,0,0,0.166667,0.0,0.0,0.0,0.0,0.083333,1.0,0.0,0.0,0.0,0.25,0.25,0.0,0.0,0.0,0.416667,0.166667,0.333333,0.0,0.0,0.0,0.0,1.0,0.166667,0.0,0.0,0.0,0.0,0.0,0.5
WIRSINYETVFA,0,1,0.333333,0.0,0.0,0.0,0.090909,0.0,1.0,0.0,0.0,0.0,0.333333,0.25,0.0,0.0,0.0,0.416667,0.0,0.416667,0.0,0.0,0.0,0.0,1.0,0.0,0.0,0.166667,0.0,0.0,0.0,0.416667
IVSSSTERCKWNY,0,2,0.153846,0.0,0.0,0.0,0.0,0.0,0.923077,0.0,0.0,0.0,0.384615,0.461538,0.0,0.0,0.0,0.230769,0.0,0.538462,0.0,0.0,0.0,0.0,1.0,0.0,0.1,0.076923,0.0,0.0,0.0,0.307692
SSWFEITV,0,3,0.25,0.0,0.0,0.0,0.0,0.0,1.0,0.0,0.0,0.0,0.375,0.375,0.0,0.0,0.0,0.375,0.0,0.5,0.0,0.0,0.0,0.0,1.0,0.0,0.0,0.125,0.0,0.0,0.0,0.5
VNN,0,4,0.333333,0.0,0.0,0.0,0.0,0.0,1.0,0.0,0.0,0.0,0.0,0.666667,0.0,0.0,0.0,0.333333,0.0,0.666667,0.0,0.0,0.0,0.0,1.0,0.0,0.0,0.0,0.0,0.0,0.0,0.333333
MIEV,0,0,0.5,0.0,0.0,0.0,0.0,0.0,1.0,0.0,0.0,0.333333,0.0,0.0,0.0,0.0,0.0,0.75,0.25,0.25,0.0,0.0,0.0,0.0,1.0,0.0,0.0,0.25,0.0,0.0,0.0,0.75
WEFGEMMRNM,0,1,0.1,0.0,0.0,0.0,0.0,0.0,1.0,0.0,0.0,0.0,0.1,0.1,0.0,0.0,0.0,0.4,0.3,0.3,0.0,0.0,0.0,0.0,1.0,0.0,0.0,0.0,0.0,0.0,0.0,0.5
RNVV,0,2,0.5,0.0,0.0,0.0,0.0,0.0,1.0,0.0,0.0,0.0,0.0,0.25,0.0,0.0,0.0,0.5,0.0,0.25,0.0,0.0,0.0,0.0,1.0,0.0,0.0,0.0,0.0,0.0,0.0,0.5
HCTDNP,0,3,0.166667,0.0,0.0,0.0,0.0,0.166667,1.0,0.0,0.0,0.0,0.5,0.5,0.0,0.0,0.0,0.166667,0.0,0.5,0.0,0.0,0.0,0.0,1.0,0.0,0.333333,0.0,0.0,0.0,0.0,0.166667
TICRKT,0,4,0.166667,0.0,0.0,0.0,0.0,0.0,1.0,0.0,0.0,0.0,0.333333,0.5,0.0,0.0,0.0,0.333333,0.0,0.333333,0.0,0.0,0.0,0.0,1.0,0.0,0.0,0.166667,0.0,0.0,0.0,0.333333
YRVNRN,0,0,0.166667,0.0,0.0,0.0,0.0,0.0,1.0,0.0,0.0,0.0,0.166667,0.333333,0.0,0.0,0.0,0.166667,0.0,0.5,0.0,0.0,0.0,0.0,1.0,0.0,0.0,0.0,0.0,0.0,0.0,0.166667
NIDEWW,0,1,0.166667,0.0,0.0,0.0,0.0,0.0,0.666667,0.0,0.0,0.0,0.0,0.166667,0.0,0.0,0.0,0.166667,0.0,0.5,0.0,0.0,0.0,0.0,1.0,0.0,0.0,0.166667,0.0,0.0,0.0,0.5
DWGCVSQH,0,2,0.25,0.0,0.0,0.0,0.0,0.0,0.875,0.0,0.0,0.0,0.375,0.375,0.0,0.0,0.0,0.25,0.0,0.375,0.0,0.0,0.0,0.0,0.875,0.0,0.0,0.0,0.125,0.0,0.0,0.375
NDMFTQ,0,3,0.0,0.0,0.0,0.0,0.0,0.0,1.0,0.0,0.0,0.0,0.166667,0.5,0.0,0.0,0.0,0.333333,0.166667,0.666667,0.0,0.0,0.0,0.0,1.0,0.0,0.0,0.0,0.166667,0.0,0.0,0.333333
TND,0,4,0.0,0.0,0.0,0.0,0.0,0.0,1.0,0.0,0.0,0.0,0.333333,0.666667,0.0,0.0,0.0,0.0,0.0,1.0,0.0,0.0,0.0,0.0,0.666667,0.0,0.0,0.0,0.0,0.0,0.0,0.0
WQTTQSA,0,0,0.142857,0.0,0.0,0.0,0.0,0.0,1.0,0.0,0.0,0.0,0.571429,0.714286,0.0,0.0,0.0,0.142857,0.0,0.714286,0.0,0.0,0.0,0.0,1.0,0.0,0.0,0.0,0.285714,0.0,0.0,0.142857
WTIENMCG,0,1,0.25,0.0,0.0,0.0,0.0,0.0,1.0,0.0,0.0,0.0,0.25,0.375,0.0,0.0,0.0,0.375,0.125,0.375,0.0,0.0,0.0,0.0,1.0,0.0,0.0,0.125,0.0,0.0,0.0,0.5
CTLFHESMCNCER,0,2,0.076923,0.076923,0.0,0.0,0.0,0.0,1.0,0.0,0.0,0.0,0.230769,0.461538,0.0,0.0,0.0,0.461538,0.076923,0.384615,0.0,0.0,0.0,0.0,0.846154,0.142857,0.0,0.0,0.0,0.0,0.0,0.461538
TCTMKGRMK,0,3,0.111111,0.0,0.0,0.0,0.0,0.0,1.0,0.0,0.0,0.0,0.333333,0.333333,0.0,0.0,0.0,0.333333,0.222222,0.222222,0.0,0.0,0.0,0.0,0.888889,0.0,0.0,0.0,0.0,0.0,0.0,0.333333
NDIKTAF,0,4,0.285714,0.0,0.0,0.0,0.0,0.0,0.857143,0.0,0.0,0.0,0.285714,0.285714,0.0,0.0,0.0,0.428571,0.0,0.428571,0.0,0.0,0.0,0.0,1.0,0.0,0.0,0.142857,0.0,0.0,0.0,0.285714
CHQCS,0,0,0.0,0.0,0.0,0.0,0.0,0.0,1.0,0.0,0.0,0.0,0.4,0.8,0.0,0.0,0.0,0.4,0.0,0.4,0.0,0.0,0.0,0.333333,1.0,0.0,0.0,0.0,0.2,0.0,0.0,0.4
MTVIAS,0,1,0.5,0.0,0.0,0.0,0.0,0.0,1.0,0.0,0.0,0.0,0.5,0.333333,0.0,0.0,0.0,0.666667,0.166667,0.333333,0.0,0.0,0.0,0.0,1.0,0.0,0.0,0.166667,0.0,0.0,0.0,0.5
ICLIAIFN,0,2,0.625,0.125,0.0,0.0,0.0,0.0,1.0,0.0,0.0,0.0,0.125,0.25,0.0,0.0,0.0,0.875,0.0,0.125,0.0,0.0,0.0,0.0,1.0,0.0,0.0,0.375,0.0,0.0,0.0,0.75
QDAFCFIARRL,0,3,0.363636,0.090909,0.0,0.0,0.0,0.0,1.0,0.0,0.0,0.0,0.181818,0.181818,0.0,0.0,0.0,0.636364,0.0,0.181818,0.0,0.0,0.0,0.0,1.0,0.0,0.0,0.090909,0.090909,0.0,0.0,0.454545
QFI,0,4,0.333333,0.0,0.0,0.0,0.0,0.0,1.0,0.0,0.0,0.0,0.0,0.333333,0.0,0.0,0.0,0.666667,0.0,0.333333,0.0,0.0,0.0,0.0,1.0,0.0,0.0,0.333333,0.333333,0.0,0.0,0.666667
WWGCYDFNV,0,0,0.222222,0.0,0.0,0.0,0.0,0.0,1.0,0.0,0.0,0.0,0.222222,0.222222,0.0,0.0,0.0,0.333333,0.0,0.333333,0.0,0.0,0.0,0.0,1.0,0.0,0.0,0.0,0.0,0.0,0.0,0.555556
DFIN,0,1,0.25,0.0,0.0,0.0,0.0,0.0,1.0,0.0,0.0,0.0,0.0,0.25,0.0,0.0,0.0,0.5,0.0,0.5,0.0,0.0,0.0,0.0,1.0,0.0,0.0,0.25,0.0,0.0,0.0,0.5
IHICCR,0,2,0.333333,0.0,0.0,0.0,0.0,0.0,1.0,0.0,0.0,0.0,0.166667,0.333333,0.0,0.0,0.0,0.666667,0.0,0.0,0.0,0.0,0.0,0.25,0.833333,0.0,0.0,0.333333,0.0,0.0,0.0,0.666667
NFLDD,0,3,0.2,0.2,0.0,0.0,0.0,0.0,1.0,0.0,0.0,0.0,0.0,0.2,0.0,0.0,0.0,0.4,0.0,0.6,0.0,0.0,0.0,0.0,0.6,0.0,0.0,0.0,0.0,0.0,0.0,0.4
YDM,0,4,0.0,0.0,0.0,0.0,0.0,0.0,1.0,0.0,0.0,0.0,0.333333,0.0,0.0,0.0,0.0,0.333333,0.333333,0.666667,0.0,0.0,0.0,0.0,1.0,0.0,0.0,0.0,0.0,0.0,0.0,0.333333
YMNAVGW,0,0,0.428571,0.0,0.0,0.0,0.0,0.0,0.857143,0.0,0.0,0.0,0.428571,0.142857,0.0,0.0,0.0,0.428571,0.142857,0.285714,0.0,0.0,0.0,0.0,1.0,0.0,0.0,0.0,0.0,0.0,0.0,0.428571
TVMF,0,1,0.25,0.0,0.0,0.0,0.0,0.0,0.75,0.0,0.0,0.0,0.25,0.25,0.0,0.0,0.0,0.75,0.25,0.25,0.0,0.0,0.0,0.0,1.0,0.0,0.0,0.0,0.0,0.0,0.0,0.75
NRI,0,2,0.333333,0.0,0.0,0.0,0.0,0.0,1.0,0.0,0.0,0.0,0.0,0.333333,0.0,0.0,0.0,0.333333,0.0,0.333333,0.0,0.0,0.0,0.0,1.0,0.0,0.0,0.333333,0.0,0.0,0.0,0.333333
ILNC,0,3,0.5,0.25,0.0,0.0,0.0,0.0,1.0,0.0,0.0,0.0,0.0,0.5,0.0,0.0,0.0,0.75,0.0,0.25,0.0,0.0,0.0,0.0,1.0,0.0,0.0,0.25,0.0,0.0,0.0,0.75
LVWIFWMM,0,4,0.375,0.125,0.0,0.0,0.0,0.0,1.0,0.0,0.0,0.0,0.0,0.0,0.0,0.0,0.0,0.75,0.25,0.0,0.0,0.0,0.0,0.0,1.0,0.0,0.0,0.125,0.0,0.0,0.0,1.0
KSN,0,0,0.0,0.0,0.0,0.0,0.0,0.0,1.0,0.0,0.0,0.0,0.333333,0.666667,0.0,0.0,0.0,0.0,0.0,0.666667,0.0,0.0,0.0,0.0,1.0,0.0,0.0,0.0,0.0,0.0,0.0,0.0
DNACHCKQFWP,0,1,0.181818,0.0,0.0,0.0,0.0,0.090909,1.0,0.0,0.0,0.0,0.272727,0.363636,0.0,0.0,0.0,0.363636,0.0,0.272727,0.0,0.0,0.0,0.0,1.0,0.0,0.0,0.0,0.090909,0.0,0.0,0.363636
FRC,0,2,0.0,0.0,0.0,0.0,0.0,0.0,1.0,0.0,0.0,0.0,0.0,0.333333,0.0,0.0,0.0,0.666667,0.0,0.0,0.0,0.0,0.0,0.0,1.0,0.0,0.0,0.0,0.0,0.0,0.0,0.666667
TGTCYQG,0,3,0.285714,0.0,0.0,0.0,0.0,0.0,1.0,0.0,0.0,0.0,0.714286,0.571429,0.0,0.0,0.0,0.142857,0.0,0.571429,0.0,0.0,0.0,0.0,1.0,0.0,0.0,0.0,0.142857,0.0,0.0,0.142857
ATIQWQWNNQ,0,4,0.2,0.0,0.0,0.0,0.0,0.0,1.0,0.0,0.0,0.0,0.2,0.6,0.0,0.0,0.0,0.2,0.0,0.6,0.0,0.0,0.0,0.0,1.0,0.25,0.0,0.1,0.3,0.0,0.0,0.3
WIEIRN,0,0,0.333333,0.0,0.0,0.0,0.0,0.0,1.0,0.0,0.0,0.0,0.0,0.166667,0.0,0.0,0.0,0.333333,0.0,0.333333,0.0,0.0,0.0,0.0,1.0,0.0,0.0,0.333333,0.0,0.0,0.0,0.5
RS,0,1,0.0,0.0,0.0,0.0,1.0,0.0,1.0,0.0,0.0,0.0,0.5,0.5,0.0,0.0,0.0,0.0,0.0,0.5,0.0,0.0,0.0,0.0,1.0,0.0,0.0,0.0,0.0,0.0,0.0,0.0
TKW,0,2,0.0,0.0,0.0,0.0,0.0,0.0,0.666667,0.0,0.0,0.0,0.333333,0.333333,0.0,0.0,0.0,0.0,0.0,0.333333,0.0,0.0,0.0,0.0,1.0,0.0,0.0,0.0,0.0,0.0,0.0,0.333333
YRM,0,3,0.0,0.0,0.0,0.0,0.0,0.0,1.0,0.0,0.0,0.0,0.333333,0.0,0.0,0.0,0.0,0.333333,0.333333,0.333333,0.0,0.0,0.0,0.0,1.0,0.0,0.0,0.0,0.0,0.0,0.0,0.333333
FFN,0,4,0.0,0.0,0.0,0.0,0.0,0.0,1.0,0.0,0.0,0.0,0.0,0.333333,0.0,0.0,0.0,0.666667,0.0,0.333333,0.0,0.0,0.0,0.0,1.0,0.0,0.0,0.0,0.0,0.0,0.0,0.666667
MID,0,0,0.333333,0.0,0.0,0.0,0.0,0.0,1.0,0.0,0.0,0.5,0.0,0.0,0.0,0.0,0.0,0.666667,0.333333,0.333333,0.0,0.0,0.0,0.0,0.666667,0.0,0.0,0.333333,0.0,0.0,0.0,0.666667
MNP,0,1,0.333333,0.0,0.0,0.0,0.0,0.333333,1.0,0.0,0.0,0.0,0.333333,0.333333,0.0,0.0,0.0,0.333333,0.333333,0.333333,0.0,0.0,0.0,0.0,1.0,0.0,0.0,0.0,0.0,0.0,0.0,0.333333
YFWCLQMLA,0,2,0.333333,0.222222,0.0,0.0,0.0,0.0,1.0,0.0,0.0,0.0,0.222222,0.222222,0.0,0.0,0.0,0.666667,0.111111,0.222222,0.0,0.0,0.0,0.0,1.0,0.0,0.0,0.0,0.111111,0.0,0.0,0.666667
YEMTFT,0,3,0.0,0.0,0.0,0.0,0.0,0.0,1.0,0.0,0.0,0.0,0.5,0.333333,0.0,0.0,0.0,0.333333,0.166667,0.666667,0.0,0.0,0.0,0.0,1.0,0.0,0.0,0.0,0.0,0.0,0.0,0.333333
SDTWDVIRAYPRNR,0,4,0.285714,0.0,0.0,0.0,0.0,0.071429,1.0,0.0,0.0,0.0,0.357143,0.214286,0.0,0.0,0.0,0.214286,0.0,0.428571,0.0,0.0,0.0,0.0,0.928571,0.125,0.0,0.071429,0.0,0.0,0.0,0.214286
FFT,0,0,0.0,0.0,0.0,0.0,0.0,0.0,1.0,0.0,0.0,0.0,0.333333,0.333333,0.0,0.0,0.0,0.666667,0.0,0.333333,0.0,0.0,0.0,0.0,1.0,0.0,0.0,0.0,0.0,0.0,0.0,0.666667
RVMWAEKYI,0,1,0.333333,0.0,0.0,0.0,0.0,0.0,1.0,0.0,0.0,0.0,0.222222,0.0,0.0,0.0,0.0,0.444444,0.111111,0.222222,0.0,0.0,0.0,0.0,1.0,0.0,0.0,0.111111,0.0,0.0,0.0,0.444444
QVECTY,0,2,0.166667,0.0,0.0,0.0,0.0,0.0,0.833333,0.0,0.0,0.0,0.333333,0.5,0.0,0.0,0.0,0.333333,0.0,0.666667,0.0,0.0,0.0,0.0,1.0,0.0,0.0,0.0,0.166667,0.0,0.0,0.333333
GGMHCNTWEPT,0,3,0.272727,0.0,0.0,0.0,0.0,0.090909,1.0,0.0,0.0,0.0,0.545455,0.363636,0.142857,0.0,0.0,0.181818,0.090909,0.363636,0.0,0.0,0.0,0.0,1.0,0.0,0.0,0.0,0.0,0.0,0.0,0.272727
CGTMF,0,4,0.2,0.0,0.0,0.0,0.0,0.0,0.8,0.0,0.0,0.0,0.4,0.4,0.0,0.0,0.0,0.6,0.2,0.2,0.0,0.0,0.0,0.0,1.0,0.0,0.0,0.0,0.0,0.0,0.0,0.6
HNFW,0,0,0.0,0.0,0.0,0.0,0.0,0.0,0.5,0.0,0.0,0.0,0.25,0.25,0.0,0.0,0.0,0.25,0.0,0.25,0.0,0.0,0.0,0.0,1.0,0.0,0.0,0.0,0.0,0.0,0.0,0.5
KYCFEYCTLDKSQ,0,1,0.076923,0.076923,0.0,0.0,0.0,0.0,1.0,0.0,0.0,0.0,0.307692,0.384615,0.0,0.166667,0.0,0.307692,0.0,0.538462,0.0,0.0,0.0,0.0,1.0,0.0,0.0,0.0,0.076923,0.0,0.0,0.307692
